"Module","Pages","MasterEntryPages","TransactionEntryPages","ListReportPages","DynamicActions","Processes","ExplicitCommits","ExplicitRollbacks","ExplicitDML","Tabs"
"Asset Management","20","1","6","10","170","58","8","0","39","6"
"Cross-module / Other","202","0","68","65","1133","450","73","3","289","30"
"Finance & Accounts","87","9","36","21","719","246","65","1","164","14"
"Freight / Logistics","15","3","2","7","167","52","16","2","65","3"
"General Masters / Setup","85","53","8","19","692","384","90","0","103","10"
"Hire to Retire / HR & Payroll","70","8","24","21","509","220","29","0","83","9"
"Inventory Control","16","0","5","4","81","40","4","0","29","1"
"Job & Services","9","1","3","4","162","55","20","0","79","3"
"Order to Cash / Sales","45","0","12","21","523","170","41","3","265","9"
"Procure to Pay / Purchase","55","0","18","23","693","243","46","4","373","12"
"Reports / MIS / Dashboard","18","0","0","18","16","7","0","0","0","0"
"Visitor Management","3","0","2","0","31","16","6","0","6","2"
