"TABLE_NAME","CONSTRAINT_NAME","CONSTRAINT_TYPE","POSITION","COLUMN_NAME","R_CONSTRAINT_NAME","REFERENCED_TABLE","REFERENCED_COLUMN","STATUS"
"CCINVOICE","CCINVOICE_UQ1","U",1,"TNO","","","","ENABLED"
"CCINVOICE","CCINVOICE_UQ2","U",1,"COMPANYCODE","","","","ENABLED"
"CCINVOICE","CCINVOICE_UQ2","U",2,"FINANCIALYEARCODE","","","","ENABLED"
"CCINVOICE","CCINVOICE_UQ2","U",3,"CCINVOICENO","","","","ENABLED"
"COMPANYVEHICLE","COMPANYVEHICLE_PK","P",1,"TNO","","","","ENABLED"
"COMPANYVEHICLE","COMPANYVEHICLE_UQ02","U",1,"COMPANYVEHICLENO","","","","ENABLED"
"COMPANYVEHICLE","COMPANYVEHICLE_UQ03","U",1,"COMPANYVEHICLECODE","","","","ENABLED"
"COMPANYVEHICLE","COMPANYVEHICLE_UQ04","U",1,"COMPANYVEHICLENAME","","","","ENABLED"
"COSTCENTRE","COSTCENTRECODE_PK","P",1,"TNO","","","","ENABLED"
"COSTCENTRE","COSTCENTRECODE_UQ1","U",1,"COSTCENTRENAME","","","","ENABLED"
"COSTCENTRE","COSTCENTRECODE_UQ2","U",1,"COSTCENTRECODE","","","","ENABLED"
"DESPATCHADVICE","DESPATCHADVICE_PK","P",1,"TNO","","","","ENABLED"
"DESPATCHADVICE","DESPATCHADVICE_UQ01","U",1,"DESPATCHADVICENO","","","","ENABLED"
"DESPATCHADVICEDETAIL","DESPATCHADVICEDETAIL_UQ1","U",1,"TNO","","","","ENABLED"
"DESPATCHADVICEDETAIL","DESPATCHADVICEDETAIL_UQ1","U",2,"SNO","","","","ENABLED"
"DESPATCHADVICEDETAIL","DESPATCHADVICEDETAIL_UQ2","U",1,"TNO","","","","ENABLED"
"DESPATCHADVICEDETAIL","DESPATCHADVICEDETAIL_UQ2","U",2,"ITEMCODE","","","","ENABLED"
"DESPATCHADVICEDETAIL","DESPATCHADVICEDETAIL_UQ2","U",3,"ITEMSPECIFICATIONCODE","","","","ENABLED"
"EMPLOYEE","EMPLOYEE_PK","P",1,"TNO","","","","ENABLED"
"EMPLOYEE","EMPLOYEE_UQ01","U",1,"EMPLOYEECODE","","","","ENABLED"
"GRN","GRN_UQ1","U",1,"TNO","","","","ENABLED"
"GRNDETAIL","GRNDETAIL_UQ2","U",1,"TNO","","","","ENABLED"
"GRNDETAIL","GRNDETAIL_UQ2","U",2,"ITEMCODE","","","","ENABLED"
"GRNDETAIL","GRNDETAIL_UQ2","U",3,"ITEMSPECIFICATIONCODE","","","","ENABLED"
"ITEM","ITEM_PK","P",1,"TNO","","","","ENABLED"
"ITEM","ITEM_UQ01","U",1,"ITEMCODE","","","","ENABLED"
"ITEM","ITEM_UQ02","U",1,"ITEMNAME","","","","ENABLED"
"ITEMTYPE","ITEMTYPE_PK","P",1,"TNO","","","","ENABLED"
"ITEMTYPE","ITEMTYPE_UQ1","U",1,"ITEMTYPECODE","","","","ENABLED"
"ITEMTYPE","ITEMTYPE_UQ2","U",1,"ITEMTYPENAME","","","","ENABLED"
"ITEMTYPE","ITEMTYPE_UQ3","U",1,"ITEMTYPESHORTNAME","","","","ENABLED"
"LOADINGADVICE","LOADINGADVICE_PK","P",1,"TNO","","","","ENABLED"
"LOADINGADVICE","LOADINGADVICE_U1","U",1,"COMPANYCODE","","","","ENABLED"
"LOADINGADVICE","LOADINGADVICE_U1","U",2,"FINANCIALYEARCODE","","","","ENABLED"
"LOADINGADVICE","LOADINGADVICE_U1","U",3,"LOADINGADVICENO","","","","ENABLED"
"LOADINGADVICEDETAIL","LOADINGADVICEDETAIL_PK","P",1,"TNO","","","","ENABLED"
"LOADINGADVICEDETAIL","LOADINGADVICEDETAIL_PK","P",2,"SNO","","","","ENABLED"
"LOCATION","LOCATION_PK","P",1,"LOCATIONCODE","","","","ENABLED"
"LOCATION","LOCATION_UQ1","U",1,"LOCATIONNAME","","","","ENABLED"
"LOCATION","LOCATION_UQ2","U",1,"LOCATIONSHORTNAME","","","","ENABLED"
"MATERIALIN","MATERIALIN_PK","P",1,"TNO","","","","ENABLED"
"MATERIALINDETAIL","MATERIALINDETAIL_PK","P",1,"TNO","","","","ENABLED"
"MATERIALINDETAIL","MATERIALINDETAIL_PK","P",2,"SNO","","","","ENABLED"
"MATERIALINDETAIL","MATERIALINDETAIL_UQ1","U",1,"TNO","","","","ENABLED"
"MATERIALINDETAIL","MATERIALINDETAIL_UQ1","U",2,"ITEMCODE","","","","ENABLED"
"MATERIALINDETAIL","MATERIALINDETAIL_UQ1","U",3,"ITEMSPECIFICATIONCODE","","","","ENABLED"
"MEASURINGUNIT","MEASURINGUNIT_PK","P",1,"TNO","","","","ENABLED"
"MEASURINGUNIT","MEASURINGUNIT_UQ1","U",1,"MEASURINGUNITCODE","","","","ENABLED"
"MEASURINGUNIT","MEASURINGUNIT_UQ2","U",1,"MEASURINGUNITNAME","","","","ENABLED"
"PARTY","PARTY_PK","P",1,"PARTYCODE","","","","ENABLED"
"PARTY","PARTY_UQ01","U",1,"TNO","","","","ENABLED"
"PARTY","PARTY_UQ02","U",1,"SCHEDULENO","","","","ENABLED"
"PARTY","PARTY_UQ03","U",1,"PARTYSHORTNAME","","","","ENABLED"
"PURCHASEBILLDETAIL","PURCHASEBILLDETAIL","P",1,"TNO","","","","ENABLED"
"PURCHASEBILLDETAIL","PURCHASEBILLDETAIL","P",2,"SNO","","","","ENABLED"
"PURCHASEBILLDETAIL","PURCHASEBILLDETAIL_UQ1","U",1,"TNO","","","","ENABLED"
"PURCHASEBILLDETAIL","PURCHASEBILLDETAIL_UQ1","U",2,"PURCHASEORDERTNO","","","","ENABLED"
"PURCHASEBILLDETAIL","PURCHASEBILLDETAIL_UQ1","U",3,"ITEMCODE","","","","ENABLED"
"PURCHASEBILLDETAIL","PURCHASEBILLDETAIL_UQ1","U",4,"ITEMSPECIFICATIONCODE","","","","ENABLED"
"PURCHASEORDER","PURCHASEORDER_PK","P",1,"TNO","","","","ENABLED"
"PURCHASEORDER","PURCHASEORDER_UQ01","U",1,"PURCHASEORDERNO","","","","ENABLED"
"PURCHASEORDERDETAIL","PURCHASEORDERDETAIL_PK","P",1,"TNO","","","","ENABLED"
"PURCHASEORDERDETAIL","PURCHASEORDERDETAIL_PK","P",2,"SNO","","","","ENABLED"
"PURCHASEORDERDETAIL","PURCHASEORDERDETAIL_UQ1","U",1,"TNO","","","","ENABLED"
"PURCHASEORDERDETAIL","PURCHASEORDERDETAIL_UQ1","U",2,"ITEMCODE","","","","ENABLED"
"PURCHASEORDERDETAIL","PURCHASEORDERDETAIL_UQ1","U",3,"ITEMSPECIFICATIONCODE","","","","ENABLED"
"SALESORDER","SALESORDER_PK","P",1,"TNO","","","","ENABLED"
"SALESORDER","SALESORDER_UQ01","U",1,"SALESORDERNO","","","","ENABLED"
"SALESORDERDETAIL","SALESORDERDETAIL_UQ1","U",1,"TNO","","","","ENABLED"
"SALESORDERDETAIL","SALESORDERDETAIL_UQ1","U",2,"ITEMCODE","","","","ENABLED"
"SALESORDERDETAIL","SALESORDERDETAIL_UQ1","U",3,"ITEMSPECIFICATIONCODE","","","","ENABLED"
"STORAGELOCATION","STORAGELOCATION_PK","P",1,"STORAGELOCATIONCODE","","","","ENABLED"
"STORAGELOCATION","STORAGELOCATION_UQ1","U",1,"STORAGELOCATIONNAME","","","","ENABLED"
"STORAGELOCATION","STORAGELOCATION_UQ2","U",1,"STORAGELOCATIONSHORTNAME","","","","ENABLED"
"VENDOR","VENDOR_PK","P",1,"TNO","","","","ENABLED"
"VENDOR","VENDOR_U1","U",1,"VENDORCODE","","","","ENABLED"
"VOUCHER","VOUCHER_UQ1","U",1,"TNO","","","","ENABLED"
"VOUCHERDETAIL","VOUCHERDETAIL_FK02","R",1,"TNO","VOUCHER_UQ1","VOUCHER","TNO","ENABLED"
