"TABLE_NAME","INDEX_NAME","UNIQUENESS","COLUMN_POSITION","COLUMN_NAME"
"CCINVOICE","CCINVOICEINDEX01","NONUNIQUE",1,"LOCATIONCODE"
"CCINVOICE","CCINVOICE_IN1","UNIQUE",1,"CCINVOICEDATE"
"CCINVOICE","CCINVOICE_IN1","UNIQUE",2,"CCINVOICENO"
"CCINVOICE","CCINVOICE_IN1","UNIQUE",3,"LOCATIONCODE"
"CCINVOICE","CCINVOICE_IN1","UNIQUE",4,"DOCTYPECODE"
"CCINVOICE","CCINVOICE_UQ1","UNIQUE",1,"TNO"
"CCINVOICE","CCINVOICE_UQ2","UNIQUE",1,"COMPANYCODE"
"CCINVOICE","CCINVOICE_UQ2","UNIQUE",2,"FINANCIALYEARCODE"
"CCINVOICE","CCINVOICE_UQ2","UNIQUE",3,"CCINVOICENO"
"CCINVOICE","IDX_CI_SO_TNO","NONUNIQUE",1,"SALESORDERTNO"
"CCINVOICE","IDX_CI_SO_TNO","NONUNIQUE",2,"TNO"
"CCINVOICE","IDX_SLC_CI_LA_SO","NONUNIQUE",1,"LOADINGADVICETNO"
"CCINVOICE","IDX_SLC_CI_LA_SO","NONUNIQUE",2,"SALESORDERTNO"
"CCINVOICEDETAIL","IDX_CID_TNO_ITEM","NONUNIQUE",1,"TNO"
"CCINVOICEDETAIL","IDX_CID_TNO_ITEM","NONUNIQUE",2,"ITEMCODE"
"CCINVOICEDETAIL","IDX_CID_TNO_ITEM","NONUNIQUE",3,"ITEMSPECIFICATIONCODE"
"CCINVOICEDETAIL","IDX_CID_TNO_ITEM","NONUNIQUE",4,"SNO"
"COMPANYVEHICLE","COMPANYVEHICLE_PK","UNIQUE",1,"TNO"
"COMPANYVEHICLE","COMPANYVEHICLE_UQ02","UNIQUE",1,"COMPANYVEHICLENO"
"COMPANYVEHICLE","COMPANYVEHICLE_UQ03","UNIQUE",1,"COMPANYVEHICLECODE"
"COMPANYVEHICLE","COMPANYVEHICLE_UQ04","UNIQUE",1,"COMPANYVEHICLENAME"
"DESPATCHADVICE","DESPATCHADVICE_PK","UNIQUE",1,"TNO"
"DESPATCHADVICE","DESPATCHADVICE_UQ01","UNIQUE",1,"DESPATCHADVICENO"
"DESPATCHADVICEDETAIL","DESPATCHADVICEDETAIL_UQ1","UNIQUE",1,"TNO"
"DESPATCHADVICEDETAIL","DESPATCHADVICEDETAIL_UQ1","UNIQUE",2,"SNO"
"DESPATCHADVICEDETAIL","DESPATCHADVICEDETAIL_UQ2","UNIQUE",1,"TNO"
"DESPATCHADVICEDETAIL","DESPATCHADVICEDETAIL_UQ2","UNIQUE",2,"ITEMCODE"
"DESPATCHADVICEDETAIL","DESPATCHADVICEDETAIL_UQ2","UNIQUE",3,"ITEMSPECIFICATIONCODE"
"EMPLOYEE","EMPLOYEE_PK","UNIQUE",1,"TNO"
"EMPLOYEE","EMPLOYEE_UQ01","UNIQUE",1,"EMPLOYEECODE"
"GRN","GRNINDEX01","NONUNIQUE",1,"GRNDATE"
"GRN","GRNINDEX01","NONUNIQUE",2,"GRNNO"
"GRN","GRNINDEX02","NONUNIQUE",1,"COMPANYCODE"
"GRN","GRNINDEX03","NONUNIQUE",1,"FINANCIALYEARCODE"
"GRN","GRNINDEX04","NONUNIQUE",1,"LOCATIONCODE"
"GRN","GRNINDEX05","NONUNIQUE",1,"DOCTYPECODE"
"GRN","GRNINDEX07","NONUNIQUE",1,"MATERIALINTNO"
"GRN","GRNINDEX08","NONUNIQUE",1,"MODULECODE"
"GRN","GRN_UQ1","UNIQUE",1,"TNO"
"GRN","IDX$$_A2260002","NONUNIQUE",1,"MODULETNO"
"GRN","IDX_SLC_GRN_LA_PO","NONUNIQUE",1,"LOADINGADVICETNO"
"GRN","IDX_SLC_GRN_LA_PO","NONUNIQUE",2,"PURCHASEORDERTNO"
"GRNDETAIL","GRNDETAILINDEX01","NONUNIQUE",1,"PURCHASEORDERTNO"
"GRNDETAIL","GRNDETAILINDEX01","NONUNIQUE",2,"ITEMCODE"
"GRNDETAIL","GRNDETAILINDEX01","NONUNIQUE",3,"ITEMSPECIFICATIONCODE"
"GRNDETAIL","GRNDETAILINDEX04","NONUNIQUE",1,"TNO"
"GRNDETAIL","GRNDETAILINDEX05","NONUNIQUE",1,"ITEMCODE"
"GRNDETAIL","GRNDETAILINDEX06","NONUNIQUE",1,"ITEMSPECIFICATIONCODE"
"GRNDETAIL","GRNDETAILINDEX07","NONUNIQUE",1,"SNO"
"GRNDETAIL","GRNDETAIL_UQ2","UNIQUE",1,"TNO"
"GRNDETAIL","GRNDETAIL_UQ2","UNIQUE",2,"ITEMCODE"
"GRNDETAIL","GRNDETAIL_UQ2","UNIQUE",3,"ITEMSPECIFICATIONCODE"
"GRNDETAIL","IDX$$_ADB50002","NONUNIQUE",1,"ITEMCODE"
"GRNDETAIL","IDX$$_ADB50002","NONUNIQUE",2,"ITEMSPECIFICATIONCODE"
"ITEM","ITEMINDEX01","NONUNIQUE",1,"PARENTCODE"
"ITEM","ITEMINDEX02","NONUNIQUE",1,"ITEMTYPE"
"ITEM","ITEMINDEX03","NONUNIQUE",1,"ITEMNAME"
"ITEM","ITEMINDEX04","NONUNIQUE",1,"ITEMNATURECODE"
"ITEM","ITEMINDEX05","NONUNIQUE",1,"ITEMCLASSCODE"
"ITEM","ITEMINDEX06","NONUNIQUE",1,"ITEMCATEGORYCODE"
"ITEM","ITEMINDEX07","NONUNIQUE",1,"LOCATIONCODE"
"ITEM","ITEM_PK","UNIQUE",1,"TNO"
"ITEM","ITEM_UQ03","UNIQUE",1,"ITEMCODE"
"ITEMTYPE","ITEMTYPE_PK","UNIQUE",1,"TNO"
"ITEMTYPE","ITEMTYPE_UQ1","UNIQUE",1,"ITEMTYPECODE"
"ITEMTYPE","ITEMTYPE_UQ2","UNIQUE",1,"ITEMTYPENAME"
"ITEMTYPE","ITEMTYPE_UQ3","UNIQUE",1,"ITEMTYPESHORTNAME"
"LOCATION","LOCATIONINDEX01","NONUNIQUE",1,"ISDIVISION"
"LOCATION","LOCATION_PK","UNIQUE",1,"LOCATIONCODE"
"LOCATION","LOCATION_UQ1","UNIQUE",1,"LOCATIONNAME"
"LOCATION","LOCATION_UQ2","UNIQUE",1,"LOCATIONSHORTNAME"
"PARTY","PARTYINDEX01","NONUNIQUE",1,"PARENTCODE"
"PARTY","PARTYINDEX02","NONUNIQUE",1,"PARTYNAME"
"PARTY","PARTYINDEX03","NONUNIQUE",1,"PARTYTYPECODE"
"PARTY","PARTYINDEX04","NONUNIQUE",1,"NATUREOFACCOUNTCODE"
"PARTY","PARTY_PK","UNIQUE",1,"PARTYCODE"
"PARTY","PARTY_UQ01","UNIQUE",1,"TNO"
"PARTY","PARTY_UQ02","UNIQUE",1,"SCHEDULENO"
"PARTY","PARTY_UQ03","UNIQUE",1,"PARTYSHORTNAME"
"PURCHASEBILLDETAIL","PURCHASEBILLDETAIL_UQ1","UNIQUE",1,"TNO"
"PURCHASEBILLDETAIL","PURCHASEBILLDETAIL_UQ1","UNIQUE",2,"PURCHASEORDERTNO"
"PURCHASEBILLDETAIL","PURCHASEBILLDETAIL_UQ1","UNIQUE",3,"ITEMCODE"
"PURCHASEBILLDETAIL","PURCHASEBILLDETAIL_UQ1","UNIQUE",4,"ITEMSPECIFICATIONCODE"
"PURCHASEBILLDETAIL","PURCHASEBILLDETAIL_UQ2","UNIQUE",1,"TNO"
"PURCHASEBILLDETAIL","PURCHASEBILLDETAIL_UQ2","UNIQUE",2,"SNO"
"PURCHASEORDER","PURCHASEORDER_PK","UNIQUE",1,"TNO"
"PURCHASEORDER","PURCHASEORDER_UQ01","UNIQUE",1,"PURCHASEORDERNO"
"PURCHASEORDERDETAIL","PURCHASEORDERDETAILINDEX01","NONUNIQUE",1,"ITEMSPECIFICATIONCODE"
"PURCHASEORDERDETAIL","PURCHASEORDERDETAILINDEX01","NONUNIQUE",2,"TNO"
"PURCHASEORDERDETAIL","PURCHASEORDERDETAILINDEX02","NONUNIQUE",1,"TNO"
"PURCHASEORDERDETAIL","PURCHASEORDERDETAIL_PK","UNIQUE",1,"TNO"
"PURCHASEORDERDETAIL","PURCHASEORDERDETAIL_PK","UNIQUE",2,"SNO"
"PURCHASEORDERDETAIL","PURCHASEORDERDETAIL_UQ1","UNIQUE",1,"TNO"
"PURCHASEORDERDETAIL","PURCHASEORDERDETAIL_UQ1","UNIQUE",2,"ITEMCODE"
"PURCHASEORDERDETAIL","PURCHASEORDERDETAIL_UQ1","UNIQUE",3,"ITEMSPECIFICATIONCODE"
"SALESORDER","IDX_SO_REVISION_STATUS","NONUNIQUE",1,"REVISIONSALESORDERTNO"
"SALESORDER","IDX_SO_REVISION_STATUS","NONUNIQUE",2,"TNO"
"SALESORDER","SALESORDER_PK","UNIQUE",1,"TNO"
"SALESORDER","SALESORDER_UQ01","UNIQUE",1,"SALESORDERNO"
"SALESORDERDETAIL","SALESORDERDETAIL_UQ1","UNIQUE",1,"TNO"
"SALESORDERDETAIL","SALESORDERDETAIL_UQ1","UNIQUE",2,"ITEMCODE"
"SALESORDERDETAIL","SALESORDERDETAIL_UQ1","UNIQUE",3,"ITEMSPECIFICATIONCODE"
"STOCK","IDX$$_00350001","NONUNIQUE",1,"ITEMSPECIFICATIONCODE"
"STOCK","IDX$$_00350001","NONUNIQUE",2,"ITEMCODE"
"STOCK","IDX$$_09610001","NONUNIQUE",1,"ITEMCODE"
"STOCK","IDX$$_09610001","NONUNIQUE",2,"ITEMSPECIFICATIONCODE"
"STOCK","IDX$$_A2270001","NONUNIQUE",1,"STOCKMODULECODE"
"STOCK","IDX$$_A2270001","NONUNIQUE",2,"STOCKDATE"
"STOCK","STOCKINDEX01","NONUNIQUE",1,"STOCKDATE"
"STOCK","STOCKINDEX01","NONUNIQUE",2,"ITEMCODE"
"STOCK","STOCKINDEX01","NONUNIQUE",3,"ITEMSPECIFICATIONCODE"
"STOCK","STOCKINDEX02","NONUNIQUE",1,"TNO"
"STOCK","STOCKINDEX03","NONUNIQUE",1,"COMPANYCODE"
"STOCK","STOCKINDEX04","NONUNIQUE",1,"LOCATIONCODE"
"STOCK","STOCKINDEX07","NONUNIQUE",1,"GRNTNO"
"STOCK","STOCKINDEX08","NONUNIQUE",1,"ITEMCODE"
"STOCK","STOCKINDEX09","NONUNIQUE",1,"ITEMSPECIFICATIONCODE"
"STOCK","STOCKINDEX10","NONUNIQUE",1,"STOCKMODULETNO"
"STOCK","STOCKINDEX11","NONUNIQUE",1,"INDENTTNO"
"STOCK","STOCKINDEX12","NONUNIQUE",1,"STOCKDATE"
"STOCKSTORAGEDETAIL","STOCKSTORAGEDETAIL_PK","UNIQUE",1,"TNO"
"STOCKSTORAGEDETAIL","STOCKSTORAGEDETAIL_PK","UNIQUE",2,"SNO"
"STORAGELOCATION","STORAGELOCATION_PK","UNIQUE",1,"STORAGELOCATIONCODE"
"STORAGELOCATION","STORAGELOCATION_UQ1","UNIQUE",1,"STORAGELOCATIONNAME"
"STORAGELOCATION","STORAGELOCATION_UQ2","UNIQUE",1,"STORAGELOCATIONSHORTNAME"
"VOUCHER","IDX$$_16F10001","NONUNIQUE",1,"VOUCHERDATE"
"VOUCHER","IDX$$_A1990002","NONUNIQUE",1,"MODULECODE"
"VOUCHER","IDX$$_A1990002","NONUNIQUE",2,"VOUCHERDATE"
"VOUCHER","IDX$$_ADB50001","NONUNIQUE",1,"DOCTYPECODE"
"VOUCHER","IDX$$_ADB50001","NONUNIQUE",2,"VOUCHERDATE"
"VOUCHER","VOUCHERINDEX01","NONUNIQUE",1,"VOUCHERDATE"
"VOUCHER","VOUCHERINDEX01","NONUNIQUE",2,"VOUCHERNO"
"VOUCHER","VOUCHERINDEX02","NONUNIQUE",1,"COMPANYCODE"
"VOUCHER","VOUCHERINDEX03","NONUNIQUE",1,"LOCATIONCODE"
"VOUCHER","VOUCHERINDEX04","NONUNIQUE",1,"MODULETNO"
"VOUCHER","VOUCHERINDEX05","NONUNIQUE",1,"MODULECODE"
"VOUCHER","VOUCHER_UQ1","UNIQUE",1,"TNO"
"WEIGHMENT","WEIGHMENTINDEX02","NONUNIQUE",1,"SYS_NC00038$"
"WEIGHMENT","WEIGHMENTINDEX03","NONUNIQUE",1,"TNO"
"WEIGHMENT","WEIGHMENTINDEX04","NONUNIQUE",1,"WEIGHMENTNO"
"WEIGHMENT","WEIGHMENTINDEX04","NONUNIQUE",2,"WEIGHMENTDATE"
"WEIGHMENT","WEIGHMENT_PK","UNIQUE",1,"COMPANYCODE"
"WEIGHMENT","WEIGHMENT_PK","UNIQUE",2,"FINANCIALYEARCODE"
"WEIGHMENT","WEIGHMENT_PK","UNIQUE",3,"LOCATIONCODE"
"WEIGHMENT","WEIGHMENT_PK","UNIQUE",4,"DOCTYPECODE"
"WEIGHMENT","WEIGHMENT_PK","UNIQUE",5,"WEIGHMENTNO"
