"TABLE_NAME","COLUMN_ID","COLUMN_NAME","DATA_TYPE","DATA_LENGTH","DATA_PRECISION","DATA_SCALE","NULLABLE"
"ASSET",1,"TNO","NUMBER",22,,,"N"
"ASSET",2,"COMPANYCODE","VARCHAR2",30,,,"Y"
"ASSET",3,"FINANCIALYEARCODE","VARCHAR2",30,,,"Y"
"ASSET",4,"LOCATIONCODE","VARCHAR2",30,,,"Y"
"ASSET",5,"DOCTYPECODE","VARCHAR2",30,,,"Y"
"ASSET",6,"ASSETDATE","DATE",7,,,"Y"
"ASSET",7,"ITEMCODE","VARCHAR2",30,,,"Y"
"ASSET",8,"ITEMSPECIFICATIONCODE","VARCHAR2",30,,,"Y"
"ASSET",9,"DESCRIPTION","VARCHAR2",1000,,,"Y"
"ASSET",10,"QUANTITY1","NUMBER",22,,,"Y"
"ASSET",11,"QUANTITY2","NUMBER",22,,,"Y"
"ASSET",12,"ASSETVALUE","NUMBER",22,,,"Y"
"ASSET",13,"CADEPRICIATEDVALUE","NUMBER",22,,,"Y"
"ASSET",14,"ITDEPRICIATEDVALUE","NUMBER",22,,,"Y"
"ASSET",15,"ASSETCOMPONENTSNO","NUMBER",22,,,"Y"
"ASSET",16,"REMARK","VARCHAR2",1000,,,"Y"
"ASSET",17,"WORKCENTRECODE","VARCHAR2",30,,,"Y"
"ASSET",18,"ASSETCODEPREFIX","VARCHAR2",30,,,"Y"
"ASSET",19,"ASSETCODESTARTNO","NUMBER",22,,,"Y"
"ASSET",20,"ASSETNO","VARCHAR2",100,,,"Y"
"ASSET",21,"ACCOUNTCODE","VARCHAR2",30,,,"Y"
"ASSET",22,"DEPRECIATEDAMOUNT","NUMBER",22,,,"Y"
"ASSET",23,"CREATOR","VARCHAR2",30,,,"Y"
"ASSET",24,"CREDITACCOUNTCODE","VARCHAR2",30,,,"Y"
"ASSET",25,"MODULECODE","VARCHAR2",30,,,"Y"
"ASSET",26,"MODULETNO","NUMBER",22,,,"Y"
"ASSET",27,"OPENINGREVISED","VARCHAR2",3,,,"Y"
"ASSET",28,"REMAININGUSEFULLIFEINMONTHS","NUMBER",22,,,"Y"
"ASSET",29,"RESIDUALVALUE","NUMBER",22,,,"Y"
"ASSET",30,"CREATIONTIME","DATE",7,,,"Y"
"ASSET",31,"EQUIPMENTTNO","NUMBER",22,,,"Y"
"ASSET",32,"ORIGINALPURCHASEDATE","DATE",7,,,"Y"
"ASSET",33,"COSTCENTRECODE","VARCHAR2",30,,,"Y"
"ASSET",34,"PHYSICALSTATUS","VARCHAR2",30,,,"Y"
"ASSET",35,"TAXCODE","VARCHAR2",30,,,"Y"
"ASSET",36,"DEACTIVATEDATE","DATE",7,,,"Y"
"ASSET",37,"DEACTIVATEMODULECODE","VARCHAR2",30,,,"Y"
"ASSET",38,"DEACTIVATEMODULETNO","NUMBER",22,,,"Y"
"ASSET",39,"READYTOUSE","VARCHAR2",3,,,"Y"
"ASSET",40,"ITCAVAILEDAMOUNT","NUMBER",22,,,"Y"
"ASSET",41,"ITCAVAILED","VARCHAR2",10,,,"Y"
"ASSET",42,"PURCHASEDATE","DATE",7,,,"Y"
"ASSET",43,"ASSETCATEGORYCODE","VARCHAR2",30,,,"Y"
"ASSET",44,"OLDCOSTCENTRECODE","VARCHAR2",30,,,"Y"
"ASSET",45,"NARRATION","VARCHAR2",500,,,"Y"
"ASSETCATEGORY",1,"TNO","NUMBER",22,,,"Y"
"ASSETCATEGORY",2,"ASSETCATEGORYCODE","VARCHAR2",30,,,"Y"
"ASSETCATEGORY",3,"ASSETCATEGORYNAME","VARCHAR2",500,,,"Y"
"ASSETCATEGORY",4,"PARENTCODE","VARCHAR2",30,,,"Y"
"ASSETCATEGORY",5,"REMARK","VARCHAR2",100,,,"Y"
"ASSETCATEGORY",6,"CREATOR","VARCHAR2",30,,,"Y"
"ASSETCATEGORY",7,"CREATIONTIME","DATE",7,,,"Y"
"ASSETTRANSFER",1,"TNO","NUMBER",22,,,"Y"
"ASSETTRANSFER",2,"COMPANYCODE","VARCHAR2",30,,,"Y"
"ASSETTRANSFER",3,"FINANCIALYEARCODE","VARCHAR2",30,,,"Y"
"ASSETTRANSFER",4,"LOCATIONCODE","VARCHAR2",30,,,"Y"
"ASSETTRANSFER",5,"DOCTYPECODE","VARCHAR2",30,,,"Y"
"ASSETTRANSFER",6,"ASSETTRANSFERNO","VARCHAR2",100,,,"Y"
"ASSETTRANSFER",7,"ASSETTRANSFERDATE","DATE",7,,,"Y"
"ASSETTRANSFER",8,"ITEMCODE","VARCHAR2",30,,,"Y"
"ASSETTRANSFER",9,"ITEMSPECIFICATIONCODE","VARCHAR2",30,,,"Y"
"ASSETTRANSFER",10,"DESCRIPTION","VARCHAR2",1000,,,"Y"
"ASSETTRANSFER",11,"QUANTITY1","NUMBER",22,,,"Y"
"ASSETTRANSFER",12,"QUANTITY2","NUMBER",22,,,"Y"
"ASSETTRANSFER",13,"REMARK","VARCHAR2",2000,,,"Y"
"ASSETTRANSFER",14,"CREATOR","VARCHAR2",30,,,"Y"
"ASSETTRANSFER",15,"WORKCENTRECODE","VARCHAR2",30,,,"Y"
"ASSETTRANSFER",16,"ACCOUNTCODE","VARCHAR2",30,,,"Y"
"ASSETTRANSFER",17,"ASSETCODEPREFIX","VARCHAR2",30,,,"Y"
"ASSETTRANSFER",18,"ASSETCODESTARTNO","NUMBER",22,,,"Y"
"ASSETTRANSFER",19,"ASSETVALUE","NUMBER",22,,,"Y"
"ASSETTRANSFER",20,"DEPRECIATEDAMOUNT","NUMBER",22,,,"Y"
"ASSETTRANSFER",21,"NETVALUE","NUMBER",22,,,"Y"
"ASSETTRANSFER",22,"CREATIONTIME","DATE",7,,,"Y"
"ASSETTRANSFERDETAIL",1,"TNO","NUMBER",22,,,"Y"
"ASSETTRANSFERDETAIL",2,"SNO","NUMBER",22,,,"Y"
"ASSETTRANSFERDETAIL",3,"ASSETCODE","VARCHAR2",100,,,"Y"
"ASSETTRANSFERDETAIL",4,"SERIALNO","NUMBER",22,,,"Y"
"ASSETTRANSFERDETAIL",5,"REMARK","VARCHAR2",100,,,"Y"
"ASSETTRANSFERDETAIL",6,"ASSETVALUE","NUMBER",22,,,"Y"
"ASSETTRANSFERDETAIL",7,"DEPRECIATEDAMOUNT","NUMBER",22,,,"Y"
"ASSETTRANSFERDETAIL",8,"NETVALUE","NUMBER",22,,,"Y"
"CCINVOICE",1,"TNO","NUMBER",22,,,"Y"
"CCINVOICE",2,"COMPANYCODE","VARCHAR2",30,,,"Y"
"CCINVOICE",3,"FINANCIALYEARCODE","VARCHAR2",30,,,"Y"
"CCINVOICE",4,"LOCATIONCODE","VARCHAR2",30,,,"Y"
"CCINVOICE",5,"DOCTYPECODE","VARCHAR2",30,,,"Y"
"CCINVOICE",6,"DEPARTMENTCODE","VARCHAR2",30,,,"Y"
"CCINVOICE",7,"EMPLOYEECODE","VARCHAR2",30,,,"Y"
"CCINVOICE",8,"CCINVOICENO","VARCHAR2",100,,,"Y"
"CCINVOICE",9,"CCINVOICEDATE","DATE",7,,,"Y"
"CCINVOICE",10,"DESPATCHTNO","NUMBER",22,,,"Y"
"CCINVOICE",11,"DELIVERYDATE","DATE",7,,,"Y"
"CCINVOICE",12,"CURRENCYUNITCODE","VARCHAR2",30,,,"Y"
"CCINVOICE",13,"CURRENCYVALUE","NUMBER",22,,,"Y"
"CCINVOICE",14,"PARTYCODE","VARCHAR2",30,,,"Y"
"CCINVOICE",15,"SUMOFAMOUNT","NUMBER",22,,,"Y"
"CCINVOICE",16,"SUMOFFOOTERAMOUNT","NUMBER",22,,,"Y"
"CCINVOICE",17,"CCINVOICEAMOUNT","NUMBER",22,,,"Y"
"CCINVOICE",18,"SUBJECTTEXT","VARCHAR2",1000,,,"Y"
"CCINVOICE",19,"REFERENCETEXT","VARCHAR2",1000,,,"Y"
"CCINVOICE",20,"LETTERTEXT","VARCHAR2",4000,,,"Y"
"CCINVOICE",21,"TITLETEXT","VARCHAR2",1000,,,"Y"
"CCINVOICE",22,"REMARK","VARCHAR2",1000,,,"Y"
"CCINVOICE",23,"ITEMWISEFOOTER","VARCHAR2",3,,,"Y"
"CCINVOICE",24,"DESPATCHADVICETNO","NUMBER",22,,,"Y"
"CCINVOICE",25,"AGENTCODE","VARCHAR2",30,,,"Y"
"CCINVOICE",26,"CONSIGNEECODE","VARCHAR2",30,,,"Y"
"CCINVOICE",27,"CHALANORINVOICE","VARCHAR2",20,,,"Y"
"CCINVOICE",28,"VEHICLETYPECODE","VARCHAR2",30,,,"Y"
"CCINVOICE",29,"VEHICLENO","VARCHAR2",100,,,"Y"
"CCINVOICE",30,"TRANSPORTERCODE","VARCHAR2",30,,,"Y"
"CCINVOICE",31,"DRIVERNAME","VARCHAR2",100,,,"Y"
"CCINVOICE",32,"UNIONNAME","VARCHAR2",100,,,"Y"
"CCINVOICE",33,"LORRYNO","VARCHAR2",100,,,"Y"
"CCINVOICE",34,"LORRYDATE","DATE",7,,,"Y"
"CCINVOICE",35,"REMOVALDATE","DATE",7,,,"Y"
"CCINVOICE",36,"SALESORDERTNO","NUMBER",22,,,"Y"
"CCINVOICE",37,"PORECEIPTTNO","NUMBER",22,,,"Y"
"CCINVOICE",38,"PURCHASEORDERTNO","NUMBER",22,,,"Y"
"CCINVOICE",39,"PREPARINGDATE","DATE",7,,,"Y"
"CCINVOICE",40,"FREIGHTADVANCE","NUMBER",22,,,"Y"
"CCINVOICE",41,"FREIGHTTYPECODE","VARCHAR2",30,,,"Y"
"CCINVOICE",42,"DESPATCHCATEGORYCODE","VARCHAR2",30,,,"Y"
"CCINVOICE",43,"OUTWARDRAKETNO","NUMBER",22,,,"Y"
"CCINVOICE",44,"OTHERCODE","VARCHAR2",30,,,"Y"
"CCINVOICE",45,"CCINVOICETNO","NUMBER",22,,,"Y"
"CCINVOICE",46,"TAXVEHICLENO","VARCHAR2",100,,,"Y"
"CCINVOICE",47,"FREIGHTCONTRACTTNO","NUMBER",22,,,"Y"
"CCINVOICE",48,"FREIGHTRATE","NUMBER",22,,,"Y"
"CCINVOICE",49,"CREATOR","VARCHAR2",30,,,"Y"
"CCINVOICE",50,"ISDEPBBILL","VARCHAR2",30,,,"Y"
"CCINVOICE",51,"DATECREATED","DATE",7,,,"Y"
"CCINVOICE",52,"ISSITECCINVOICE","VARCHAR2",3,,,"Y"
"CCINVOICE",53,"TRANCTIONTYPECODE","VARCHAR2",30,,,"Y"
"CCINVOICE",54,"TRANSACTIONTYPECODE","VARCHAR2",30,,,"Y"
"CCINVOICE",55,"NATUREOFSUPPLYCODE","VARCHAR2",30,,,"Y"
"CCINVOICE",56,"INTERUNITTRANSFERTNO","NUMBER",22,,,"Y"
"CCINVOICE",57,"FREIGHTUNITCODE","VARCHAR2",30,,,"Y"
"CCINVOICE",58,"FREIGHTPOSTEDTOSTOCK","NUMBER",22,,,"Y"
"CCINVOICE",59,"CREATIONTIME","DATE",7,,,"Y"
"CCINVOICE",60,"RUNNINGKM","NUMBER",22,,,"Y"
"CCINVOICE",61,"DISTANCE","NUMBER",22,,,"Y"
"CCINVOICE",62,"LOADINGADVICETNO","NUMBER",22,,,"Y"
"CCINVOICE",63,"MARINEINSURANCETNO","NUMBER",22,,,"Y"
"CCINVOICE",64,"MARINEINSURANCEAMOUNT","NUMBER",22,,,"Y"
"CCINVOICE",65,"ADJUSTEDADVANCEAMOUNT","NUMBER",22,,,"Y"
"CCINVOICE",66,"GROSSWEIGHT","NUMBER",22,,,"Y"
"CCINVOICE",67,"TAREWEIGHT","NUMBER",22,,,"Y"
"CCINVOICE",68,"NETWEIGHT","NUMBER",22,,,"Y"
"CCINVOICE",69,"SOURCELOCATIONTNO","NUMBER",22,,,"Y"
"CCINVOICE",70,"DESTINATIONLOCATIONTNO","NUMBER",22,,,"Y"
"CCINVOICE",71,"CREATELR","VARCHAR2",3,,,"Y"
"CCINVOICE",72,"OLDVEHICLENO","VARCHAR2",30,,,"Y"
"CCINVOICE",73,"PAIDAMOUNT","NUMBER",22,,,"Y"
"CCINVOICE",74,"DEDUCTEDAMOUNT","NUMBER",22,,,"Y"
"CCINVOICE",75,"ADDBUSINESSPLACE","VARCHAR2",30,,,"Y"
"CCINVOICE",76,"ROUNDINGAMOUNT","NUMBER",22,,,"Y"
"CCINVOICE",77,"ADDBUSINESSPLACEBUYER","VARCHAR2",500,,,"Y"
"CCINVOICEDETAIL",1,"TNO","NUMBER",22,,,"N"
"CCINVOICEDETAIL",2,"SNO","NUMBER",22,,,"N"
"CCINVOICEDETAIL",3,"ITEMCODE","VARCHAR2",30,,,"Y"
"CCINVOICEDETAIL",4,"ITEMSPECIFICATIONCODE","VARCHAR2",30,,,"Y"
"CCINVOICEDETAIL",5,"DESCRIPTION","VARCHAR2",1000,,,"Y"
"CCINVOICEDETAIL",6,"QUANTITY1","NUMBER",22,,,"Y"
"CCINVOICEDETAIL",7,"QUANTITY2","NUMBER",22,,,"Y"
"CCINVOICEDETAIL",8,"TOLERANCE","NUMBER",22,,,"Y"
"CCINVOICEDETAIL",9,"RECEIVEDQUANTITY1","NUMBER",22,,,"Y"
"CCINVOICEDETAIL",10,"RECEIVEDQUANTITY2","NUMBER",22,,,"Y"
"CCINVOICEDETAIL",11,"PURCHASEBILLQUANTITY1","NUMBER",22,,,"Y"
"CCINVOICEDETAIL",12,"PURCHASEBILLQUANTITY2","NUMBER",22,,,"Y"
"CCINVOICEDETAIL",13,"MATERIALINQUANTITY1","NUMBER",22,,,"Y"
"CCINVOICEDETAIL",14,"MATERIALINQUANTITY2","NUMBER",22,,,"Y"
"CCINVOICEDETAIL",15,"GATEPASSQUANTITY1","NUMBER",22,,,"Y"
"CCINVOICEDETAIL",16,"GATEPASSQUANTITY2","NUMBER",22,,,"Y"
"CCINVOICEDETAIL",17,"ACCEPTEDQUANTITY1","NUMBER",22,,,"Y"
"CCINVOICEDETAIL",18,"ACCEPTEDQUANTITY2","NUMBER",22,,,"Y"
"CCINVOICEDETAIL",19,"INSPECTEDQUANTITY1","NUMBER",22,,,"Y"
"CCINVOICEDETAIL",20,"INSPECTEDQUANTITY2","NUMBER",22,,,"Y"
"CCINVOICEDETAIL",21,"JOINACCEPTEDQUANTITY1","NUMBER",22,,,"Y"
"CCINVOICEDETAIL",22,"JOINACCEPTEDQUANTITY2","NUMBER",22,,,"Y"
"CCINVOICEDETAIL",23,"JOININSPECTEDQUANTITY1","NUMBER",22,,,"Y"
"CCINVOICEDETAIL",24,"JOININSPECTEDQUANTITY2","NUMBER",22,,,"Y"
"CCINVOICEDETAIL",25,"RATEMEASURINGUNITCODE","VARCHAR2",30,,,"Y"
"CCINVOICEDETAIL",26,"RATE","NUMBER",22,,,"Y"
"CCINVOICEDETAIL",27,"AMOUNT","NUMBER",22,,,"Y"
"CCINVOICEDETAIL",28,"FOOTERAMOUNT","NUMBER",22,,,"Y"
"CCINVOICEDETAIL",29,"TOTALAMOUNT","NUMBER",22,,,"Y"
"CCINVOICEDETAIL",30,"REMARK","VARCHAR2",100,,,"Y"
"CCINVOICEDETAIL",31,"DOCUMENTSTATUSCODE","VARCHAR2",30,,,"Y"
"CCINVOICEDETAIL",32,"LOWERTOLERANCEPERCENT","NUMBER",22,,,"Y"
"CCINVOICEDETAIL",33,"HIGHERTOLERANCEPERCENT","NUMBER",22,,,"Y"
"CCINVOICEDETAIL",34,"PACKINGTYPECODE","VARCHAR2",30,,,"Y"
"CCINVOICEDETAIL",35,"STORAGELOCATIONCODE","VARCHAR2",30,,,"Y"
"CCINVOICEDETAIL",36,"TOITEMCODE","VARCHAR2",30,,,"Y"
"CCINVOICEDETAIL",37,"TOITEMSPECIFICATIONCODE","VARCHAR2",30,,,"Y"
"CCINVOICEDETAIL",38,"PACKINGNOS","NUMBER",22,,,"Y"
"CCINVOICEDETAIL",39,"BAGWEIGHT","NUMBER",22,,,"Y"
"CCINVOICEDETAIL",40,"CCINVOICEQUANTITY1","NUMBER",22,,,"Y"
"CCINVOICEDETAIL",41,"WEIGHMENTTNO","NUMBER",22,,,"Y"
"CCINVOICEDETAIL",42,"TAXRULECODE","VARCHAR2",30,,,"Y"
"CCINVOICEDETAIL",43,"WITHOUTDISCOUNTRATE","NUMBER",22,,,"Y"
"CCINVOICEDETAIL",44,"DISCOUNTPERCENT","NUMBER",22,,,"Y"
"CCINVOICEDETAIL",45,"DISCOUNTPERUNIT","NUMBER",22,,,"Y"
"CCINVOICEDETAIL",46,"DESPATCHCATEGORYCODE","VARCHAR2",100,,,"Y"
"COMPANYVEHICLE",1,"TNO","NUMBER",22,,,"N"
"COMPANYVEHICLE",2,"COMPANYVEHICLECODE","VARCHAR2",30,,,"N"
"COMPANYVEHICLE",3,"COMPANYVEHICLENAME","VARCHAR2",100,,,"N"
"COMPANYVEHICLE",4,"COMPANYVEHICLESHORTNAME","VARCHAR2",20,,,"N"
"COMPANYVEHICLE",5,"COMPANYVEHICLENO","VARCHAR2",20,,,"N"
"COMPANYVEHICLE",6,"VEHICLETYPECODE","VARCHAR2",30,,,"N"
"COMPANYVEHICLE",7,"PARTYCODE","VARCHAR2",30,,,"Y"
"COMPANYVEHICLE",8,"TAREWEIGHT","NUMBER",22,,,"Y"
"COMPANYVEHICLE",9,"CREATOR","VARCHAR2",30,,,"Y"
"COMPANYVEHICLE",10,"CREATIONTIME","DATE",7,,,"Y"
"COMPANYVEHICLE",11,"REMARK","VARCHAR2",100,,,"Y"
"COMPANYVEHICLE",12,"VEHICLEGROUPCODE","VARCHAR2",30,,,"Y"
"COMPANYVEHICLE",13,"VEHICLEOWNERCODE","VARCHAR2",30,,,"Y"
"COMPANYVEHICLE",14,"TRANSPORTERCODE","VARCHAR2",30,,,"Y"
"COMPANYVEHICLE",15,"ENGINENO","VARCHAR2",100,,,"Y"
"COMPANYVEHICLE",16,"CHASISNO","VARCHAR2",100,,,"Y"
"COMPANYVEHICLE",17,"MANUFACTURINGYEAR","VARCHAR2",30,,,"Y"
"COMPANYVEHICLE",18,"MODELNO","VARCHAR2",30,,,"Y"
"COMPANYVEHICLE",19,"TANKSIZE","VARCHAR2",30,,,"Y"
"COSTCENTRE",1,"TNO","NUMBER",22,,,"N"
"COSTCENTRE",2,"COSTCENTRECODE","VARCHAR2",30,,,"N"
"COSTCENTRE",3,"COSTCENTRENAME","VARCHAR2",100,,,"N"
"COSTCENTRE",4,"PARENTCODE","VARCHAR2",30,,,"Y"
"COSTCENTRE",5,"COMPANYCODE","VARCHAR2",30,,,"Y"
"COSTCENTRE",6,"REMARK","VARCHAR2",100,,,"Y"
"COSTCENTRE",7,"CREATOR","VARCHAR2",30,,,"Y"
"COSTCENTRE",8,"CREATIONTIME","DATE",7,,,"Y"
"COSTCENTRE",9,"MODULETNO","NUMBER",22,,,"Y"
"COSTCENTRE",10,"MODULECODE","VARCHAR2",30,,,"Y"
"DEPARTMENT",1,"TNO","NUMBER",22,,,"Y"
"DEPARTMENT",2,"DEPARTMENTCODE","VARCHAR2",30,,,"N"
"DEPARTMENT",3,"DEPARTMENTNAME","VARCHAR2",100,,,"Y"
"DEPARTMENT",4,"DEPARTMENTSHORTNAME","VARCHAR2",50,,,"Y"
"DEPARTMENT",5,"PARENTCODE","VARCHAR2",10,,,"Y"
"DEPARTMENT",6,"REMARK","VARCHAR2",1000,,,"Y"
"DEPARTMENT",7,"DATECREATED","DATE",7,,,"Y"
"DEPARTMENT",8,"DATEMODIFY","DATE",7,,,"Y"
"DEPARTMENT",9,"CREATOR","VARCHAR2",30,,,"Y"
"DEPARTMENT",10,"CREATIONTIME","DATE",7,,,"Y"
"DEPARTMENT",11,"DEPARTMENTGRADECODE","VARCHAR2",30,,,"Y"
"DESIGNATION",1,"TNO","NUMBER",22,,,"Y"
"DESIGNATION",2,"DESIGNATIONCODE","VARCHAR2",30,,,"Y"
"DESIGNATION",3,"DESIGNATIONNAME","VARCHAR2",100,,,"Y"
"DESIGNATION",4,"DESIGNATIONSHORTNAME","VARCHAR2",30,,,"Y"
"DESIGNATION",5,"CREATOR","VARCHAR2",30,,,"Y"
"DESIGNATION",6,"CREATIONTIME","DATE",7,,,"Y"
"DESIGNATION",7,"REMARK","VARCHAR2",100,,,"Y"
"DESPATCHADVICE",1,"TNO","NUMBER",22,,,"N"
"DESPATCHADVICE",2,"LOCATIONCODE","VARCHAR2",30,,,"Y"
"DESPATCHADVICE",3,"DOCTYPECODE","VARCHAR2",30,,,"Y"
"DESPATCHADVICE",4,"COMPANYCODE","VARCHAR2",30,,,"Y"
"DESPATCHADVICE",5,"FINANCIALYEARCODE","VARCHAR2",30,,,"Y"
"DESPATCHADVICE",6,"DESPATCHADVICENO","VARCHAR2",100,,,"Y"
"DESPATCHADVICE",7,"DESPATCHADVICEDATE","DATE",7,,,"Y"
"DESPATCHADVICE",8,"PARTYCODE","VARCHAR2",30,,,"Y"
"DESPATCHADVICE",9,"TRANSPORTERCODE","VARCHAR2",30,,,"Y"
"DESPATCHADVICE",10,"DRIVERNAME","VARCHAR2",100,,,"Y"
"DESPATCHADVICE",11,"VEHICLETYPECODE","VARCHAR2",30,,,"Y"
"DESPATCHADVICE",12,"VEHICLENO","VARCHAR2",20,,,"Y"
"DESPATCHADVICE",13,"REFDOCTYPECODE","VARCHAR2",30,,,"Y"
"DESPATCHADVICE",14,"REFDOCUMENTNO","VARCHAR2",100,,,"Y"
"DESPATCHADVICE",15,"REFDOCUMENTDATE","DATE",7,,,"Y"
"DESPATCHADVICE",16,"REFDOCUMENTAMOUNT","NUMBER",22,,,"Y"
"DESPATCHADVICE",17,"REMARK","VARCHAR2",1000,,,"Y"
"DESPATCHADVICE",18,"SALESORDERTNO","NUMBER",22,,,"Y"
"DESPATCHADVICE",19,"AGENTCODE","VARCHAR2",30,,,"Y"
"DESPATCHADVICE",20,"CONSIGNEECODE","VARCHAR2",30,,,"Y"
"DESPATCHADVICE",21,"REFERENCETNO","NUMBER",22,,,"Y"
"DESPATCHADVICE",22,"EMPLOYEECODE","VARCHAR2",30,,,"Y"
"DESPATCHADVICE",23,"WEIGHMENTTNO","NUMBER",22,,,"Y"
"DESPATCHADVICE",24,"CREATOR","VARCHAR2",30,,,"Y"
"DESPATCHADVICE",25,"MODULETNO","NUMBER",22,,,"Y"
"DESPATCHADVICE",26,"MODULECODE","VARCHAR2",30,,,"Y"
"DESPATCHADVICE",27,"CREATIONTIME","DATE",7,,,"Y"
"DESPATCHADVICE",28,"TRANSPORTALLOCATIONTNO","NUMBER",22,,,"Y"
"DESPATCHADVICE",29,"OLDVEHICLENO","VARCHAR2",30,,,"Y"
"DESPATCHADVICEDETAIL",1,"TNO","NUMBER",22,,,"Y"
"DESPATCHADVICEDETAIL",2,"SNO","NUMBER",22,,,"Y"
"DESPATCHADVICEDETAIL",3,"ITEMCODE","VARCHAR2",30,,,"Y"
"DESPATCHADVICEDETAIL",4,"ITEMSPECIFICATIONCODE","VARCHAR2",30,,,"Y"
"DESPATCHADVICEDETAIL",5,"PACKINGTYPECODE","VARCHAR2",30,,,"Y"
"DESPATCHADVICEDETAIL",6,"DESCRIPTION","VARCHAR2",1000,,,"Y"
"DESPATCHADVICEDETAIL",7,"QUANTITY1","NUMBER",22,,,"Y"
"DESPATCHADVICEDETAIL",8,"QUANTITY2","NUMBER",22,,,"Y"
"DESPATCHADVICEDETAIL",9,"REASONFORRETURN","VARCHAR2",1000,,,"Y"
"DESPATCHADVICEDETAIL",10,"REMARK","VARCHAR2",1000,,,"Y"
"DESPATCHADVICEDETAIL",11,"SERIALNO","NUMBER",22,,,"Y"
"DESPATCHADVICEDETAIL",12,"ISWEIGHTTAKEN","VARCHAR2",3,,,"Y"
"DESPATCHADVICEDETAIL",13,"WEIGHMENTTNO","NUMBER",22,,,"Y"
"DESPATCHADVICEDETAIL",14,"PACKINGNOS","NUMBER",22,,,"Y"
"DESPATCHADVICEDETAIL",15,"CANCELEDQUANTITY1","NUMBER",22,,,"Y"
"DESPATCHADVICEDETAIL",16,"CANCELEDBY","VARCHAR2",30,,,"Y"
"DESPATCHADVICEDETAIL",17,"RATE","NUMBER",22,,,"Y"
"EMPLOYEE",1,"TNO","NUMBER",22,,,"N"
"EMPLOYEE",2,"EMPLOYEECODE","VARCHAR2",30,,,"N"
"EMPLOYEE",3,"EMPLOYEENAME","VARCHAR2",100,,,"Y"
"EMPLOYEE",4,"EMPLOYEESHORTNAME","VARCHAR2",30,,,"Y"
"EMPLOYEE",5,"DESIGNATIONCODE","VARCHAR2",30,,,"Y"
"EMPLOYEE",6,"DEPARTMENTCODE","VARCHAR2",30,,,"Y"
"EMPLOYEE",7,"EMPLOYEETYPECODE","VARCHAR2",30,,,"Y"
"EMPLOYEE",8,"CONTRACTORCODE","VARCHAR2",30,,,"Y"
"EMPLOYEE",9,"PAYMENTTERM","VARCHAR2",10,,,"Y"
"EMPLOYEE",10,"FATHERNAME","VARCHAR2",100,,,"Y"
"EMPLOYEE",11,"SEX","VARCHAR2",10,,,"Y"
"EMPLOYEE",12,"OTATTENDENCEHEADCODE","VARCHAR2",10,,,"Y"
"EMPLOYEE",13,"MARITALSTATUS","VARCHAR2",10,,,"Y"
"EMPLOYEE",14,"CATEGORYCODE","VARCHAR2",10,,,"Y"
"EMPLOYEE",15,"DATEOFBIRTH","DATE",7,,,"Y"
"EMPLOYEE",16,"DATEOFAPPOINTMENT","DATE",7,,,"Y"
"EMPLOYEE",17,"DATEOFJOINING","DATE",7,,,"Y"
"EMPLOYEE",18,"PUNCHCARDNO","VARCHAR2",30,,,"Y"
"EMPLOYEE",19,"PERMANENTAFTERDAY","NUMBER",22,,,"Y"
"EMPLOYEE",20,"PRESENTADDRESS","VARCHAR2",100,,,"Y"
"EMPLOYEE",21,"PRESENTCITYCODE","VARCHAR2",10,,,"Y"
"EMPLOYEE",22,"PRESENTSTATECODE","VARCHAR2",10,,,"Y"
"EMPLOYEE",23,"PRESENTPHONENO","VARCHAR2",50,,,"Y"
"EMPLOYEE",24,"PERMANENTADDRESS","VARCHAR2",100,,,"Y"
"EMPLOYEE",25,"PERMANENTCITYCODE","VARCHAR2",10,,,"Y"
"EMPLOYEE",26,"PERMANENTSTATECODE","VARCHAR2",10,,,"Y"
"EMPLOYEE",27,"PERMANENTPHONENO","VARCHAR2",50,,,"Y"
"EMPLOYEE",28,"OFFDAY","VARCHAR2",10,,,"Y"
"EMPLOYEE",29,"GROSSSALARY","NUMBER",22,,,"Y"
"EMPLOYEE",30,"PFDEDUCTIONON","VARCHAR2",20,,,"Y"
"EMPLOYEE",31,"PFACCOUNTNO","VARCHAR2",30,,,"Y"
"EMPLOYEE",32,"NOOFNOMINEE","NUMBER",22,,,"Y"
"EMPLOYEE",33,"ESICACCOUNTNO","VARCHAR2",10,,,"Y"
"EMPLOYEE",34,"NOOFDEPENDENCE","NUMBER",22,,,"Y"
"EMPLOYEE",35,"HOSPITALCODE","VARCHAR2",50,,,"Y"
"EMPLOYEE",36,"PAYMENTMODE","VARCHAR2",10,,,"Y"
"EMPLOYEE",37,"BANKACCOUNTNO","VARCHAR2",30,,,"Y"
"EMPLOYEE",38,"BANKCODE","VARCHAR2",50,,,"Y"
"EMPLOYEE",39,"SHIFTCODE","VARCHAR2",30,,,"Y"
"EMPLOYEE",40,"EMPLOYEENATURECODE","VARCHAR2",30,,,"Y"
"EMPLOYEE",41,"STAFFTYPECODE","VARCHAR2",30,,,"Y"
"EMPLOYEE",42,"REMARK","VARCHAR2",100,,,"Y"
"EMPLOYEE",43,"DATECREATED","DATE",7,,,"Y"
"EMPLOYEE",44,"DATEMODIFY","DATE",7,,,"Y"
"EMPLOYEE",45,"COMPANYCODE","VARCHAR2",30,,,"Y"
"EMPLOYEE",46,"EMPLOYEENATURE","VARCHAR2",30,,,"Y"
"EMPLOYEE",47,"EMPLOYMENTTYPECODE","VARCHAR2",30,,,"Y"
"EMPLOYEE",48,"MONEYTRANSFERMODECODE","VARCHAR2",30,,,"Y"
"EMPLOYEE",49,"NOOFDEPENDENTS","NUMBER",22,,,"Y"
"EMPLOYEE",50,"SALARYSCHEMECODE","VARCHAR2",30,,,"Y"
"EMPLOYEE",51,"STAFFTYPE","VARCHAR2",30,,,"Y"
"EMPLOYEE",52,"EMPLOYEEACCOUNTCODE","VARCHAR2",30,,,"Y"
"EMPLOYEE",53,"GENDER","VARCHAR2",10,,,"Y"
"EMPLOYEE",54,"LOANACCOUNTCODE","VARCHAR2",30,,,"Y"
"EMPLOYEE",55,"SALARYACCOUNTCODE","VARCHAR2",30,,,"Y"
"EMPLOYEE",56,"CREATOR","VARCHAR2",30,,,"Y"
"EMPLOYEE",57,"LOCATIONCODE","VARCHAR2",30,,,"Y"
"EMPLOYEE",58,"EMPLOYEEID","VARCHAR2",100,,,"Y"
"EMPLOYEE",59,"DATEOFRETIREMENT","DATE",7,,,"Y"
"EMPLOYEE",60,"DATEOFCONFIRMATION","DATE",7,,,"Y"
"EMPLOYEE",61,"PRODUCTIONCENTRECODE","VARCHAR2",30,,,"Y"
"EMPLOYEE",62,"REPORTTOEMPLOYEECODE","VARCHAR2",30,,,"Y"
"EMPLOYEE",63,"INCENTIVESCHEMECODE","VARCHAR2",30,,,"Y"
"EMPLOYEE",64,"VEHICLENO","VARCHAR2",30,,,"Y"
"EMPLOYEE",65,"DESIGNATIONNAME","VARCHAR2",100,,,"Y"
"EMPLOYEE",66,"DEPARTMENTNAME","VARCHAR2",100,,,"Y"
"EMPLOYEE",67,"CREATIONTIME","DATE",7,,,"Y"
"EMPLOYEE",68,"PRESENTPOLICESTATION","VARCHAR2",100,,,"Y"
"EMPLOYEE",69,"PERMANENTPOLICESTATION","VARCHAR2",100,,,"Y"
"EMPLOYEE",70,"BLOODGROUP","VARCHAR2",3,,,"Y"
"EMPLOYEE",71,"PANNO","VARCHAR2",30,,,"Y"
"EMPLOYEE",72,"DRIVINGLICENSENO","VARCHAR2",30,,,"Y"
"EMPLOYEE",73,"DRIVINGLICENSEEXPIRYDATE","VARCHAR2",30,,,"Y"
"EMPLOYEE",74,"OFFICEMOBILENO","VARCHAR2",100,,,"Y"
"EMPLOYEE",75,"OFFICEEMAILID","VARCHAR2",100,,,"Y"
"EMPLOYEE",76,"PLACEOFBIRTH","VARCHAR2",100,,,"Y"
"EMPLOYEE",77,"DATEOFRESIGNATION","DATE",7,,,"Y"
"EMPLOYEE",78,"SITECODE","VARCHAR2",30,,,"Y"
"EMPLOYEE",79,"SITENAME","VARCHAR2",100,,,"Y"
"EMPLOYEE",80,"BRANCHCODE","VARCHAR2",30,,,"Y"
"EMPLOYEE",81,"PERIODOFPREVIOUSSERVICEINMONTH","NUMBER",22,,,"Y"
"EMPLOYEE",82,"BONUSPERCENT","NUMBER",22,,,"Y"
"EMPLOYEE",83,"PRESENTPINCODE","VARCHAR2",6,,,"Y"
"EMPLOYEE",84,"ATTACHEDVEHICLENO","VARCHAR2",30,,,"Y"
"EMPLOYEE",85,"VEHICLEDESIGNATIONCODE","VARCHAR2",30,,,"Y"
"EMPLOYEE",86,"ESICESTABLISHMENTCODENO","VARCHAR2",30,,,"Y"
"EMPLOYEE",87,"INCENTIVESTARTDATE","DATE",7,,,"Y"
"EMPLOYEE",88,"UAN","VARCHAR2",30,,,"Y"
"EMPLOYEE",89,"ZONECODE","VARCHAR2",30,,,"Y"
"EMPLOYEE",90,"PERSONALEMAILID","VARCHAR2",100,,,"Y"
"EMPLOYEE",91,"PRESENTDISTRICTCODE","VARCHAR2",30,,,"Y"
"EMPLOYEE",92,"PERMANENTDISTRICTCODE","VARCHAR2",30,,,"Y"
"EMPLOYEE",93,"IFSCCODE","VARCHAR2",100,,,"Y"
"EMPLOYEE",94,"BANKBRANCHNAME","VARCHAR2",100,,,"Y"
"EMPLOYEE",95,"APPOINTMENTLETTERISSUEDATE","DATE",7,,,"Y"
"EMPLOYEE",96,"APPOINTMENTLETTERISSUENO","VARCHAR2",100,,,"Y"
"EMPLOYEE",97,"HUSBANDNAME","VARCHAR2",100,,,"Y"
"EMPLOYEE",98,"ADHARNO","VARCHAR2",12,,,"Y"
"EMPLOYEE",99,"OVERTIMESCHEMECODE","VARCHAR2",30,,,"Y"
"EMPLOYEE",100,"CATEGORY","VARCHAR2",3,,,"Y"
"EMPLOYEE",101,"MINORITY","VARCHAR2",3,,,"Y"
"EMPLOYEE",102,"OLDEMPLOYEECODE","VARCHAR2",30,,,"Y"
"EMPLOYEE",103,"EMPLOYEEIDTEMP","VARCHAR2",100,,,"Y"
"EMPLOYEE",104,"CANALLOWVISITOR","VARCHAR2",3,,,"Y"
"EMPLOYEE",105,"ISESICAPPLICABLE","VARCHAR2",3,,,"Y"
"EMPLOYEE",106,"OTTYPECODE","VARCHAR2",30,,,"Y"
"EMPLOYEE",107,"OTALLOWED","VARCHAR2",3,,,"Y"
"FREIGHTADVICE",1,"TNO","NUMBER",22,,,"Y"
"FREIGHTADVICE",2,"COMPANYCODE","VARCHAR2",30,,,"Y"
"FREIGHTADVICE",3,"FINANCIALYEARCODE","VARCHAR2",30,,,"Y"
"FREIGHTADVICE",4,"LOCATIONCODE","VARCHAR2",30,,,"Y"
"FREIGHTADVICE",5,"DOCTYPECODE","VARCHAR2",30,,,"Y"
"FREIGHTADVICE",6,"FREIGHTADVICENO","VARCHAR2",100,,,"Y"
"FREIGHTADVICE",7,"FREIGHTADVICEDATE","DATE",7,,,"Y"
"FREIGHTADVICE",8,"TRANSPORTERCODE","VARCHAR2",30,,,"Y"
"FREIGHTADVICE",9,"FREIGHTTYPECODE","VARCHAR2",30,,,"Y"
"FREIGHTADVICE",10,"PARTYBILLNO","VARCHAR2",100,,,"Y"
"FREIGHTADVICE",11,"PARTYBILLDATE","DATE",7,,,"Y"
"FREIGHTADVICE",12,"MONEYTRANSFERMODECODE","VARCHAR2",30,,,"Y"
"FREIGHTADVICE",13,"MONEYTRANSFERREFERENCENO","VARCHAR2",100,,,"Y"
"FREIGHTADVICE",14,"DEBITACCOUNTCODE","VARCHAR2",30,,,"Y"
"FREIGHTADVICE",15,"CREDITACCOUNTCODE","VARCHAR2",30,,,"Y"
"FREIGHTADVICE",16,"TDSMASTERCODE","VARCHAR2",30,,,"Y"
"FREIGHTADVICE",17,"ITEMWISEFOOTER","VARCHAR2",3,,,"Y"
"FREIGHTADVICE",18,"REMARK","VARCHAR2",100,,,"Y"
"FREIGHTADVICE",19,"SUMOFAMOUNT","NUMBER",22,,,"Y"
"FREIGHTADVICE",20,"SUMOFFOOTERAMOUNT","NUMBER",22,,,"Y"
"FREIGHTADVICE",21,"FREIGHTADVICEAMOUNT","NUMBER",22,,,"Y"
"FREIGHTADVICE",22,"SUMOFTDSAMOUNT","NUMBER",22,,,"Y"
"FREIGHTADVICE",23,"SUMOFDEDUCTIONAMOUNT","NUMBER",22,,,"Y"
"FREIGHTADVICE",24,"SUMOFADVANCEAMOUNT","NUMBER",22,,,"Y"
"FREIGHTADVICE",25,"SUMOFPAYMENTCOMMISSION","NUMBER",22,,,"Y"
"FREIGHTADVICE",26,"SUMOFNETPAYABLEAMOUNT","NUMBER",22,,,"Y"
"FREIGHTADVICE",27,"AMOUNTAFTERTDS","NUMBER",22,,,"Y"
"FREIGHTADVICE",28,"TDSDEDUCTABLEAMOUNT","NUMBER",22,,,"Y"
"FREIGHTADVICE",29,"TDSALREADYDEDUCTEDON","NUMBER",22,,,"Y"
"FREIGHTADVICE",30,"PAIDTO","VARCHAR2",100,,,"Y"
"FREIGHTADVICE",31,"NARRATION","VARCHAR2",2000,,,"Y"
"FREIGHTADVICE",32,"CREATOR","VARCHAR2",30,,,"Y"
"FREIGHTADVICE",33,"CREATIONTIME","DATE",7,,,"Y"
"FREIGHTADVICE",34,"BANKACCOUNTNO","VARCHAR2",30,,,"Y"
"FREIGHTADVICE",35,"TRANSACTIONTYPECODE","VARCHAR2",30,,,"Y"
"FREIGHTADVICE",36,"REVERSECHARGEIFAPPLICABLE","VARCHAR2",3,,,"Y"
"FREIGHTADVICE",37,"NATUREOFSUPPLYCODE","VARCHAR2",30,,,"Y"
"FREIGHTADVICE",38,"DUEDATE","DATE",7,,,"Y"
"FREIGHTADVICE",39,"REVERSECHARGEFOOTERNATURECODE","VARCHAR2",30,,,"Y"
"FREIGHTADVICE",40,"TDSNATURECODE","VARCHAR2",30,,,"Y"
"FREIGHTADVICE",41,"TDSPAYEECATEGORYCODE","VARCHAR2",30,,,"Y"
"FREIGHTADVICE",42,"PANNO","VARCHAR2",10,,,"Y"
"FREIGHTADVICE",43,"TDSTAXCATEGORYCODE","VARCHAR2",30,,,"Y"
"FREIGHTADVICE",44,"TDSTHRESHOLD","NUMBER",22,,,"Y"
"FREIGHTADVICE",45,"TDSTRANSACTIONTHRESHOLD","NUMBER",22,,,"Y"
"FREIGHTADVICE",46,"TOTALTDSPERCENT","NUMBER",22,,,"Y"
"FREIGHTADVICE",47,"ADVANCEORBILL","VARCHAR2",10,,,"Y"
"FREIGHTADVICE",48,"THRESHOLDPLUSMINUS","NUMBER",22,,,"Y"
"FREIGHTADVICE",49,"TDSDEDUCTEDINADVANCE","NUMBER",22,,,"Y"
"FREIGHTADVICE",50,"PAIDAMOUNT","NUMBER",22,,,"Y"
"FREIGHTADVICE",51,"PAIDINADVANCE","NUMBER",22,,,"Y"
"FREIGHTADVICE",52,"TDSCERTIFICATENO","VARCHAR2",30,,,"Y"
"FREIGHTADVICE",53,"TDSCERTIFICATEFILENAME","VARCHAR2",30,,,"Y"
"FREIGHTADVICE",54,"TDSLOWERRATEAPPLICABLE","VARCHAR2",3,,,"Y"
"FREIGHTADVICE",55,"TDSLOWERRATE","NUMBER",22,,,"Y"
"FREIGHTADVICE",56,"CESSLOWERRATE","NUMBER",22,,,"Y"
"FREIGHTADVICE",57,"SURCHARGELOWERRATE","NUMBER",22,,,"Y"
"FREIGHTADVICE",58,"FOOTERNATURECODE","VARCHAR2",30,,,"Y"
"FREIGHTADVICE",59,"BANKCODE","VARCHAR2",30,,,"Y"
"FREIGHTADVICE",60,"PAIDTOCODE","VARCHAR2",30,,,"Y"
"FREIGHTADVICE",61,"CHANGEFREIGHTRATE","NUMBER",22,,,"Y"
"FREIGHTADVICE",62,"SUMOFGPSDEDUCTIONAMOUNT","NUMBER",22,,,"Y"
"FREIGHTADVICE",63,"IFSCCODE","VARCHAR2",30,,,"Y"
"FREIGHTADVICE",64,"PAYMENTMETHODCODE","VARCHAR2",30,,,"Y"
"FREIGHTADVICE",65,"SMSFLAG","VARCHAR2",3,,,"Y"
"FREIGHTADVICE",66,"LOANAMOUNT","NUMBER",22,,,"Y"
"FREIGHTADVICE",67,"LOANTOTRANSPORTERTNO","NUMBER",22,,,"Y"
"FREIGHTADVICE",68,"NOOFLR","NUMBER",22,,,"Y"
"FREIGHTADVICE",69,"NETPAYABLEAFTERLOAN","NUMBER",22,,,"Y"
"FREIGHTADVICE",70,"PASSONQUANTITYCODE","VARCHAR2",30,,,"Y"
"FREIGHTADVICE",71,"BILLEDONQUANTITYCODE","VARCHAR2",30,,,"Y"
"FREIGHTADVICE",72,"SUMOFBILLEDAMOUNT","NUMBER",22,,,"Y"
"FREIGHTADVICE",73,"SUMOFBILLEDFOOTERAMOUNT","NUMBER",22,,,"Y"
"FREIGHTADVICE",74,"BILLEDFREIGHTADVICEAMOUNT","NUMBER",22,,,"Y"
"FREIGHTADVICE",75,"SUMOFFREIGHTDEDUCTIONAMOUNT","NUMBER",22,,,"Y"
"FREIGHTADVICE",76,"SUMOFTRIPSHEETAMOUNT","NUMBER",22,,,"Y"
"FREIGHTADVICE",77,"SUMOFPODOTHERAMOUNT","NUMBER",22,,,"Y"
"FREIGHTADVICE",78,"SUMOFTRIPSHEETOTHERAMOUNT","NUMBER",22,,,"Y"
"FREIGHTADVICE",79,"SUMOFUNLOADINGFREIGHTAMOUNT","NUMBER",22,,,"Y"
"FREIGHTADVICE",80,"SUMOFTRIPSHEETTDSAMOUNT","NUMBER",22,,,"Y"
"FREIGHTADVICE",81,"BILLINROUNDFIGURE","VARCHAR2",3,,,"Y"
"FREIGHTADVICE",82,"FREIGHTAMOUNTBEFOREROUND","NUMBER",22,,,"Y"
"FREIGHTADVICE",83,"ROUNDOFF","NUMBER",22,,,"Y"
"FREIGHTADVICEDETAIL",1,"TNO","NUMBER",22,,,"N"
"FREIGHTADVICEDETAIL",2,"SNO","NUMBER",22,,,"N"
"FREIGHTADVICEDETAIL",3,"MODULECODE","VARCHAR2",30,,,"Y"
"FREIGHTADVICEDETAIL",4,"MODULETNO","NUMBER",22,,,"Y"
"FREIGHTADVICEDETAIL",5,"QUANTITY1","NUMBER",22,,,"Y"
"FREIGHTADVICEDETAIL",6,"NOS","NUMBER",22,,,"Y"
"FREIGHTADVICEDETAIL",7,"RATE","NUMBER",22,,,"Y"
"FREIGHTADVICEDETAIL",8,"RATEMEASURINGUNITCODE","VARCHAR2",30,,,"Y"
"FREIGHTADVICEDETAIL",9,"AMOUNT","NUMBER",22,,,"Y"
"FREIGHTADVICEDETAIL",10,"FOOTERAMOUNT","NUMBER",22,,,"Y"
"FREIGHTADVICEDETAIL",11,"TOTALAMOUNT","NUMBER",22,,,"Y"
"FREIGHTADVICEDETAIL",12,"TDSALREADYDEDUCTEDON","NUMBER",22,,,"Y"
"FREIGHTADVICEDETAIL",13,"TDSDEDUCTABLEAMOUNT","NUMBER",22,,,"Y"
"FREIGHTADVICEDETAIL",14,"TDSAMOUNT","NUMBER",22,,,"Y"
"FREIGHTADVICEDETAIL",15,"DEDUCTIONBASISCODE","VARCHAR2",30,,,"Y"
"FREIGHTADVICEDETAIL",16,"TOLERANCEMETHODCODE","VARCHAR2",30,,,"Y"
"FREIGHTADVICEDETAIL",17,"TOLERANCE","NUMBER",22,,,"Y"
"FREIGHTADVICEDETAIL",18,"SHORTAGEQUANTITY1","NUMBER",22,,,"Y"
"FREIGHTADVICEDETAIL",19,"SHORTAGENOS","NUMBER",22,,,"Y"
"FREIGHTADVICEDETAIL",20,"DEDUCTIONRATE","NUMBER",22,,,"Y"
"FREIGHTADVICEDETAIL",21,"DEDUCTIONAMOUNT","NUMBER",22,,,"Y"
"FREIGHTADVICEDETAIL",22,"NETFREIGHTAMOUNT","NUMBER",22,,,"Y"
"FREIGHTADVICEDETAIL",23,"ADVANCEAMOUNT","NUMBER",22,,,"Y"
"FREIGHTADVICEDETAIL",24,"PAYMENTCOMMISSION","NUMBER",22,,,"Y"
"FREIGHTADVICEDETAIL",25,"NETPAYABLEAMOUNT","NUMBER",22,,,"Y"
"FREIGHTADVICEDETAIL",26,"REMARK","VARCHAR2",100,,,"Y"
"FREIGHTADVICEDETAIL",27,"REACHEDQUANTITY1","NUMBER",22,,,"Y"
"FREIGHTADVICEDETAIL",28,"REACHEDDATE","DATE",7,,,"Y"
"FREIGHTADVICEDETAIL",29,"MINIMUMQUANTITY1","NUMBER",22,,,"Y"
"FREIGHTADVICEDETAIL",30,"ISDEDUCTIONONFULL","VARCHAR2",30,,,"Y"
"FREIGHTADVICEDETAIL",31,"GPSDEDUCTIONAMOUNT","NUMBER",22,,,"Y"
"FREIGHTADVICEDETAIL",32,"RECEIVEDQUANTITY1","NUMBER",22,,,"Y"
"FREIGHTADVICEDETAIL",33,"FREIGHTRATE","NUMBER",22,,,"Y"
"FREIGHTADVICEDETAIL",34,"CHALANQUANTITY1","NUMBER",22,,,"Y"
"FREIGHTADVICEDETAIL",35,"LOANAMOUNT","NUMBER",22,,,"Y"
"FREIGHTADVICEDETAIL",36,"OLDLANDINGRATE","NUMBER",22,,,"Y"
"FREIGHTADVICEDETAIL",37,"NEWLANDINGRATE","NUMBER",22,,,"Y"
"FREIGHTADVICEDETAIL",38,"BALANCEQUANTITY1","NUMBER",22,,,"Y"
"FREIGHTADVICEDETAIL",39,"BALANCEQUANTITY2","NUMBER",22,,,"Y"
"FREIGHTADVICEDETAIL",40,"BILLEDQUANTITY1","NUMBER",22,,,"Y"
"FREIGHTADVICEDETAIL",41,"BILLEDAMOUNT","NUMBER",22,,,"Y"
"FREIGHTADVICEDETAIL",42,"FREIGHTDEDUCTIONAMOUNT","NUMBER",22,,,"Y"
"FREIGHTADVICEDETAIL",43,"BILLEDTOTALAMOUNT","NUMBER",22,,,"Y"
"FREIGHTADVICEDETAIL",44,"BILLEDFOOTERAMOUNT","NUMBER",22,,,"Y"
"FREIGHTADVICEDETAIL",45,"VEHICLENO","VARCHAR2",30,,,"Y"
"GRN",1,"TNO","NUMBER",22,,,"N"
"GRN",2,"COMPANYCODE","VARCHAR2",30,,,"N"
"GRN",3,"FINANCIALYEARCODE","VARCHAR2",30,,,"N"
"GRN",4,"LOCATIONCODE","VARCHAR2",30,,,"N"
"GRN",5,"DOCTYPECODE","VARCHAR2",30,,,"N"
"GRN",6,"GRNNO","VARCHAR2",100,,,"N"
"GRN",7,"GRNDATE","DATE",7,,,"N"
"GRN",8,"PARTYCODE","VARCHAR2",30,,,"Y"
"GRN",9,"WEIGHMENTTNO","NUMBER",22,,,"Y"
"GRN",10,"MATERIALINTNO","NUMBER",22,,,"Y"
"GRN",11,"PURCHASEORDERTNO","NUMBER",22,,,"Y"
"GRN",12,"JOBORDERTNO","NUMBER",22,,,"Y"
"GRN",13,"DELIVERYORDERTNO","NUMBER",22,,,"Y"
"GRN",14,"TRANSPORTERCODE","VARCHAR2",30,,,"Y"
"GRN",15,"DRIVERNAME","VARCHAR2",100,,,"Y"
"GRN",16,"VEHICLETYPECODE","VARCHAR2",30,,,"Y"
"GRN",17,"VEHICLENO","VARCHAR2",20,,,"Y"
"GRN",18,"REFDOCTYPECODE","VARCHAR2",30,,,"Y"
"GRN",19,"REFDOCNO","VARCHAR2",100,,,"Y"
"GRN",20,"REFDOCDATE","DATE",7,,,"Y"
"GRN",21,"REFDOCAMOUNT","NUMBER",22,,,"Y"
"GRN",22,"FREIGHTTYPECODE","VARCHAR2",30,,,"Y"
"GRN",23,"CCINVOICETNO","NUMBER",22,,,"Y"
"GRN",24,"MODULECODE","VARCHAR2",30,,,"Y"
"GRN",25,"MODULETNO","NUMBER",22,,,"Y"
"GRN",26,"LRNO","VARCHAR2",100,,,"Y"
"GRN",27,"GATEPASSTNO","NUMBER",22,,,"Y"
"GRN",28,"LRDATE","DATE",7,,,"Y"
"GRN",29,"DELIVERYORDERSNO","NUMBER",22,,,"Y"
"GRN",30,"EMPLOYEECODE","VARCHAR2",30,,,"Y"
"GRN",31,"CHALLANNO","VARCHAR2",100,,,"Y"
"GRN",32,"POAMENDMENTTNO","NUMBER",22,,,"Y"
"GRN",33,"UNLOADEDBY","VARCHAR2",30,,,"Y"
"GRN",34,"COMPANYVEHICLECODE","VARCHAR2",30,,,"Y"
"GRN",35,"FROMCITYCODE","VARCHAR2",30,,,"Y"
"GRN",36,"FREIGHTRATE","NUMBER",22,,,"Y"
"GRN",37,"FREIGHTAMOUNT","NUMBER",22,,,"Y"
"GRN",38,"FREIGHTUNITCODE","VARCHAR2",30,,,"Y"
"GRN",39,"FREIGHTPOSTEDTOSTOCK","NUMBER",22,,,"Y"
"GRN",40,"LIFTINGFROMCITYCODE","VARCHAR2",30,,,"Y"
"GRN",41,"FREIGHTADVANCEAMOUNT","NUMBER",22,,,"Y"
"GRN",42,"FREIGHTADVANCEPERCENT","NUMBER",22,,,"Y"
"GRN",43,"FREIGHTADVANCECHARGEDONCODE","VARCHAR2",30,,,"Y"
"GRN",44,"LOADINGSTORAGELOCATIONCODE","VARCHAR2",30,,,"Y"
"GRN",45,"DEDUCTIONRATE","NUMBER",22,,,"Y"
"GRN",46,"DRIVERMOBILENO","NUMBER",22,,,"Y"
"GRN",47,"INCLUDEINPURCHASEBILL","VARCHAR2",30,,,"Y"
"GRN",48,"REMARK","VARCHAR2",100,,,"Y"
"GRN",49,"CREATOR","VARCHAR2",30,,,"Y"
"GRN",50,"CREATIONTIME","DATE",7,,,"Y"
"GRN",51,"RAKETNO","NUMBER",22,,,"Y"
"GRN",52,"LOADINGADVICETNO","NUMBER",22,,,"Y"
"GRN",53,"FREIGHTCONTRACTTNO","NUMBER",22,,,"Y"
"GRNDETAIL",1,"TNO","NUMBER",22,,,"Y"
"GRNDETAIL",2,"SNO","NUMBER",22,,,"Y"
"GRNDETAIL",3,"ITEMCODE","VARCHAR2",30,,,"Y"
"GRNDETAIL",4,"ITEMSPECIFICATIONCODE","VARCHAR2",30,,,"Y"
"GRNDETAIL",5,"STOREAGELOCATIONCODE","VARCHAR2",30,,,"Y"
"GRNDETAIL",6,"CHALANQUANTITY1","NUMBER",22,,,"Y"
"GRNDETAIL",7,"RECEIVEDQUANTITY1","NUMBER",22,,,"Y"
"GRNDETAIL",8,"CHALANQUANTITY2","NUMBER",22,,,"Y"
"GRNDETAIL",9,"RECEIVEDQUANTITY2","NUMBER",22,,,"Y"
"GRNDETAIL",10,"INSPECTEDQUANTITY1","NUMBER",22,,,"Y"
"GRNDETAIL",11,"INSPECTEDQUANTITY2","NUMBER",22,,,"Y"
"GRNDETAIL",12,"ACCEPTEDQUANTITY1","NUMBER",22,,,"Y"
"GRNDETAIL",13,"ACCEPTEDQUANTITY2","NUMBER",22,,,"Y"
"GRNDETAIL",14,"REJECTEDQUANTITY1","NUMBER",22,,,"Y"
"GRNDETAIL",15,"REJECTEDQUANTITY2","NUMBER",22,,,"Y"
"GRNDETAIL",16,"JOININSPECTEDQUANTITY1","NUMBER",22,,,"Y"
"GRNDETAIL",17,"JOININSPECTEDQUANTITY2","NUMBER",22,,,"Y"
"GRNDETAIL",18,"JOINACCEPTEDQUANTITY1","NUMBER",22,,,"Y"
"GRNDETAIL",19,"JOINACCEPTEDQUANTITY2","NUMBER",22,,,"Y"
"GRNDETAIL",20,"JOINREJECTEDQUANTITY1","NUMBER",22,,,"Y"
"GRNDETAIL",21,"JOINREJECTEDQUANTITY2","NUMBER",22,,,"Y"
"GRNDETAIL",22,"RATE","NUMBER",22,,,"Y"
"GRNDETAIL",23,"RATEMEASURINGUNITCODE","VARCHAR2",10,,,"Y"
"GRNDETAIL",24,"DISCREPANCYAMOUNT","NUMBER",22,,,"Y"
"GRNDETAIL",25,"DISCREPANCYTYPECODE","VARCHAR2",30,,,"Y"
"GRNDETAIL",26,"DISCREPANCYQUANTITY1","NUMBER",22,,,"Y"
"GRNDETAIL",27,"DISCREPANCYQUANTITY2","NUMBER",22,,,"Y"
"GRNDETAIL",28,"AMOUNT","NUMBER",22,,,"Y"
"GRNDETAIL",29,"REMARK","VARCHAR2",100,,,"Y"
"GRNDETAIL",30,"PACKINGTYPECODE","VARCHAR2",30,,,"Y"
"GRNDETAIL",31,"DESCRIPTION","VARCHAR2",1000,,,"Y"
"GRNDETAIL",32,"PURCHASEORDERTNO","NUMBER",22,,,"Y"
"GRNDETAIL",33,"JOBORDERTNO","NUMBER",22,,,"Y"
"GRNDETAIL",34,"PACKINGNOS","NUMBER",22,,,"Y"
"GRNDETAIL",35,"POAMENDMENTTNO","NUMBER",22,,,"Y"
"GRNDETAIL",36,"QCLESSQUANTITY1","NUMBER",22,,,"Y"
"GRNDETAIL",37,"RECEIVEDQUANTITY1WITHOUTQC","NUMBER",22,,,"Y"
"GRNDETAIL",38,"PACKINGWEIGHT","NUMBER",22,,,"Y"
"GRNDETAIL",39,"FREIGHTPOSTEDTOSTOCK","NUMBER",22,,,"Y"
"GRNDETAIL",40,"JOBPOSTEDTOSTOCK","NUMBER",22,,,"Y"
"GRNDETAIL",41,"WARRANTYUPTO","DATE",7,,,"Y"
"GRNDETAIL",42,"PURCHASEPOSTEDTOSTOCK","NUMBER",22,,,"Y"
"GRNDETAIL",43,"PURCHASEPOSTEDTOSTOCKRATE","NUMBER",22,,,"Y"
"GRNDETAIL",44,"FREIGHTPOSTEDTOSTOCKRATE","NUMBER",22,,,"Y"
"GRNDETAIL",45,"JOBPOSTEDTOSTOCKRATE","NUMBER",22,,,"Y"
"GRNDETAIL",46,"STORAGELOCATIONCODE","VARCHAR2",30,,,"Y"
"GRNDETAIL",47,"MEASURINGUNITCODE","VARCHAR2",100,,,"Y"
"GRNDETAIL",48,"MRNQUANTITY1","NUMBER",22,,,"Y"
"GRNDETAIL",49,"MRNQUANTITY2","NUMBER",22,,,"Y"
"INDENT",1,"TNO","NUMBER",22,,,"N"
"INDENT",2,"COMPANYCODE","VARCHAR2",30,,,"Y"
"INDENT",3,"FINANCIALYEARCODE","VARCHAR2",30,,,"Y"
"INDENT",4,"LOCATIONCODE","VARCHAR2",30,,,"Y"
"INDENT",5,"DOCTYPECODE","VARCHAR2",30,,,"Y"
"INDENT",6,"INDENTNO","VARCHAR2",100,,,"Y"
"INDENT",7,"DEPARTMENTCODE","VARCHAR2",30,,,"Y"
"INDENT",8,"WORKORDERTNO","NUMBER",22,,,"Y"
"INDENT",9,"REMARK","VARCHAR2",100,,,"Y"
"INDENT",10,"INDENTDATE","DATE",7,,,"Y"
"INDENT",11,"ISCOMBINEDINDENT","VARCHAR2",3,,,"Y"
"INDENT",12,"JOBORDERTNO","NUMBER",22,,,"Y"
"INDENT",13,"TASKSNO","NUMBER",22,,,"Y"
"INDENT",14,"MAINTENANCEPLANTNO","NUMBER",22,,,"Y"
"INDENT",15,"BREAKDOWNTNO","NUMBER",22,,,"Y"
"INDENT",16,"CREATOR","VARCHAR2",30,,,"Y"
"INDENT",17,"PROJECTTNO","NUMBER",22,,,"Y"
"INDENT",18,"RETENTIONMONEY","NUMBER",22,,,"Y"
"INDENT",19,"ACTIVETIME","DATE",7,,,"Y"
"INDENT",20,"MAJORTASKSNO","NUMBER",22,,,"Y"
"INDENT",21,"WBDSCODE","VARCHAR2",30,,,"Y"
"INDENT",22,"TASKNATURECODE","VARCHAR2",30,,,"Y"
"INDENT",23,"ITEMNATURECODE","VARCHAR2",30,,,"Y"
"INDENT",24,"ISAUTOINDENT","VARCHAR2",3,,,"Y"
"INDENT",25,"REQUISITIONTNO","NUMBER",22,,,"Y"
"INDENT",26,"EQUIPMENTMAINTENANCEORDERTNO","NUMBER",22,,,"Y"
"INDENT",27,"CREATIONTIME","DATE",7,,,"Y"
"INDENT",28,"REFINDENTTNO","NUMBER",22,,,"Y"
"INDENT",29,"VNO","NUMBER",22,,,"Y"
"INDENT",30,"MODULECODE","VARCHAR2",30,,,"Y"
"INDENT",31,"MODULETNO","NUMBER",22,,,"Y"
"INDENTDETAIL",1,"TNO","NUMBER",22,,,"N"
"INDENTDETAIL",2,"ITEMCODE","VARCHAR2",30,,,"Y"
"INDENTDETAIL",3,"ITEMSPECIFICATIONCODE","VARCHAR2",30,,,"Y"
"INDENTDETAIL",4,"QUANTITY1","NUMBER",22,,,"Y"
"INDENTDETAIL",5,"QUANTITY2","NUMBER",22,,,"Y"
"INDENTDETAIL",6,"REQUIREMENTTIMEINDAYS","NUMBER",22,,,"Y"
"INDENTDETAIL",7,"STOCKINHAND","NUMBER",22,,,"Y"
"INDENTDETAIL",8,"REMARK","VARCHAR2",100,,,"Y"
"INDENTDETAIL",9,"DESCRIPTION","VARCHAR2",1000,,,"Y"
"INDENTDETAIL",10,"SNO","NUMBER",22,,,"N"
"INDENTDETAIL",11,"DOCUMENTSTATUSCODE","VARCHAR2",30,,,"Y"
"INDENTDETAIL",12,"SERIALNO","NUMBER",22,,,"Y"
"INDENTDETAIL",13,"ORDEREDQUANTITY1","NUMBER",22,,,"Y"
"INDENTDETAIL",14,"ORDEREDQUANTITY2","NUMBER",22,,,"Y"
"INDENTDETAIL",15,"QOH1","NUMBER",22,,,"Y"
"INDENTDETAIL",16,"QOH2","NUMBER",22,,,"Y"
"INDENTDETAIL",17,"JOBTYPECODE","VARCHAR2",30,,,"Y"
"INDENTDETAIL",18,"INDENTQUANTITY1","NUMBER",22,,,"Y"
"INDENTDETAIL",19,"INDENTQUANTITY2","NUMBER",22,,,"Y"
"INDENTDETAIL",20,"RATE","NUMBER",22,,,"Y"
"INDENTDETAIL",21,"AMOUNT","NUMBER",22,,,"Y"
"INDENTDETAIL",22,"BOMCODE","VARCHAR2",30,,,"Y"
"INDENTDETAIL",23,"ACCEPTANCEONCOMMISSIONING","VARCHAR2",3,,,"Y"
"INDENTDETAIL",24,"PHYSICALQUANTITY1","NUMBER",22,,,"Y"
"INDENTDETAIL",25,"PHYSICALQUANTITY2","NUMBER",22,,,"Y"
"INDENTDETAIL",26,"EQUIPMENTTNO","NUMBER",22,,,"Y"
"INDENTDETAIL",27,"PRIORITYCODE","VARCHAR2",30,,,"Y"
"INDENTDETAIL",28,"STATUSMODIFICATIONTIME","DATE",7,,,"Y"
"INDENTDETAIL",29,"STATUSMODIFICATIONBYUSER","VARCHAR2",30,,,"Y"
"INDENTDETAIL",30,"ENQUIRYTNO","NUMBER",22,,,"Y"
"INDENTDETAIL",31,"SN","NUMBER",22,,,"Y"
"ITEM",1,"TNO","NUMBER",22,,,"N"
"ITEM",2,"ITEMTYPE","VARCHAR2",10,,,"Y"
"ITEM",3,"ITEMCODE","VARCHAR2",30,,,"N"
"ITEM",4,"ITEMNAME","VARCHAR2",100,,,"N"
"ITEM",5,"PARENTCODE","VARCHAR2",30,,,"Y"
"ITEM",6,"DEALSINCODE","VARCHAR2",30,,,"Y"
"ITEM",7,"MEASURINGUNITCODE1","VARCHAR2",30,,,"Y"
"ITEM",8,"MEASURINGUNITCODE2","VARCHAR2",30,,,"Y"
"ITEM",9,"REMARK","VARCHAR2",1000,,,"Y"
"ITEM",10,"ISWEIGHMENTREQUIRED","VARCHAR2",3,,,"Y"
"ITEM",11,"SHORTAGEDEDUCTIONRATE","NUMBER",22,,,"Y"
"ITEM",12,"SHORTAGETOLERANCEPERCENT","NUMBER",22,,,"Y"
"ITEM",13,"CETSH","VARCHAR2",100,,,"Y"
"ITEM",14,"STOCKACCOUNTCODE","VARCHAR2",30,,,"Y"
"ITEM",15,"CONSUMPTIONACCOUNTCODE","VARCHAR2",30,,,"Y"
"ITEM",16,"ITEMCLASSCODE","VARCHAR2",30,,,"Y"
"ITEM",17,"CREATOR","VARCHAR2",30,,,"Y"
"ITEM",18,"ITEMCATEGORYCODE","VARCHAR2",30,,,"Y"
"ITEM",19,"ITEMREQUESTTNO","NUMBER",22,,,"Y"
"ITEM",20,"BEFOREINSPECTIONSLCODE","VARCHAR2",30,,,"Y"
"ITEM",21,"AFTERINSPECTIONSLCODE","VARCHAR2",30,,,"Y"
"ITEM",22,"ITEMNATURECODE","VARCHAR2",30,,,"Y"
"ITEM",23,"LOCATIONCODE","VARCHAR2",30,,,"Y"
"ITEM",24,"DEPARTMENTCODE","VARCHAR2",30,,,"Y"
"ITEM",25,"CETSHCODE","VARCHAR2",30,,,"Y"
"ITEM",26,"RG1","VARCHAR2",3,,,"Y"
"ITEM",27,"OPENINGACCOUNTCODE","VARCHAR2",30,,,"Y"
"ITEM",28,"COILNOREQUIRED","VARCHAR2",3,,,"Y"
"ITEM",29,"HEATNOREQUIRED","VARCHAR2",3,,,"Y"
"ITEM",30,"GRADEREQUIRED","VARCHAR2",3,,,"Y"
"ITEM",31,"COLORCODEREQUIRED","VARCHAR2",3,,,"Y"
"ITEM",32,"SOURCEREQUIRED","VARCHAR2",3,,,"Y"
"ITEM",33,"LENGTHREQUIRED","VARCHAR2",3,,,"Y"
"ITEM",34,"MODEOFCASTREQUIRED","VARCHAR2",3,,,"Y"
"ITEM",35,"CWIPACCOUNTCODE","VARCHAR2",30,,,"Y"
"ITEM",36,"IMPORTTNO","NUMBER",22,,,"Y"
"ITEM",37,"SIZEREQUIRED","VARCHAR2",3,,,"Y"
"ITEM",38,"STOCKATITEMLEVEL","VARCHAR2",3,,,"Y"
"ITEM",39,"STOCKITEMSPECIFICATIONCODE","VARCHAR2",30,,,"Y"
"ITEM",40,"ITEMLEVEL","NUMBER",22,,,"Y"
"ITEM",41,"ITEMLEVELNAME","VARCHAR2",100,,,"Y"
"ITEM",42,"ISEQUIPMENT","VARCHAR2",3,,,"Y"
"ITEM",43,"PROCUREMENTSTRATEGY","VARCHAR2",30,,,"Y"
"ITEM",44,"ORDERINGPOLICY","VARCHAR2",30,,,"Y"
"ITEM",45,"PURCHASEPRIFRENCELOCATIONCODE","VARCHAR2",30,,,"Y"
"ITEM",46,"SERIALNOREQUIRED","VARCHAR2",3,,,"Y"
"ITEM",47,"CREATIONTIME","DATE",7,,,"Y"
"ITEM",48,"COMPANYCODE","VARCHAR2",30,,,"Y"
"ITEM",49,"ITEMCLASSIFICATIONCODE","VARCHAR2",30,,,"Y"
"ITEM",50,"LOTNOREQUIRED","VARCHAR2",3,,,"Y"
"ITEM",51,"BULKDENSITY","NUMBER",22,,,"Y"
"ITEM",52,"ACESSRECEIVEDALLOWED","VARCHAR2",3,,,"Y"
"ITEM",53,"RATEPERUNITOFACCESSRECEIVED","NUMBER",22,,,"Y"
"ITEM",54,"CHARTSERIALNO","VARCHAR2",100,,,"Y"
"ITEM",55,"SALEACCOUNTCODE","VARCHAR2",30,,,"Y"
"ITEMCATEGORY",1,"TNO","NUMBER",22,,,"Y"
"ITEMCATEGORY",2,"ITEMCATEGORYCODE","VARCHAR2",30,,,"Y"
"ITEMCATEGORY",3,"ITEMCATEGORYNAME","VARCHAR2",100,,,"Y"
"ITEMCATEGORY",4,"REMARK","VARCHAR2",1000,,,"Y"
"ITEMCATEGORY",5,"CREATIONTIME","DATE",7,,,"Y"
"ITEMCATEGORY",6,"CREATOR","VARCHAR2",30,,,"Y"
"ITEMSPECIFICATION",1,"TNO","NUMBER",22,,,"N"
"ITEMSPECIFICATION",2,"SNO","NUMBER",22,,,"Y"
"ITEMSPECIFICATION",3,"ITEMSPECIFICATIONCODE","VARCHAR2",30,,,"N"
"ITEMSPECIFICATION",4,"ITEMSPECIFICATIONNAME","VARCHAR2",100,,,"Y"
"ITEMSPECIFICATION",5,"MULTIPLYINGFACTOR","NUMBER",22,,,"Y"
"ITEMSPECIFICATION",6,"MINIMUMLEVEL","NUMBER",22,,,"Y"
"ITEMSPECIFICATION",7,"MAXIMUMLEVEL","NUMBER",22,,,"Y"
"ITEMSPECIFICATION",8,"REORDERLEVEL","NUMBER",22,,,"Y"
"ITEMSPECIFICATION",9,"REORDERQUANTITY","NUMBER",22,,,"Y"
"ITEMSPECIFICATION",10,"LEADTIME","NUMBER",22,,,"Y"
"ITEMSPECIFICATION",11,"INDENTINGPATTERN","VARCHAR2",15,,,"Y"
"ITEMSPECIFICATION",12,"LASTPARTYCODE","VARCHAR2",30,,,"Y"
"ITEMSPECIFICATION",13,"LASTRATE","NUMBER",22,,,"Y"
"ITEMSPECIFICATION",14,"LASTDATE","DATE",7,,,"Y"
"ITEMSPECIFICATION",15,"ECONOMICPARTYCODE","VARCHAR2",30,,,"Y"
"ITEMSPECIFICATION",16,"ECONOMICRATE","NUMBER",22,,,"Y"
"ITEMSPECIFICATION",17,"REMARK","VARCHAR2",1000,,,"Y"
"ITEMSPECIFICATION",18,"ISWEIGHMENTREQUIRED","VARCHAR2",3,,,"Y"
"ITEMSPECIFICATION",19,"LASTRATEMEASURINGUNITCODE","VARCHAR2",30,,,"Y"
"ITEMSPECIFICATION",20,"CESSRATE","NUMBER",22,,,"Y"
"ITEMSPECIFICATION",21,"CRACCOUNTCODE","VARCHAR2",30,,,"Y"
"ITEMSPECIFICATION",22,"DRACCOUNTCODE","VARCHAR2",30,,,"Y"
"ITEMSPECIFICATION",23,"FORM4","VARCHAR2",3,,,"Y"
"ITEMSPECIFICATION",24,"FORMD","VARCHAR2",3,,,"Y"
"ITEMSPECIFICATION",25,"FORME","VARCHAR2",3,,,"Y"
"ITEMSPECIFICATION",26,"CETSH","VARCHAR2",100,,,"Y"
"ITEMSPECIFICATION",27,"STOCKACCOUNTCODE","VARCHAR2",30,,,"Y"
"ITEMSPECIFICATION",28,"CONSUMPTIONACCOUNTCODE","VARCHAR2",30,,,"Y"
"ITEMSPECIFICATION",29,"DOCUMENTSTATUSCODE","VARCHAR2",30,,,"Y"
"ITEMSPECIFICATION",30,"OLDITEMCODE","VARCHAR2",30,,,"Y"
"ITEMSPECIFICATION",31,"OLDITEMNAME","VARCHAR2",100,,,"Y"
"ITEMSPECIFICATION",32,"BEFOREINSPECTIONSLCODE","VARCHAR2",30,,,"Y"
"ITEMSPECIFICATION",33,"AFTERINSPECTIONSLCODE","VARCHAR2",30,,,"Y"
"ITEMSPECIFICATION",34,"ISEQUIPMENT","VARCHAR2",30,,,"Y"
"ITEMSPECIFICATION",35,"RG23","VARCHAR2",1,,,"Y"
"ITEMSPECIFICATION",36,"CETSHCODE","VARCHAR2",30,,,"Y"
"ITEMSPECIFICATION",37,"RG1","VARCHAR2",3,,,"Y"
"ITEMSPECIFICATION",38,"ISCAPTIVEITEM","VARCHAR2",3,,,"Y"
"ITEMSPECIFICATION",39,"CHARGEABLEISSUERATE","NUMBER",22,,,"Y"
"ITEMSPECIFICATION",40,"ISSELECTED","VARCHAR2",3,,,"Y"
"ITEMSPECIFICATION",41,"QUALITYREQUIRED","VARCHAR2",3,,,"Y"
"ITEMSPECIFICATION",42,"CREATOR","VARCHAR2",30,,,"Y"
"ITEMSPECIFICATION",43,"CREATEDON","DATE",7,,,"Y"
"ITEMSPECIFICATION",44,"HSNCODE","VARCHAR2",30,,,"Y"
"ITEMSPECIFICATION",45,"IMPORTTNO","NUMBER",22,,,"Y"
"ITEMSPECIFICATION",46,"ITEMGRADECODE","VARCHAR2",30,,,"Y"
"ITEMSPECIFICATION",47,"ITEMSIZECODE","VARCHAR2",30,,,"Y"
"ITEMSPECIFICATION",48,"EMPLOYEEDEDUCTIONAMOUNT","NUMBER",22,,,"Y"
"ITEMSPECIFICATION",49,"LIFEINMONTHS","NUMBER",22,,,"Y"
"ITEMSPECIFICATION",50,"ISRETURNABLE","VARCHAR2",3,,,"Y"
"ITEMSPECIFICATION",51,"ISVEHICLE","VARCHAR2",3,,,"Y"
"ITEMSPECIFICATION",52,"ISREPLACEABLEITEM","VARCHAR2",3,,,"Y"
"ITEMSPECIFICATION",53,"REPLACEABLEITEMCODE","VARCHAR2",30,,,"Y"
"ITEMSPECIFICATION",54,"REPLACEABLEITEMSPECCODE","VARCHAR2",30,,,"Y"
"ITEMSPECIFICATION",55,"WEIGHMENTUNITCODE","VARCHAR2",30,,,"Y"
"ITEMSPECIFICATION",56,"ISAUTOINSPECTION","VARCHAR2",3,,,"Y"
"ITEMSPECIFICATION",57,"LOTNOREQUIRED","VARCHAR2",3,,,"Y"
"ITEMSPECIFICATION",58,"ISCHARACTERISTICSINCLUDE","VARCHAR2",3,,,"Y"
"ITEMSPECIFICATION",59,"SKU","VARCHAR2",30,,,"Y"
"ITEMSPECIFICATION",60,"ITEMLENGTHCODE","VARCHAR2",30,,,"Y"
"ITEMSPECIFICATION",61,"ITEMWIDTHCODE","VARCHAR2",30,,,"Y"
"ITEMSPECIFICATION",62,"ITEMTHICKNESSCODE","VARCHAR2",30,,,"Y"
"ITEMSPECIFICATION",63,"ITEMMAKECODE","VARCHAR2",30,,,"Y"
"ITEMSPECIFICATIONDETAIL",1,"TNO","NUMBER",22,,,"Y"
"ITEMSPECIFICATIONDETAIL",2,"SNO","NUMBER",22,,,"Y"
"ITEMSPECIFICATIONDETAIL",3,"ITEMCHARACTERISTICSCODE","VARCHAR2",30,,,"Y"
"ITEMSPECIFICATIONDETAIL",4,"MCVALUESNO","NUMBER",22,,,"Y"
"ITEMSPECIFICATIONDETAIL",5,"VALUE","VARCHAR2",500,,,"Y"
"ITEMSPECIFICATIONDETAIL",6,"SN","NUMBER",22,,,"Y"
"ITEMSPECIFICATIONDETAIL",7,"ISCHARACTERISTICSINCLUDE","VARCHAR2",3,,,"Y"
"ITEMTYPE",1,"TNO","NUMBER",22,,,"N"
"ITEMTYPE",2,"ITEMTYPECODE","VARCHAR2",30,,,"N"
"ITEMTYPE",3,"ITEMTYPENAME","VARCHAR2",100,,,"N"
"ITEMTYPE",4,"ITEMTYPESHORTNAME","VARCHAR2",10,,,"N"
"ITEMTYPE",5,"REMARK","VARCHAR2",100,,,"Y"
"ITEMTYPE",6,"CREATOR","VARCHAR2",30,,,"Y"
"ITEMTYPE",7,"CREATIONTIME","DATE",7,,,"Y"
"ITEMTYPE",8,"PARENTCODE","VARCHAR2",30,,,"Y"
"LOADINGADVICE",1,"TNO","NUMBER",22,,,"N"
"LOADINGADVICE",2,"COMPANYCODE","VARCHAR2",30,,,"Y"
"LOADINGADVICE",3,"FINANCIALYEARCODE","VARCHAR2",30,,,"Y"
"LOADINGADVICE",4,"LOCATIONCODE","VARCHAR2",30,,,"Y"
"LOADINGADVICE",5,"DOCTYPECODE","VARCHAR2",30,,,"Y"
"LOADINGADVICE",6,"LOADINGADVICEDATE","DATE",7,,,"Y"
"LOADINGADVICE",7,"LOADINGADVICENO","VARCHAR2",100,,,"Y"
"LOADINGADVICE",8,"ISSUEDBYPARTYCODE","VARCHAR2",30,,,"Y"
"LOADINGADVICE",9,"ISSUEDTOPARTYCODE","VARCHAR2",30,,,"Y"
"LOADINGADVICE",10,"SOURCEPLACECODE","VARCHAR2",30,,,"Y"
"LOADINGADVICE",11,"SUPPLIERCODE","VARCHAR2",30,,,"Y"
"LOADINGADVICE",12,"PURCHASEORDERTNO","NUMBER",22,,,"Y"
"LOADINGADVICE",13,"DESTINATIONPLACECODE","VARCHAR2",30,,,"Y"
"LOADINGADVICE",14,"ISWAREHOUSE","VARCHAR2",3,,,"Y"
"LOADINGADVICE",15,"ISPARTYLOCATION","VARCHAR2",3,,,"Y"
"LOADINGADVICE",16,"SALESORDERTNO","NUMBER",22,,,"Y"
"LOADINGADVICE",17,"JOBORDERTNO","NUMBER",22,,,"Y"
"LOADINGADVICE",18,"FREIGHTTYPECODE","VARCHAR2",30,,,"Y"
"LOADINGADVICE",19,"FREIGHTRATE","NUMBER",22,,,"Y"
"LOADINGADVICE",20,"FREIGHTADVANCE","NUMBER",22,,,"Y"
"LOADINGADVICE",21,"VEHICLENO","VARCHAR2",30,,,"Y"
"LOADINGADVICE",22,"DRIVERMOBILENO","VARCHAR2",30,,,"Y"
"LOADINGADVICE",23,"EWAYBILLNO","VARCHAR2",30,,,"Y"
"LOADINGADVICE",24,"CREATOR","VARCHAR2",30,,,"Y"
"LOADINGADVICE",25,"CREATIONTIME","DATE",7,,,"Y"
"LOADINGADVICE",26,"FREIGHTUNITCODE","VARCHAR2",30,,,"Y"
"LOADINGADVICE",27,"EWAYBILLDATE","DATE",7,,,"Y"
"LOADINGADVICE",28,"VEHICLETYPE","VARCHAR2",30,,,"Y"
"LOADINGADVICE",29,"SALESGRNTNO","NUMBER",22,,,"Y"
"LOADINGADVICE",30,"DRIVERNAME","VARCHAR2",100,,,"Y"
"LOADINGADVICE",31,"ISSUEDBYEMPLOYEECODE","VARCHAR2",30,,,"Y"
"LOADINGADVICE",32,"SODELIVERYADDRESS","VARCHAR2",500,,,"Y"
"LOADINGADVICE",33,"JODELIVERYADDRESS","VARCHAR2",500,,,"Y"
"LOADINGADVICE",34,"FREIGHTCHARGEDAT","VARCHAR2",30,,,"Y"
"LOADINGADVICE",35,"OUTWARDFRATNO","NUMBER",22,,,"Y"
"LOADINGADVICEDETAIL",1,"TNO","NUMBER",22,,,"N"
"LOADINGADVICEDETAIL",2,"SNO","NUMBER",22,,,"N"
"LOADINGADVICEDETAIL",3,"ITEMCODE","VARCHAR2",30,,,"Y"
"LOADINGADVICEDETAIL",4,"ITEMSPECIFICATIONCODE","VARCHAR2",30,,,"Y"
"LOADINGADVICEDETAIL",5,"DESCRIPTION","VARCHAR2",1000,,,"Y"
"LOADINGADVICEDETAIL",6,"QUANTITY1","NUMBER",22,,,"Y"
"LOADINGADVICEDETAIL",7,"QUANTITY2","NUMBER",22,,,"Y"
"LOADINGADVICEDETAIL",8,"REMARK","VARCHAR2",1000,,,"Y"
"LOCATION",1,"LOCATIONCODE","VARCHAR2",30,,,"N"
"LOCATION",2,"LOCATIONNAME","VARCHAR2",100,,,"Y"
"LOCATION",3,"LOCATIONSHORTNAME","VARCHAR2",10,,,"Y"
"LOCATION",4,"TNO","NUMBER",22,,,"Y"
"LOCATION",5,"REMARK","VARCHAR2",1000,,,"Y"
"LOCATION",6,"DATECREATED","DATE",7,,,"Y"
"LOCATION",7,"DATEMODIFY","DATE",7,,,"Y"
"LOCATION",8,"PARENTCODE","VARCHAR2",30,,,"Y"
"LOCATION",9,"CREATOR","VARCHAR2",30,,,"Y"
"LOCATION",10,"ISDIVISION","VARCHAR2",3,,,"Y"
"LOCATION",11,"CREATIONTIME","DATE",7,,,"Y"
"LOCATION",12,"PARTYCODE","VARCHAR2",30,,,"Y"
"LOCATION",13,"DESTINATIONCODE","VARCHAR2",30,,,"Y"
"LOCATION",14,"TRACKINGREQUIRED","VARCHAR2",3,,,"Y"
"LOCATION",15,"LATITUDE","NUMBER",22,,,"Y"
"LOCATION",16,"LONGITUDE","NUMBER",22,,,"Y"
"LOCATION",17,"PETTYCASHACCOUNTCODE","VARCHAR2",30,,,"Y"
"LOCATION",18,"ZONECODE","VARCHAR2",30,,,"Y"
"LOCATION",19,"TRANSACTIONALCYCLECOUNT","VARCHAR2",30,,,"Y"
"LOCATION",20,"STORAGERESERVATIONREQUIRED","VARCHAR2",3,,,"Y"
"LOCATION",21,"LRENTRYITEMWISE","VARCHAR2",3,,,"Y"
"LOCATION",22,"FSABILLWITHCODE","VARCHAR2",30,,,"Y"
"LOCATION",23,"PREMISESCODE","VARCHAR2",30,,,"Y"
"LOCATION",24,"ISPREMISESOFMULTIPLEWAREHOUSE","VARCHAR2",30,,,"Y"
"LOCATION",25,"VEHICLEPLANNING","VARCHAR2",3,,,"Y"
"LOCATION",26,"PODPERCENTFORTRANSPORTERBILL","NUMBER",22,,,"Y"
"LOCATION",27,"OPERATIONBOSSUSERCODE","VARCHAR2",30,,,"Y"
"LOCATION",28,"TRANSPORTATIONBOSSUSERCODE","VARCHAR2",30,,,"Y"
"LOCATION",29,"LRENTRYSLIPPRINTGROUPWISE","VARCHAR2",3,,,"Y"
"LOCATION",30,"WAREHOUSEBOSSUSERCODE","VARCHAR2",30,,,"Y"
"LOCATION",31,"PRINTGATEPASSWITHDISPATCHSLIP","VARCHAR2",3,,,"Y"
"LOCATION",32,"OVERTIMEFORSANCTIONEDDAY","VARCHAR2",3,,,"Y"
"LOCATION",33,"GATEENTRYREQUIRED","VARCHAR2",3,,,"Y"
"LOCATION",34,"AVERAGEWEIGHTPERNOS","NUMBER",22,,,"Y"
"LOCATION",35,"STATECODE","VARCHAR2",30,,,"Y"
"LOCATION",36,"SHIPMENTDOCNOINDISPATCHSLIP","VARCHAR2",3,,,"Y"
"LOCATION",37,"PAIDBILTYCLAIMIMMEDIATE","VARCHAR2",3,,,"Y"
"LOCATION",38,"CITYCODE","VARCHAR2",30,,,"Y"
"LOCATION",39,"ASSETACCOUNTCODE","VARCHAR2",30,,,"Y"
"LOCATION",40,"BRANCHACCOUNTCODE","VARCHAR2",30,,,"Y"
"LOCATION",41,"COMPANYCODE","VARCHAR2",30,,,"Y"
"LOCATION",42,"ISITBRANCH","VARCHAR2",3,,,"Y"
"LOCATION",43,"FRANCHISEID","VARCHAR2",30,,,"Y"
"LOCATION",44,"FRANCHISENAME","VARCHAR2",100,,,"Y"
"LOCATION",45,"ACCOUNTCODE","VARCHAR2",30,,,"Y"
"LOCATION",46,"STATUS","VARCHAR2",30,,,"Y"
"LOCATION",47,"ADDRESS1","VARCHAR2",100,,,"Y"
"LOCATION",48,"ADDRESS2","VARCHAR2",100,,,"Y"
"LOCATION",49,"ADDRESS3","VARCHAR2",100,,,"Y"
"LOCATION",50,"BRANCHTYPECODE","VARCHAR2",30,,,"Y"
"LOCATION",51,"PINCODE","VARCHAR2",10,,,"Y"
"LOCATION",52,"GSTINNO","VARCHAR2",16,,,"Y"
"LOCATION",53,"MOBILENO","VARCHAR2",10,,,"Y"
"LOCATION",54,"EMAILID","VARCHAR2",30,,,"Y"
"MATERIALIN",1,"TNO","NUMBER",22,,,"N"
"MATERIALIN",2,"LOCATIONCODE","VARCHAR2",30,,,"Y"
"MATERIALIN",3,"DOCTYPECODE","VARCHAR2",30,,,"Y"
"MATERIALIN",4,"COMPANYCODE","VARCHAR2",30,,,"Y"
"MATERIALIN",5,"FINANCIALYEARCODE","VARCHAR2",30,,,"Y"
"MATERIALIN",6,"MATERIALINNO","VARCHAR2",100,,,"Y"
"MATERIALIN",7,"MATERIALINDATE","DATE",7,,,"Y"
"MATERIALIN",8,"PARTYCODE","VARCHAR2",30,,,"Y"
"MATERIALIN",9,"PURCHASEORDERTNO","NUMBER",22,,,"Y"
"MATERIALIN",10,"JOBORDERTNO","NUMBER",22,,,"Y"
"MATERIALIN",11,"DELIVERYORDERTNO","NUMBER",22,,,"Y"
"MATERIALIN",12,"TRANSPORTERCODE","VARCHAR2",30,,,"Y"
"MATERIALIN",13,"DRIVERNAME","VARCHAR2",100,,,"Y"
"MATERIALIN",14,"VEHICLETYPECODE","VARCHAR2",30,,,"Y"
"MATERIALIN",15,"VEHICLENO","VARCHAR2",20,,,"Y"
"MATERIALIN",16,"UNIONNAME","VARCHAR2",100,,,"Y"
"MATERIALIN",17,"MINESCODE","VARCHAR2",30,,,"Y"
"MATERIALIN",18,"REFDOCTYPECODE","VARCHAR2",30,,,"Y"
"MATERIALIN",19,"REFDOCNO","VARCHAR2",100,,,"Y"
"MATERIALIN",20,"REFDOCDATE","DATE",7,,,"Y"
"MATERIALIN",21,"REFDOCAMOUNT","NUMBER",22,,,"Y"
"MATERIALIN",22,"SALETAXFORMTYPECODE","VARCHAR2",30,,,"Y"
"MATERIALIN",23,"ISWEIGHTTAKEN","VARCHAR2",3,,,"Y"
"MATERIALIN",24,"ISGRNPREPARED","VARCHAR2",3,,,"Y"
"MATERIALIN",25,"FREIGHTTYPECODE","VARCHAR2",30,,,"Y"
"MATERIALIN",26,"CCINVOICETNO","NUMBER",22,,,"Y"
"MATERIALIN",27,"RAKETNO","NUMBER",22,,,"Y"
"MATERIALIN",28,"FORM59NO","VARCHAR2",100,,,"Y"
"MATERIALIN",29,"FORM59TOKENDATE","DATE",7,,,"Y"
"MATERIALIN",30,"FORM59TOKENNO","VARCHAR2",100,,,"Y"
"MATERIALIN",31,"LRNO","VARCHAR2",100,,,"Y"
"MATERIALIN",32,"GATEPASSTNO","NUMBER",22,,,"Y"
"MATERIALIN",33,"LRDATE","DATE",7,,,"Y"
"MATERIALIN",34,"DELIVERYORDERSNO","NUMBER",22,,,"Y"
"MATERIALIN",35,"MATERIALINTRANSITTNO","NUMBER",22,,,"Y"
"MATERIALIN",36,"GROSSWEIGHT","NUMBER",22,,,"Y"
"MATERIALIN",37,"TAREWEIGHT","NUMBER",22,,,"Y"
"MATERIALIN",38,"NETWEIGHT","NUMBER",22,,,"Y"
"MATERIALIN",39,"TOMODULECODE","VARCHAR2",30,,,"Y"
"MATERIALIN",40,"TOMODULETNO","NUMBER",22,,,"Y"
"MATERIALIN",41,"GATEINTIME","DATE",7,,,"Y"
"MATERIALIN",42,"GATEOUTTIME","DATE",7,,,"Y"
"MATERIALIN",43,"ISEXCISABLE","VARCHAR2",30,,,"Y"
"MATERIALIN",44,"TAXVEHICLENO","VARCHAR2",100,,,"Y"
"MATERIALIN",45,"MPARTYCODE","VARCHAR2",30,,,"Y"
"MATERIALIN",46,"MBILLNO","VARCHAR2",100,,,"Y"
"MATERIALIN",47,"MBILLDATE","DATE",7,,,"Y"
"MATERIALIN",48,"REPORTINGTIME","DATE",7,,,"Y"
"MATERIALIN",49,"DRIVERMOBILENO","VARCHAR2",10,,,"Y"
"MATERIALIN",50,"PREDELIVERYINSPECTIONTNO","NUMBER",22,,,"Y"
"MATERIALIN",51,"INTERUNITTRANSFERCCINVOICETNO","NUMBER",22,,,"Y"
"MATERIALIN",52,"WORKORDERTNO","NUMBER",22,,,"Y"
"MATERIALIN",53,"LIFTINGFROMCITYCODE","VARCHAR2",30,,,"Y"
"MATERIALIN",54,"MODULETNO","NUMBER",22,,,"Y"
"MATERIALIN",55,"MODULECODE","VARCHAR2",30,,,"Y"
"MATERIALIN",56,"BURNINGALLOWEDPERCENT","NUMBER",22,,,"Y"
"MATERIALIN",57,"DELIVERYANDPAYMENTSCHEDULETNO","NUMBER",22,,,"Y"
"MATERIALIN",58,"DELIVERYANDPAYMENTSCHEDULESNO","NUMBER",22,,,"Y"
"MATERIALIN",59,"ASSETTRANFERORDERTNO","NUMBER",22,,,"Y"
"MATERIALIN",60,"EQUIPMENTTRANSFERNOTETNO","NUMBER",22,,,"Y"
"MATERIALIN",61,"SHIFTINGADVICETNO","NUMBER",22,,,"Y"
"MATERIALIN",62,"SHIFTINGTNO","NUMBER",22,,,"Y"
"MATERIALIN",63,"GATEREPORTINGTIME","DATE",7,,,"Y"
"MATERIALIN",64,"DELIVERYINTIMATIONTNO","NUMBER",22,,,"Y"
"MATERIALIN",65,"NOSOFPACKAGES","NUMBER",22,,,"Y"
"MATERIALIN",66,"OLDVEHICLENO","VARCHAR2",30,,,"Y"
"MATERIALIN",67,"PORTGRNTNO","NUMBER",22,,,"Y"
"MATERIALIN",68,"REMARK","VARCHAR2",1000,,,"Y"
"MATERIALIN",69,"CREATOR","VARCHAR2",30,,,"Y"
"MATERIALIN",70,"CREATIONTIME","DATE",7,,,"Y"
"MATERIALIN",71,"LOADINGADVICETNO","NUMBER",22,,,"Y"
"MATERIALINDETAIL",1,"TNO","NUMBER",22,,,"N"
"MATERIALINDETAIL",2,"SNO","NUMBER",22,,,"N"
"MATERIALINDETAIL",3,"ITEMCODE","VARCHAR2",30,,,"Y"
"MATERIALINDETAIL",4,"ITEMSPECIFICATIONCODE","VARCHAR2",30,,,"Y"
"MATERIALINDETAIL",5,"PACKINGTYPECODE","VARCHAR2",30,,,"Y"
"MATERIALINDETAIL",6,"DESCRIPTION","VARCHAR2",1000,,,"Y"
"MATERIALINDETAIL",7,"QUANTITY1","NUMBER",22,,,"Y"
"MATERIALINDETAIL",8,"QUANTITY2","NUMBER",22,,,"Y"
"MATERIALINDETAIL",9,"ISWEIGHTTAKEN","VARCHAR2",3,,,"Y"
"MATERIALINDETAIL",10,"PURCHASEORDERTNO","NUMBER",22,,,"Y"
"MATERIALINDETAIL",11,"JOBORDERTNO","NUMBER",22,,,"Y"
"MATERIALINDETAIL",12,"PACKINGNOS","NUMBER",22,,,"Y"
"MATERIALINDETAIL",13,"ISEXCISABLE","VARCHAR2",3,,,"Y"
"MATERIALINDETAIL",14,"REMARK","VARCHAR2",1000,,,"Y"
"MATERIALOUT",1,"TNO","NUMBER",22,,,"Y"
"MATERIALOUT",2,"LOCATIONCODE","VARCHAR2",30,,,"Y"
"MATERIALOUT",3,"DOCTYPECODE","VARCHAR2",30,,,"Y"
"MATERIALOUT",4,"COMPANYCODE","VARCHAR2",30,,,"Y"
"MATERIALOUT",5,"FINANCIALYEARCODE","VARCHAR2",30,,,"Y"
"MATERIALOUT",6,"MATERIALOUTNO","VARCHAR2",100,,,"Y"
"MATERIALOUT",7,"MATERIALOUTDATE","DATE",7,,,"Y"
"MATERIALOUT",8,"PARTYCODE","VARCHAR2",30,,,"Y"
"MATERIALOUT",9,"TRANSPORTERCODE","VARCHAR2",30,,,"Y"
"MATERIALOUT",10,"DRIVERNAME","VARCHAR2",100,,,"Y"
"MATERIALOUT",11,"VEHICLETYPECODE","VARCHAR2",30,,,"Y"
"MATERIALOUT",12,"VEHICLENO","VARCHAR2",20,,,"Y"
"MATERIALOUT",13,"UNIONNAME","VARCHAR2",100,,,"Y"
"MATERIALOUT",14,"REFDOCTYPECODE","VARCHAR2",30,,,"Y"
"MATERIALOUT",15,"REFDOCNO","VARCHAR2",100,,,"Y"
"MATERIALOUT",16,"REFDOCDATE","DATE",7,,,"Y"
"MATERIALOUT",17,"REFDOCAMOUNT","NUMBER",22,,,"Y"
"MATERIALOUT",18,"SALETAXFORMTYPECODE","VARCHAR2",30,,,"Y"
"MATERIALOUT",19,"REMARK","VARCHAR2",1000,,,"Y"
"MATERIALOUT",20,"REFERENCETNO","NUMBER",22,,,"Y"
"MATERIALOUT",21,"MATERIALGATEOUTDATE","DATE",7,,,"Y"
"MATERIALOUT",22,"OUTPASSBYCODE","VARCHAR2",30,,,"Y"
"MATERIALOUT",23,"CREATOR","VARCHAR2",30,,,"Y"
"MATERIALOUT",24,"GATEINTIME","DATE",7,,,"Y"
"MATERIALOUT",25,"GATEOUTTIME","DATE",7,,,"Y"
"MATERIALOUT",26,"NOOFTYRE","NUMBER",22,,,"Y"
"MATERIALOUT",27,"DLNO","VARCHAR2",30,,,"Y"
"MATERIALOUT",28,"DLVALIDITY","DATE",7,,,"Y"
"MATERIALOUT",29,"PUCVALIDITY","DATE",7,,,"Y"
"MATERIALOUT",30,"TRUCKCONDITION","VARCHAR2",1000,,,"Y"
"MATERIALOUT",31,"TOOLS","VARCHAR2",1000,,,"Y"
"MATERIALOUT",32,"MODULETNO","NUMBER",22,,,"Y"
"MATERIALOUT",33,"MODULECODE","VARCHAR2",30,,,"Y"
"MATERIALOUT",34,"REFERENCEMODULECODE","VARCHAR2",30,,,"Y"
"MATERIALOUT",35,"CREATIONTIME","DATE",7,,,"Y"
"MATERIALOUT",36,"DRIVERMOBILENO","NUMBER",22,,,"Y"
"MATERIALOUTDETAIL",1,"TNO","NUMBER",22,,,"Y"
"MATERIALOUTDETAIL",2,"ITEMCODE","VARCHAR2",30,,,"Y"
"MATERIALOUTDETAIL",3,"ITEMSPECIFICATIONCODE","VARCHAR2",30,,,"Y"
"MATERIALOUTDETAIL",4,"PACKINGTYPECODE","VARCHAR2",30,,,"Y"
"MATERIALOUTDETAIL",5,"DESCRIPTION","VARCHAR2",1000,,,"Y"
"MATERIALOUTDETAIL",6,"QUANTITY1","NUMBER",22,,,"Y"
"MATERIALOUTDETAIL",7,"QUANTITY2","NUMBER",22,,,"Y"
"MATERIALOUTDETAIL",8,"REMARK","VARCHAR2",1000,,,"Y"
"MATERIALOUTDETAIL",9,"SNO","NUMBER",22,,,"Y"
"MATERIALOUTDETAIL",10,"ISWEIGHTTAKEN","VARCHAR2",3,,,"Y"
"MEASURINGUNIT",1,"TNO","NUMBER",22,,,"N"
"MEASURINGUNIT",2,"MEASURINGUNITCODE","VARCHAR2",30,,,"Y"
"MEASURINGUNIT",3,"MEASURINGUNITNAME","VARCHAR2",30,,,"Y"
"MEASURINGUNIT",4,"DECIMALPLACE","NUMBER",22,,,"Y"
"MEASURINGUNIT",5,"DATECRATED","DATE",7,,,"Y"
"MEASURINGUNIT",6,"DATEMODIFY","DATE",7,,,"Y"
"MEASURINGUNIT",7,"ISWEIGHMENTREQUIRED","VARCHAR2",3,,,"Y"
"MEASURINGUNIT",8,"DIVISORFACTOR","NUMBER",22,,,"Y"
"MEASURINGUNIT",9,"MULTIPLYINGFACTOR","NUMBER",22,,,"Y"
"MEASURINGUNIT",10,"GSTUQCCODE","VARCHAR2",30,,,"Y"
"MEASURINGUNIT",11,"FORMANPOWER","VARCHAR2",3,,,"Y"
"MEASURINGUNIT",12,"REMARK","VARCHAR2",100,,,"Y"
"MEASURINGUNIT",13,"CREATIONTIME","DATE",7,,,"Y"
"MEASURINGUNIT",14,"CREATOR","VARCHAR2",30,,,"Y"
"PARTY",1,"TNO","NUMBER",22,,,"Y"
"PARTY",2,"PARTYCODE","VARCHAR2",30,,,"N"
"PARTY",3,"PARTYNAME","VARCHAR2",100,,,"Y"
"PARTY",4,"PARTYTYPECODE","VARCHAR2",30,,,"Y"
"PARTY",5,"PARTYGRADECODE","VARCHAR2",1,,,"Y"
"PARTY",6,"PARTYSTATUS","VARCHAR2",9,,,"Y"
"PARTY",7,"PARENTCODE","VARCHAR2",30,,,"Y"
"PARTY",8,"OWNERNAME","VARCHAR2",100,,,"Y"
"PARTY",9,"CONTACTPERSON","VARCHAR2",100,,,"Y"
"PARTY",10,"DESIGNATIONCODE","VARCHAR2",30,,,"Y"
"PARTY",11,"TINNO","VARCHAR2",30,,,"Y"
"PARTY",12,"OFFICEADDRESS","VARCHAR2",100,,,"Y"
"PARTY",13,"OFFICECITYCODE","VARCHAR2",30,,,"Y"
"PARTY",14,"OFFICESTATECODE","VARCHAR2",30,,,"Y"
"PARTY",15,"OFFICEPINCODE","VARCHAR2",10,,,"Y"
"PARTY",16,"OFFICEPHONENO","VARCHAR2",100,,,"Y"
"PARTY",17,"OFFICEFAXNO","VARCHAR2",100,,,"Y"
"PARTY",18,"OFFICEEMAIL","VARCHAR2",100,,,"Y"
"PARTY",19,"WORKSADDRESS","VARCHAR2",100,,,"Y"
"PARTY",20,"WORKSCITYCODE","VARCHAR2",30,,,"Y"
"PARTY",21,"WORKSSTATECODE","VARCHAR2",30,,,"Y"
"PARTY",22,"WORKSPINCODE","VARCHAR2",10,,,"Y"
"PARTY",23,"WORKSPHONENO","VARCHAR2",100,,,"Y"
"PARTY",24,"WORKSFAXNO","VARCHAR2",100,,,"Y"
"PARTY",25,"WORKSEMAIL","VARCHAR2",100,,,"Y"
"PARTY",26,"REMARK","VARCHAR2",1000,,,"Y"
"PARTY",27,"PARTYSHORTNAME","VARCHAR2",10,,,"Y"
"PARTY",28,"PARTYRANK","VARCHAR2",30,,,"Y"
"PARTY",29,"OFFICEADDRESS1","VARCHAR2",100,,,"Y"
"PARTY",30,"OFFICEADDRESS2","VARCHAR2",100,,,"Y"
"PARTY",31,"OFFICEADDRESS3","VARCHAR2",100,,,"Y"
"PARTY",32,"WORKSADDRESS1","VARCHAR2",100,,,"Y"
"PARTY",33,"WORKSADDRESS2","VARCHAR2",100,,,"Y"
"PARTY",34,"WORKSADDRESS3","VARCHAR2",100,,,"Y"
"PARTY",35,"DATECREATED","DATE",7,,,"Y"
"PARTY",36,"DATEMODIFY","DATE",7,,,"Y"
"PARTY",37,"SCHEDULENO","VARCHAR2",30,,,"Y"
"PARTY",38,"ACCOUNTTYPE","VARCHAR2",30,,,"Y"
"PARTY",39,"TDSMASTERCODE","VARCHAR2",30,,,"Y"
"PARTY",40,"BANKCODE","VARCHAR2",30,,,"Y"
"PARTY",41,"PRINTNAME","VARCHAR2",100,,,"Y"
"PARTY",42,"TRIALBALANCEPOSITION","NUMBER",22,,,"Y"
"PARTY",43,"COSTCENTREREQUIRED","VARCHAR2",3,,,"Y"
"PARTY",44,"DEPRECIATIONACCOUNTCODE","VARCHAR2",30,,,"Y"
"PARTY",45,"NATUREOFACCOUNTCODE","VARCHAR2",30,,,"Y"
"PARTY",46,"AGENTCOMMISIONACCOUNTCODE","VARCHAR2",30,,,"Y"
"PARTY",47,"OFFICECOUNTRYCODE","VARCHAR2",30,,,"Y"
"PARTY",48,"WORKSCOUNTRYCODE","VARCHAR2",30,,,"Y"
"PARTY",49,"OFFICEADDRESS4","VARCHAR2",100,,,"Y"
"PARTY",50,"WORKSADDRESS4","VARCHAR2",100,,,"Y"
"PARTY",51,"ISCOMPANY","VARCHAR2",3,,,"Y"
"PARTY",52,"SCHEDULEREMARK","VARCHAR2",200,,,"Y"
"PARTY",53,"OPENINGFUNCTION","VARCHAR2",30,,,"Y"
"PARTY",54,"CLOSINGFUNCTION","VARCHAR2",30,,,"Y"
"PARTY",55,"CLOSINGFUNCTIONLOC","VARCHAR2",30,,,"Y"
"PARTY",56,"CREATOR","VARCHAR2",30,,,"Y"
"PARTY",57,"PARTYREQUESTTNO","NUMBER",22,,,"Y"
"PARTY",58,"EXCISEPARTYTYPECODE","VARCHAR2",30,,,"Y"
"PARTY",59,"PARTYBANKCODE","VARCHAR2",30,,,"Y"
"PARTY",60,"PARTYBANKACCOUNTNO","VARCHAR2",100,,,"Y"
"PARTY",61,"RTGSCODE","VARCHAR2",100,,,"Y"
"PARTY",62,"EMPLOYEECODE","VARCHAR2",30,,,"Y"
"PARTY",63,"CLOSINGFUNCTIONPANDL","VARCHAR2",30,,,"Y"
"PARTY",64,"BASICNATURE","VARCHAR2",2,,,"Y"
"PARTY",65,"PARENTCODEOTHERWISE","VARCHAR2",30,,,"Y"
"PARTY",66,"COSTSHEET","VARCHAR2",30,,,"Y"
"PARTY",67,"COSTAMOUNT","NUMBER",22,,,"Y"
"PARTY",68,"BILLEDTILLDATE","NUMBER",22,,,"Y"
"PARTY",69,"WEEKLYOFFDAY","VARCHAR2",30,,,"Y"
"PARTY",70,"TAXREGISTRATIONTYPECODE","VARCHAR2",30,,,"Y"
"PARTY",71,"CREDITAMOUNT","NUMBER",22,,,"Y"
"PARTY",72,"CREDITDAYS","NUMBER",22,,,"Y"
"PARTY",73,"ALLOCATIONTYPECODE","VARCHAR2",30,,,"Y"
"PARTY",74,"IMPORTTNO","NUMBER",22,,,"Y"
"PARTY",75,"BILLTOBILL","VARCHAR2",3,,,"Y"
"PARTY",76,"TRIALBALANCEPOSITIONREVISED","NUMBER",22,,,"Y"
"PARTY",77,"AGENTCODE","VARCHAR2",30,,,"Y"
"PARTY",78,"DISTANCE","NUMBER",22,,,"Y"
"PARTY",79,"RETURNTYPE","VARCHAR2",30,,,"Y"
"PARTY",80,"MSME","VARCHAR2",30,,,"Y"
"PARTY",81,"VENDORCODE","VARCHAR2",30,,,"Y"
"PARTY",82,"CREATIONTIME","DATE",7,,,"Y"
"PARTY",83,"FREIGHTTYPECODE","VARCHAR2",30,,,"Y"
"PARTY",84,"FROMACCOUNTNO","NUMBER",22,,,"Y"
"PARTY",85,"TOACCOUNTNO","NUMBER",22,,,"Y"
"PARTY",86,"CONTACTNO","VARCHAR2",30,,,"Y"
"PARTY",87,"VENDORSTATUSCODE","VARCHAR2",30,,,"Y"
"PARTY",88,"BUSINESSNATURECODE","VARCHAR2",30,,,"Y"
"PARTY",89,"INDUSTRYTYPECODE","VARCHAR2",30,,,"Y"
"PARTY",90,"VENDORTNO","NUMBER",22,,,"Y"
"PARTY",91,"VENDORACCOUNTNO","NUMBER",22,,,"Y"
"PARTY",92,"DELIVERYCONFIRMATION","VARCHAR2",3,,,"Y"
"PARTY",93,"OFFICEMOBILENO","VARCHAR2",30,,,"Y"
"PARTY",94,"WORKSMOBILENO","VARCHAR2",30,,,"Y"
"PARTY",95,"TDSAPPLICABLE","VARCHAR2",3,,,"Y"
"PARTY",96,"TDSPAYEECATEGORYCODE","VARCHAR2",30,,,"Y"
"PARTY",97,"TDSNATURECODE","VARCHAR2",30,,,"Y"
"PARTY",98,"SECURITYDEPOSITACCOUNTCODE","VARCHAR2",30,,,"Y"
"PARTY",99,"GSTHOLDACCOUNTCODE","VARCHAR2",30,,,"Y"
"PARTY",100,"WITHHELDACCOUNTCODE","VARCHAR2",30,,,"Y"
"PARTY",101,"SANCTIONEDAMOUNT","NUMBER",22,,,"Y"
"PARTY",102,"PFHOLDACCOUNTCODE","VARCHAR2",30,,,"Y"
"PARTY",103,"ESICHOLDACCOUNTCODE","VARCHAR2",30,,,"Y"
"PARTY",104,"OTHERHOLDACCOUNTCODE","VARCHAR2",30,,,"Y"
"PARTY",105,"ASSETCATEGORYCODE","VARCHAR2",30,,,"Y"
"PARTY",106,"INCOMETAXRETURNTILLDATE","DATE",7,,,"Y"
"PARTY",107,"ELIGIBLEFORTDSUNDER194Q","VARCHAR2",3,,,"Y"
"PARTY",108,"ASSOCIATIONDATE","DATE",7,,,"Y"
"PARTY",109,"BILLCYCLEDAYS","NUMBER",22,,,"Y"
"PARTY",110,"TRADETYPECODE","VARCHAR2",30,,,"Y"
"PARTY",111,"DCNO","VARCHAR2",30,,,"Y"
"PARTY",112,"DCBUYERCODE","VARCHAR2",30,,,"Y"
"PARTY",113,"ISDC","VARCHAR2",3,,,"Y"
"PARTY",114,"CHARTSERIALNO","VARCHAR2",100,,,"Y"
"PARTY",115,"ZONETYPE","VARCHAR2",30,,,"Y"
"PARTY",116,"IMPORTSNO","NUMBER",22,,,"Y"
"PARTY",117,"ISPORTALACCESS","VARCHAR2",3,,,"Y"
"PARTY",118,"PORTALACCESSMOBILENO","NUMBER",22,,,"Y"
"PARTY",119,"PORTALPASSWORD","VARCHAR2",30,,,"Y"
"PARTYTYPE",1,"TNO","NUMBER",22,,,"Y"
"PARTYTYPE",2,"PARTYTYPECODE","VARCHAR2",30,,,"N"
"PARTYTYPE",3,"PARTYTYPENAME","VARCHAR2",100,,,"Y"
"PARTYTYPE",4,"NATURE","VARCHAR2",100,,,"Y"
"PARTYTYPE",5,"REMARK","VARCHAR2",100,,,"Y"
"PBPASS",1,"TNO","NUMBER",22,,,"Y"
"PBPASS",2,"COMPANYCODE","VARCHAR2",30,,,"Y"
"PBPASS",3,"FINANCIALYEARCODE","VARCHAR2",30,,,"Y"
"PBPASS",4,"LOCATIONCODE","VARCHAR2",30,,,"Y"
"PBPASS",5,"DOCTYPECODE","VARCHAR2",30,,,"Y"
"PBPASS",6,"PBPASSNO","VARCHAR2",100,,,"Y"
"PBPASS",7,"PBPASSDATE","DATE",7,,,"Y"
"PBPASS",8,"PURCHASEBILLTNO","NUMBER",22,,,"Y"
"PBPASS",9,"PBPASSONCODE","VARCHAR2",30,,,"Y"
"PBPASS",10,"FOOTERFROMPURCHASEBILL","VARCHAR2",30,,,"Y"
"PBPASS",11,"CURRENCYUNITCODE","VARCHAR2",30,,,"Y"
"PBPASS",12,"CURRENCYVALUE","NUMBER",22,,,"Y"
"PBPASS",13,"SUMOFAMOUNT","NUMBER",22,,,"Y"
"PBPASS",14,"SUMOFFOOTERAMOUNT","NUMBER",22,,,"Y"
"PBPASS",15,"PBPASSAMOUNT","NUMBER",22,,,"Y"
"PBPASS",16,"REMARK","VARCHAR2",1000,,,"Y"
"PBPASS",17,"ITEMWISEFOOTER","VARCHAR2",3,,,"Y"
"PBPASS",18,"SUMOFQUALITYBONUS","NUMBER",22,,,"Y"
"PBPASS",19,"SUMOFQUALITYDEDUCTION","NUMBER",22,,,"Y"
"PBPASS",20,"FOOTERAFTERQUALITY","VARCHAR2",3,,,"Y"
"PBPASS",21,"SUMOFQUALITYBONUSAUTO","NUMBER",22,,,"Y"
"PBPASS",22,"SUMOFQUALITYDEDUCTIONAUTO","NUMBER",22,,,"Y"
"PBPASS",23,"SUMOFQUALITYBONUSMANUAL","NUMBER",22,,,"Y"
"PBPASS",24,"SUMOFQUALITYDEDUCTIONMANUAL","NUMBER",22,,,"Y"
"PBPASS",25,"SUMOFOTHERDEDUCTION","NUMBER",22,,,"Y"
"PBPASS",26,"SUMOFFOOTERAMOUNTWITHRATE","NUMBER",22,,,"Y"
"PBPASS",27,"CREATOR","VARCHAR2",30,,,"Y"
"PBPASS",28,"ENTRYTAXPERCENT","NUMBER",22,,,"Y"
"PBPASS",29,"ENTRYTAXAMOUNT","NUMBER",22,,,"Y"
"PBPASS",30,"ENTRYTAXFOOTERNATURECODE","VARCHAR2",30,,,"Y"
"PBPASS",31,"EXCISEDOCTYPECODE","VARCHAR2",30,,,"Y"
"PBPASS",32,"ENTRYTAXAMOUNTFORFREIGHT","NUMBER",22,,,"Y"
"PBPASS",33,"ACCOUNTCODE","VARCHAR2",30,,,"Y"
"PBPASS",34,"EXTRAFOOTERFORENTRYTAX","NUMBER",22,,,"Y"
"PBPASS",35,"TRANSACTIONTYPECODE","VARCHAR2",30,,,"Y"
"PBPASS",36,"REVERSECHARGEIFAPPLICABLE","VARCHAR2",3,,,"Y"
"PBPASS",37,"DUEDATE","DATE",7,,,"Y"
"PBPASS",38,"CREATIONTIME","DATE",7,,,"Y"
"PBPASS",39,"PAIDAMOUNT","NUMBER",22,,,"Y"
"PBPASS",40,"PAIDINADVANCE","NUMBER",22,,,"Y"
"PBPASS",41,"REVERSECHARGEFOOTERNATURECODE","VARCHAR2",30,,,"Y"
"PBPASS",42,"TDSDEDUCTEDINADVANCE","NUMBER",22,,,"Y"
"PBPASS",43,"TDSDEDUCTABLEAMOUNT","NUMBER",22,,,"Y"
"PBPASS",44,"TDSLOWERRATEAPPLICABLE","VARCHAR2",3,,,"Y"
"PBPASS",45,"TDSLOWERRATE","NUMBER",22,,,"Y"
"PBPASS",46,"CESSLOWERRATE","NUMBER",22,,,"Y"
"PBPASS",47,"SURCHARGELOWERRATE","NUMBER",22,,,"Y"
"PBPASS",48,"TDSCERTIFICATENO","VARCHAR2",30,,,"Y"
"PBPASS",49,"TDSCERTIFICATEFILENAME","VARCHAR2",30,,,"Y"
"PBPASS",50,"TDSTAXCATEGORYCODE","VARCHAR2",30,,,"Y"
"PBPASS",51,"PANNO","VARCHAR2",10,,,"Y"
"PBPASS",52,"TDSTHRESHOLD","NUMBER",22,,,"Y"
"PBPASS",53,"TDSTRANSACTIONTHRESHOLD","NUMBER",22,,,"Y"
"PBPASS",54,"TOTALTDSPERCENT","NUMBER",22,,,"Y"
"PBPASS",55,"THRESHOLDPLUSMINUS","NUMBER",22,,,"Y"
"PBPASS",56,"ADVANCEORBILL","VARCHAR2",10,,,"Y"
"PBPASS",57,"SUMOFTDSAMOUNT","NUMBER",22,,,"Y"
"PBPASS",58,"AMOUNTAFTERTDS","NUMBER",22,,,"Y"
"PBPASS",59,"TDSNATURECODE","VARCHAR2",30,,,"Y"
"PBPASS",60,"TDSPAYEECATEGORYCODE","VARCHAR2",30,,,"Y"
"PBPASS",61,"TOTALBILLAMOUNTFORTHEFY","NUMBER",22,,,"Y"
"PBPASS",62,"DEDUCTIONSTARTABOVEAMOUNT","NUMBER",22,,,"Y"
"PBPASS",63,"INCOMETAXRETURNTILLDATE","DATE",7,,,"Y"
"PBPASS",64,"ELIGIBLEFORTDSUNDER194Q","VARCHAR2",3,,,"Y"
"PBPASS",65,"YEARSWITHOUTRETURN","NUMBER",22,,,"Y"
"PBPASS",66,"FREIGHTADVANCEAMOUNT","NUMBER",22,30,0,"Y"
"PBPASS",67,"TCSAMOUNTDEDUCTEDINBILL","NUMBER",22,,,"Y"
"PBPASS",68,"ISINDIANRESIDENT","VARCHAR2",30,,,"Y"
"PBPASS",69,"TOTALTDSRATE","NUMBER",22,,,"Y"
"PBPASS",70,"TDSMASTERCODE","VARCHAR2",30,,,"Y"
"PBPASS",71,"PARTYCODE","VARCHAR2",30,,,"Y"
"PBPASS",72,"TAXINROUND","VARCHAR2",3,,,"Y"
"PBPASS",73,"BILLINROUNDFIGURE","VARCHAR2",3,,,"Y"
"PBPASS",74,"PBPASSAMOUNTBEFOREROUND","NUMBER",22,,,"Y"
"PBPASS",75,"ROUNDOFF","NUMBER",22,,,"Y"
"PBPASSDETAIL",1,"TNO","NUMBER",22,,,"Y"
"PBPASSDETAIL",2,"SNO","NUMBER",22,,,"Y"
"PBPASSDETAIL",3,"PURCHASEORDERTNO","NUMBER",22,,,"Y"
"PBPASSDETAIL",4,"ITEMCODE","VARCHAR2",30,,,"Y"
"PBPASSDETAIL",5,"ITEMSPECIFICATIONCODE","VARCHAR2",30,,,"Y"
"PBPASSDETAIL",6,"DESCRIPTION","VARCHAR2",1000,,,"Y"
"PBPASSDETAIL",7,"PURCHASEBILLQUANTITY1","NUMBER",22,,,"Y"
"PBPASSDETAIL",8,"PURCHASEBILLQUANTITY2","NUMBER",22,,,"Y"
"PBPASSDETAIL",9,"RECEIVEDQUANTITY1","NUMBER",22,,,"Y"
"PBPASSDETAIL",10,"RECEIVEDQUANTITY2","NUMBER",22,,,"Y"
"PBPASSDETAIL",11,"QUANTITY1","NUMBER",22,,,"Y"
"PBPASSDETAIL",12,"QUANTITY2","NUMBER",22,,,"Y"
"PBPASSDETAIL",13,"RATE","NUMBER",22,,,"Y"
"PBPASSDETAIL",14,"RATEMEASURINGUNITCODE","VARCHAR2",30,,,"Y"
"PBPASSDETAIL",15,"AMOUNT","NUMBER",22,,,"Y"
"PBPASSDETAIL",16,"QUALITYDEDUCTION","NUMBER",22,,,"Y"
"PBPASSDETAIL",17,"QUALITYBONUS","NUMBER",22,,,"Y"
"PBPASSDETAIL",18,"FOOTERAMOUNT","NUMBER",22,,,"Y"
"PBPASSDETAIL",19,"TOTALAMOUNT","NUMBER",22,,,"Y"
"PBPASSDETAIL",20,"REMARK","VARCHAR2",100,,,"Y"
"PBPASSDETAIL",21,"QUALITYDEDUCTIONAUTO","NUMBER",22,,,"Y"
"PBPASSDETAIL",22,"QUALITYBONUSAUTO","NUMBER",22,,,"Y"
"PBPASSDETAIL",23,"QUALITYDEDUCTIONMANUAL","NUMBER",22,,,"Y"
"PBPASSDETAIL",24,"QUALITYBONUSMANUAL","NUMBER",22,,,"Y"
"PBPASSDETAIL",25,"OTHERDEDUCTION","NUMBER",22,,,"Y"
"PBPASSDETAIL",26,"ROUNDING","NUMBER",22,,,"Y"
"PBPASSDETAIL",27,"FOOTERAMOUNTWITHRATE","NUMBER",22,,,"Y"
"PBPASSDETAIL",28,"JOBORDERTNO","NUMBER",22,,,"Y"
"PBPASSDETAIL",29,"ENTRYTAXPERCENT","NUMBER",22,,,"Y"
"PBPASSDETAIL",30,"ENTRYTAXAMOUNT","NUMBER",22,,,"Y"
"PBPASSDETAIL",31,"FOOTERCOSTAMOUNT","NUMBER",22,,,"Y"
"PBPASSDETAIL",32,"ENTRYTAXFOOTERNATURECODE","VARCHAR2",30,,,"Y"
"PBPASSDETAIL",33,"ENTRYTAXAMOUNTFORFREIGHT","NUMBER",22,,,"Y"
"PBPASSDETAIL",34,"EXTRAFOOTERFORENTRYTAX","NUMBER",22,,,"Y"
"PBPASSDETAIL",35,"TAXRULECODE","VARCHAR2",30,,,"Y"
"PBPASSDETAIL",36,"QUALITYCODE","VARCHAR2",30,,,"Y"
"PBPASSDETAIL",37,"PRORATA","NUMBER",22,,,"Y"
"PENDINGBILLS",1,"REFERENCEMODULETNO","NUMBER",22,,,"Y"
"PENDINGBILLS",2,"COMPANYCODE","VARCHAR2",30,,,"Y"
"PENDINGBILLS",3,"REFERENCEMODULENO","VARCHAR2",100,,,"Y"
"PENDINGBILLS",4,"REFERENCEMODULEDATE","DATE",7,,,"Y"
"PENDINGBILLS",5,"REFERENCEMODULEAMOUNT","NUMBER",22,,,"Y"
"PENDINGBILLS",6,"PBPASSAMOUNT","NUMBER",22,,,"Y"
"PENDINGBILLS",7,"PAIDAMOUNT","NUMBER",22,,,"Y"
"PENDINGBILLS",8,"BALANCEAMOUNT","NUMBER",22,,,"Y"
"PENDINGBILLS",9,"ADVANCEAMOUNT","NUMBER",22,,,"Y"
"PENDINGBILLS",10,"INVOICEDATE","DATE",7,,,"Y"
"PENDINGBILLS",11,"REFERENCEMODULECODE","VARCHAR2",12,,,"Y"
"PENDINGBILLS",12,"PARTYCODE","VARCHAR2",30,,,"Y"
"PENDINGBILLS",13,"DUEDATE","DATE",7,,,"Y"
"PENDINGBILLS",14,"LOCATIONCODE","VARCHAR2",30,,,"Y"
"PENDINGBILLS",15,"ITEMNATURE","VARCHAR2",100,,,"Y"
"PENDINGBILLS",16,"UNLOADINGDATE","DATE",7,,,"Y"
"PENDINGBILLS",17,"AGENTNAME","VARCHAR2",4000,,,"Y"
"PENDINGBILLS",18,"ITEMNAME","VARCHAR2",100,,,"Y"
"PENDINGBILLS",19,"PASSQUANTITY","NUMBER",22,,,"Y"
"PENDINGBILLS",20,"PODETAIL","VARCHAR2",4000,,,"Y"
"PENDINGBILLS",21,"PONO","VARCHAR2",143,,,"Y"
"PRODUCTIONCENTRE",1,"TNO","NUMBER",22,,,"Y"
"PRODUCTIONCENTRE",2,"PRODUCTIONCENTRECODE","VARCHAR2",30,,,"N"
"PRODUCTIONCENTRE",3,"PRODUCTIONCENTRENAME","VARCHAR2",100,,,"Y"
"PRODUCTIONCENTRE",4,"PRODUCTIONCENTRESHORTNAME","VARCHAR2",100,,,"Y"
"PRODUCTIONCENTRE",5,"REMARK","VARCHAR2",100,,,"Y"
"PRODUCTIONCENTRE",6,"LOCATIONCODE","VARCHAR2",30,,,"Y"
"PRODUCTIONCENTRE",7,"ISUSEDFORGROUPING","VARCHAR2",3,,,"Y"
"PRODUCTIONCENTRE",8,"MODULECODE","VARCHAR2",30,,,"Y"
"PRODUCTIONCENTRE",9,"MODULETNO","NUMBER",22,,,"Y"
"PRODUCTIONCENTRE",10,"CREATIONTIME","DATE",7,,,"Y"
"PRODUCTIONCENTRE",11,"CREATOR","VARCHAR2",30,,,"Y"
"PURCHASEBILL",1,"TNO","NUMBER",22,,,"Y"
"PURCHASEBILL",2,"COMPANYCODE","VARCHAR2",30,,,"Y"
"PURCHASEBILL",3,"FINANCIALYEARCODE","VARCHAR2",30,,,"Y"
"PURCHASEBILL",4,"LOCATIONCODE","VARCHAR2",30,,,"Y"
"PURCHASEBILL",5,"DOCTYPECODE","VARCHAR2",30,,,"Y"
"PURCHASEBILL",6,"PURCHASEBILLNO","VARCHAR2",100,,,"Y"
"PURCHASEBILL",7,"PURCHASEBILLDATE","DATE",7,,,"Y"
"PURCHASEBILL",8,"PARTYBILLNO","VARCHAR2",100,,,"Y"
"PURCHASEBILL",9,"PARTYBILLDATE","DATE",7,,,"Y"
"PURCHASEBILL",10,"PURCHASEORDERTNO","NUMBER",22,,,"Y"
"PURCHASEBILL",11,"CURRENCYUNITCODE","VARCHAR2",30,,,"Y"
"PURCHASEBILL",12,"CURRENCYVALUE","NUMBER",22,,,"Y"
"PURCHASEBILL",13,"PARTYCODE","VARCHAR2",30,,,"Y"
"PURCHASEBILL",14,"SUMOFAMOUNT","NUMBER",22,,,"Y"
"PURCHASEBILL",15,"SUMOFFOOTERAMOUNT","NUMBER",22,,,"Y"
"PURCHASEBILL",16,"PURCHASEBILLAMOUNT","NUMBER",22,,,"Y"
"PURCHASEBILL",17,"REMARK","VARCHAR2",100,,,"Y"
"PURCHASEBILL",18,"ITEMWISEFOOTER","VARCHAR2",3,,,"Y"
"PURCHASEBILL",19,"SUPPLIERCODE","VARCHAR2",30,,,"Y"
"PURCHASEBILL",20,"MANUFACTURERCODE","VARCHAR2",30,,,"Y"
"PURCHASEBILL",21,"SUMOFFOOTERAMOUNTWITHRATE","NUMBER",22,,,"Y"
"PURCHASEBILL",22,"JOBORDERTNO","NUMBER",22,,,"Y"
"PURCHASEBILL",23,"DELIVERYORDERTNO","NUMBER",22,,,"Y"
"PURCHASEBILL",24,"RAKETNO","NUMBER",22,,,"Y"
"PURCHASEBILL",25,"CREATOR","VARCHAR2",30,,,"Y"
"PURCHASEBILL",26,"BILLEDON","VARCHAR2",30,,,"Y"
"PURCHASEBILL",27,"EXCISEBILLNO","VARCHAR2",100,,,"Y"
"PURCHASEBILL",28,"EXCISEBILLDATE","DATE",7,,,"Y"
"PURCHASEBILL",29,"BILLEDITEM","VARCHAR2",30,,,"Y"
"PURCHASEBILL",30,"UPDATELANDINGIFSUPPLEMENTARY","VARCHAR2",3,,,"Y"
"PURCHASEBILL",31,"TRANCTIONTYPECODE","VARCHAR2",30,,,"Y"
"PURCHASEBILL",32,"TRANSACTIONTYPECODE","VARCHAR2",30,,,"Y"
"PURCHASEBILL",33,"NATUREOFSUPPLYCODE","VARCHAR2",30,,,"Y"
"PURCHASEBILL",34,"PORTCODE","VARCHAR2",6,,,"Y"
"PURCHASEBILL",35,"BILLOFENTRYTNO","NUMBER",22,,,"Y"
"PURCHASEBILL",36,"CREATIONTIME","DATE",7,,,"Y"
"PURCHASEBILL",37,"FREIGHTADVANCEAMOUNT","NUMBER",22,30,0,"Y"
"PURCHASEBILL",38,"TDSPAYEECATEGORYCODE","VARCHAR2",30,,,"Y"
"PURCHASEBILL",39,"FREIGHTPOSTEDTOSTOCK","NUMBER",22,,,"Y"
"PURCHASEBILL",40,"INCLUDEINPURCHASEBILL","VARCHAR2",3,,,"Y"
"PURCHASEBILL",41,"TAXINROUND","VARCHAR2",3,,,"Y"
"PURCHASEBILL",42,"BILLINROUNDFIGURE","VARCHAR2",3,,,"Y"
"PURCHASEBILL",43,"PURCHASEBILLAMOUNTBEFOREROUND","NUMBER",22,,,"Y"
"PURCHASEBILL",44,"ROUNDOFF","NUMBER",22,,,"Y"
"PURCHASEBILLDETAIL",1,"TNO","NUMBER",22,,,"N"
"PURCHASEBILLDETAIL",2,"SNO","NUMBER",22,,,"N"
"PURCHASEBILLDETAIL",3,"SERIALNO","NUMBER",22,,,"Y"
"PURCHASEBILLDETAIL",4,"PURCHASEORDERTNO","NUMBER",22,,,"Y"
"PURCHASEBILLDETAIL",5,"ITEMCODE","VARCHAR2",30,,,"Y"
"PURCHASEBILLDETAIL",6,"ITEMSPECIFICATIONCODE","VARCHAR2",30,,,"Y"
"PURCHASEBILLDETAIL",7,"DESCRIPTION","VARCHAR2",1000,,,"Y"
"PURCHASEBILLDETAIL",8,"QUANTITY1","NUMBER",22,,,"Y"
"PURCHASEBILLDETAIL",9,"QUANTITY2","NUMBER",22,,,"Y"
"PURCHASEBILLDETAIL",10,"RATEMEASURINGUNITCODE","VARCHAR2",30,,,"Y"
"PURCHASEBILLDETAIL",11,"RATE","NUMBER",22,,,"Y"
"PURCHASEBILLDETAIL",12,"AMOUNT","NUMBER",22,,,"Y"
"PURCHASEBILLDETAIL",13,"FOOTERAMOUNT","NUMBER",22,,,"Y"
"PURCHASEBILLDETAIL",14,"TOTALAMOUNT","NUMBER",22,,,"Y"
"PURCHASEBILLDETAIL",15,"DOCUMENTSTATUSCODE","VARCHAR2",30,,,"Y"
"PURCHASEBILLDETAIL",16,"REMARK","VARCHAR2",100,,,"Y"
"PURCHASEBILLDETAIL",17,"OURRG23DNO","VARCHAR2",100,,,"Y"
"PURCHASEBILLDETAIL",18,"PARTYRG23DNO","VARCHAR2",100,,,"Y"
"PURCHASEBILLDETAIL",19,"ROUNDING","NUMBER",22,,,"Y"
"PURCHASEBILLDETAIL",20,"FOOTERAMOUNTWITHRATE","NUMBER",22,,,"Y"
"PURCHASEBILLDETAIL",21,"JOBORDERTNO","NUMBER",22,,,"Y"
"PURCHASEBILLDETAIL",22,"TAXRULECODE","VARCHAR2",30,,,"Y"
"PURCHASEBILLDETAIL",23,"PRORATA","NUMBER",22,,,"Y"
"PURCHASEBILLDETAIL",24,"QUALITYCODE","VARCHAR2",30,,,"Y"
"PURCHASEORDER",1,"TNO","NUMBER",22,,,"N"
"PURCHASEORDER",2,"COMPANYCODE","VARCHAR2",30,,,"Y"
"PURCHASEORDER",3,"FINANCIALYEARCODE","VARCHAR2",30,,,"Y"
"PURCHASEORDER",4,"LOCATIONCODE","VARCHAR2",30,,,"Y"
"PURCHASEORDER",5,"DOCTYPECODE","VARCHAR2",30,,,"Y"
"PURCHASEORDER",6,"DEPARTMENTCODE","VARCHAR2",30,,,"Y"
"PURCHASEORDER",7,"EMPLOYEECODE","VARCHAR2",30,,,"Y"
"PURCHASEORDER",8,"PURCHASEORDERNO","VARCHAR2",100,,,"Y"
"PURCHASEORDER",9,"PURCHASEORDERDATE","DATE",7,,,"Y"
"PURCHASEORDER",10,"DELIVERYDATE","DATE",7,,,"Y"
"PURCHASEORDER",11,"CURRENCYUNITCODE","VARCHAR2",30,,,"Y"
"PURCHASEORDER",12,"CURRENCYVALUE","NUMBER",22,,,"Y"
"PURCHASEORDER",13,"WORKORDERTNO","NUMBER",22,,,"Y"
"PURCHASEORDER",14,"PARTYCODE","VARCHAR2",30,,,"Y"
"PURCHASEORDER",15,"QUOTATIONTNO","NUMBER",22,,,"Y"
"PURCHASEORDER",16,"RATECONTRACTTNO","NUMBER",22,,,"Y"
"PURCHASEORDER",17,"DELIVERYORDERTNO","NUMBER",22,,,"Y"
"PURCHASEORDER",18,"INDENTTNO","NUMBER",22,,,"Y"
"PURCHASEORDER",19,"PURCHASEORDERAMOUNT","NUMBER",22,,,"Y"
"PURCHASEORDER",20,"SUBJECTTEXT","VARCHAR2",1000,,,"Y"
"PURCHASEORDER",21,"REFERENCETEXT","VARCHAR2",1000,,,"Y"
"PURCHASEORDER",22,"LETTERTEXT","VARCHAR2",2000,,,"Y"
"PURCHASEORDER",23,"TITLETEXT","VARCHAR2",1000,,,"Y"
"PURCHASEORDER",24,"REMARK","VARCHAR2",100,,,"Y"
"PURCHASEORDER",25,"ITEMWISEFOOTER","VARCHAR2",3,,,"Y"
"PURCHASEORDER",26,"SUMOFAMOUNT","NUMBER",22,,,"Y"
"PURCHASEORDER",27,"SUMOFFOOTERAMOUNT","NUMBER",22,,,"Y"
"PURCHASEORDER",28,"AGENTCODE","VARCHAR2",30,,,"Y"
"PURCHASEORDER",29,"CREDITDAYS","NUMBER",22,,,"Y"
"PURCHASEORDER",30,"STORAGELOCATIONCODE","VARCHAR2",30,,,"Y"
"PURCHASEORDER",31,"STOCKDATE","DATE",7,,,"Y"
"PURCHASEORDER",32,"COMMISSIONRATE","NUMBER",22,,,"Y"
"PURCHASEORDER",33,"CREATOR","VARCHAR2",30,,,"Y"
"PURCHASEORDER",34,"FREIGHTTYPECODE","VARCHAR2",30,,,"Y"
"PURCHASEORDER",35,"FREIGHTCONTRACTTNO","NUMBER",22,,,"Y"
"PURCHASEORDER",36,"FREIGHTRATE","NUMBER",22,,,"Y"
"PURCHASEORDER",37,"ISEVENTRANSACTION","VARCHAR2",3,,,"Y"
"PURCHASEORDER",38,"COMPARATIVESTATEMENTTNO","NUMBER",22,,,"Y"
"PURCHASEORDER",39,"XPLANT","VARCHAR2",3,,,"Y"
"PURCHASEORDER",40,"EXPARTYPLANT","VARCHAR2",3,,,"Y"
"PURCHASEORDER",41,"LIFTINGFROMCITYCODE","VARCHAR2",30,,,"Y"
"PURCHASEORDER",42,"UNLOADINGCITYCODE","VARCHAR2",30,,,"Y"
"PURCHASEORDER",43,"TRANCTIONTYPECODE","VARCHAR2",30,,,"Y"
"PURCHASEORDER",44,"TRANSACTIONTYPECODE","VARCHAR2",30,,,"Y"
"PURCHASEORDER",45,"PAYMENTBYLC","VARCHAR2",3,,,"Y"
"PURCHASEORDER",46,"NATUREOFSUPPLYCODE","VARCHAR2",3,,,"Y"
"PURCHASEORDER",47,"PREDI","VARCHAR2",3,,,"Y"
"PURCHASEORDER",48,"DELIVERYSCHEDULEWITHPO","VARCHAR2",3,,,"Y"
"PURCHASEORDER",49,"ITEMWISESCHEDULE","VARCHAR2",3,,,"Y"
"PURCHASEORDER",50,"REFERENCEPURCHASEORDERTNO","NUMBER",22,,,"Y"
"PURCHASEORDER",51,"CREATIONTIME","DATE",7,,,"Y"
"PURCHASEORDER",52,"PAIDAMOUNT","NUMBER",22,,,"Y"
"PURCHASEORDER",53,"ROYALTYPERCENTAGE","NUMBER",22,,,"Y"
"PURCHASEORDER",54,"ROYALTYPENALTYPERUNIT","NUMBER",22,,,"Y"
"PURCHASEORDER",55,"ISFULLADVANCE","VARCHAR2",3,,,"Y"
"PURCHASEORDER",56,"POADVANCEAMOUNT","NUMBER",22,,,"Y"
"PURCHASEORDER",57,"PAYMENTADVICELOCATIONCODE","VARCHAR2",30,,,"Y"
"PURCHASEORDER",58,"MARINEINSURANCETNO","NUMBER",22,,,"Y"
"PURCHASEORDER",59,"MARINEINSURANCEAMOUNT","NUMBER",22,,,"Y"
"PURCHASEORDER",60,"SAUDAPATRAKNO","VARCHAR2",30,,,"Y"
"PURCHASEORDER",61,"SAUDAPATRAKDATE","DATE",7,,,"Y"
"PURCHASEORDER",62,"LENDINGONGROSS","VARCHAR2",3,,,"Y"
"PURCHASEORDER",63,"SHIPTO","VARCHAR2",30,,,"Y"
"PURCHASEORDER",64,"CUSTOMERCODE","VARCHAR2",30,,,"Y"
"PURCHASEORDER",65,"PENDINGSOTNO","NUMBER",22,,,"Y"
"PURCHASEORDER",66,"ISOPENSPEC","VARCHAR2",3,,,"Y"
"PURCHASEORDER",67,"QUANTITY","NUMBER",22,,,"Y"
"PURCHASEORDER",68,"MAILSTATUS","VARCHAR2",20,,,"Y"
"PURCHASEORDER",69,"MAILID","NUMBER",22,,,"Y"
"PURCHASEORDERDETAIL",1,"TNO","NUMBER",22,,,"N"
"PURCHASEORDERDETAIL",2,"SNO","NUMBER",22,,,"N"
"PURCHASEORDERDETAIL",3,"INDENTTNO","NUMBER",22,,,"Y"
"PURCHASEORDERDETAIL",4,"ITEMCODE","VARCHAR2",30,,,"Y"
"PURCHASEORDERDETAIL",5,"ITEMSPECIFICATIONCODE","VARCHAR2",30,,,"Y"
"PURCHASEORDERDETAIL",6,"DESCRIPTION","VARCHAR2",1000,,,"Y"
"PURCHASEORDERDETAIL",7,"QUANTITY1","NUMBER",22,,,"Y"
"PURCHASEORDERDETAIL",8,"QUANTITY2","NUMBER",22,,,"Y"
"PURCHASEORDERDETAIL",9,"TOLERANCE","NUMBER",22,,,"Y"
"PURCHASEORDERDETAIL",10,"RECEIVEDQUANTITY1","NUMBER",22,,,"Y"
"PURCHASEORDERDETAIL",11,"RECEIVEDQUANTITY2","NUMBER",22,,,"Y"
"PURCHASEORDERDETAIL",12,"RATEMEASURINGUNITCODE","VARCHAR2",30,,,"Y"
"PURCHASEORDERDETAIL",13,"RATE","NUMBER",22,,,"Y"
"PURCHASEORDERDETAIL",14,"AMOUNT","NUMBER",22,,,"Y"
"PURCHASEORDERDETAIL",15,"FOOTERAMOUNT","NUMBER",22,,,"Y"
"PURCHASEORDERDETAIL",16,"TOTALAMOUNT","NUMBER",22,,,"Y"
"PURCHASEORDERDETAIL",17,"REMARK","VARCHAR2",100,,,"Y"
"PURCHASEORDERDETAIL",18,"DOCUMENTSTATUSCODE","VARCHAR2",30,,,"Y"
"PURCHASEORDERDETAIL",19,"MATERIALINQUANTITY1","NUMBER",22,,,"Y"
"PURCHASEORDERDETAIL",20,"MATERIALINQUANTITY2","NUMBER",22,,,"Y"
"PURCHASEORDERDETAIL",21,"LOWERTOLERANCEPERCENT","NUMBER",22,,,"Y"
"PURCHASEORDERDETAIL",22,"HIGHERTOLERANCEPERCENT","NUMBER",22,,,"Y"
"PURCHASEORDERDETAIL",23,"PURCHASEBILLQUANTITY1","NUMBER",22,,,"Y"
"PURCHASEORDERDETAIL",24,"PURCHASEBILLQUANTITY2","NUMBER",22,,,"Y"
"PURCHASEORDERDETAIL",25,"GATEPASSQUANTITY1","NUMBER",22,,,"Y"
"PURCHASEORDERDETAIL",26,"GATEPASSQUANTITY2","NUMBER",22,,,"Y"
"PURCHASEORDERDETAIL",27,"ACCEPTEDQUANTITY1","NUMBER",22,,,"Y"
"PURCHASEORDERDETAIL",28,"ACCEPTEDQUANTITY2","NUMBER",22,,,"Y"
"PURCHASEORDERDETAIL",29,"INSPECTEDQUANTITY1","NUMBER",22,,,"Y"
"PURCHASEORDERDETAIL",30,"INSPECTEDQUANTITY2","NUMBER",22,,,"Y"
"PURCHASEORDERDETAIL",31,"JOININSPECTEDQUANTITY1","NUMBER",22,,,"Y"
"PURCHASEORDERDETAIL",32,"JOININSPECTEDQUANTITY2","NUMBER",22,,,"Y"
"PURCHASEORDERDETAIL",33,"JOINACCEPTEDQUANTITY1","NUMBER",22,,,"Y"
"PURCHASEORDERDETAIL",34,"JOINACCEPTEDQUANTITY2","NUMBER",22,,,"Y"
"PURCHASEORDERDETAIL",35,"CHALANQUANTITY1","NUMBER",22,,,"Y"
"PURCHASEORDERDETAIL",36,"CHALANQUANTITY2","NUMBER",22,,,"Y"
"PURCHASEORDERDETAIL",37,"PBPASSQUANTITY1","NUMBER",22,,,"Y"
"PURCHASEORDERDETAIL",38,"PBPASSQUANTITY2","NUMBER",22,,,"Y"
"PURCHASEORDERDETAIL",39,"SHORTAGETOLERANCE","NUMBER",22,,,"Y"
"PURCHASEORDERDETAIL",40,"SHORTAGEDEDUCTIONFROM","VARCHAR2",15,,,"Y"
"PURCHASEORDERDETAIL",41,"SHORTAGETOLERANCEMETHOD","VARCHAR2",10,,,"Y"
"PURCHASEORDERDETAIL",42,"TAXRULECODE","VARCHAR2",30,,,"Y"
"PURCHASEORDERDETAIL",43,"DEDUCTIONBASISCODE","VARCHAR2",30,,,"Y"
"PURCHASEORDERDETAIL",44,"DEDUCTIONRATE","VARCHAR2",30,,,"Y"
"PURCHASEORDERDETAIL",45,"PRORATA","NUMBER",22,,,"Y"
"PURCHASEORDERDETAIL",46,"QUALITYCODE","VARCHAR2",30,,,"Y"
"PURCHASEORDERDETAIL",47,"WITHOUTDISCOUNTRATE","NUMBER",22,,,"Y"
"PURCHASEORDERDETAIL",48,"DISCOUNTPERCENTAGE","NUMBER",22,,,"Y"
"PURCHASEORDERDETAIL",49,"DISCOUNTRATE","NUMBER",22,,,"Y"
"PURCHASEORDERDETAIL",50,"RATEAFTERDISCOUNT","NUMBER",22,,,"Y"
"PURCHASEORDERDETAIL",51,"ISRATEINCLUSIVETAX","VARCHAR2",3,,,"Y"
"PURCHASEORDERDETAIL",52,"FREIGHTDEDUCTIONRATE","NUMBER",22,,,"Y"
"SALESENQUIRY",1,"TNO","NUMBER",22,,,"N"
"SALESENQUIRY",2,"COMPANYCODE","VARCHAR2",30,,,"Y"
"SALESENQUIRY",3,"FINANCIALYEARCODE","VARCHAR2",30,,,"Y"
"SALESENQUIRY",4,"LOCATIONCODE","VARCHAR2",30,,,"Y"
"SALESENQUIRY",5,"DOCTYPECODE","VARCHAR2",30,,,"Y"
"SALESENQUIRY",6,"DEPARTMENTCODE","VARCHAR2",30,,,"Y"
"SALESENQUIRY",7,"EMPLOYEECODE","VARCHAR2",30,,,"Y"
"SALESENQUIRY",8,"SALESENQUIRYNO","VARCHAR2",100,,,"Y"
"SALESENQUIRY",9,"SALESENQUIRYDATE","DATE",7,,,"Y"
"SALESENQUIRY",10,"DELIVERYDATE","DATE",7,,,"Y"
"SALESENQUIRY",11,"CURRENCYUNITCODE","VARCHAR2",30,,,"Y"
"SALESENQUIRY",12,"CURRENCYVALUE","NUMBER",22,,,"Y"
"SALESENQUIRY",13,"WORKORDERTNO","NUMBER",22,,,"Y"
"SALESENQUIRY",14,"PARTYCODE","VARCHAR2",30,,,"Y"
"SALESENQUIRY",15,"AGENTCODE","VARCHAR2",30,,,"Y"
"SALESENQUIRY",16,"QUOTATIONTNO","NUMBER",22,,,"Y"
"SALESENQUIRY",17,"RATECONTRACTTNO","NUMBER",22,,,"Y"
"SALESENQUIRY",18,"DELIVERYORDERTNO","NUMBER",22,,,"Y"
"SALESENQUIRY",19,"INDENTTNO","NUMBER",22,,,"Y"
"SALESENQUIRY",20,"SUMOFAMOUNT","NUMBER",22,,,"Y"
"SALESENQUIRY",21,"SUMOFFOOTERAMOUNT","NUMBER",22,,,"Y"
"SALESENQUIRY",22,"SALESENQUIRYAMOUNT","NUMBER",22,,,"Y"
"SALESENQUIRY",23,"SUBJECTTEXT","VARCHAR2",1000,,,"Y"
"SALESENQUIRY",24,"REFERENCETEXT","VARCHAR2",1000,,,"Y"
"SALESENQUIRY",25,"LETTERTEXT","VARCHAR2",4000,,,"Y"
"SALESENQUIRY",26,"TITLETEXT","VARCHAR2",1000,,,"Y"
"SALESENQUIRY",27,"REMARK","VARCHAR2",100,,,"Y"
"SALESENQUIRY",28,"ITEMWISEFOOTER","VARCHAR2",3,,,"Y"
"SALESENQUIRY",29,"CONSIGNEECODE","VARCHAR2",30,,,"Y"
"SALESENQUIRY",30,"PARTYSALESENQUIRYNO","VARCHAR2",100,,,"Y"
"SALESENQUIRY",31,"PARTYSALESENQUIRYDATE","DATE",7,,,"Y"
"SALESENQUIRY",32,"VALIDITYUPTODATE","DATE",7,,,"Y"
"SALESENQUIRY",33,"CREATIONTIME","DATE",7,,,"Y"
"SALESENQUIRY",34,"CREATOR","VARCHAR2",30,,,"Y"
"SALESENQUIRY",35,"SALESEMPLOYEECODE","VARCHAR2",30,,,"Y"
"SALESENQUIRY",36,"TRADETYPECODE","VARCHAR2",30,,,"Y"
"SALESENQUIRY",37,"CONTACTPERSONNAME","VARCHAR2",50,,,"Y"
"SALESENQUIRY",38,"CONTACTPERSONCONTACTNO","VARCHAR2",30,,,"Y"
"SALESENQUIRYDETAIL",1,"TNO","NUMBER",22,,,"N"
"SALESENQUIRYDETAIL",2,"SNO","NUMBER",22,,,"N"
"SALESENQUIRYDETAIL",3,"ITEMCODE","VARCHAR2",30,,,"Y"
"SALESENQUIRYDETAIL",4,"ITEMSPECIFICATIONCODE","VARCHAR2",30,,,"Y"
"SALESENQUIRYDETAIL",5,"DESCRIPTION","VARCHAR2",1000,,,"Y"
"SALESENQUIRYDETAIL",6,"QUANTITY1","NUMBER",22,,,"Y"
"SALESENQUIRYDETAIL",7,"QUANTITY2","NUMBER",22,,,"Y"
"SALESENQUIRYDETAIL",8,"TOLERANCE","NUMBER",22,,,"Y"
"SALESENQUIRYDETAIL",9,"CHALANQUANTITY1","NUMBER",22,,,"Y"
"SALESENQUIRYDETAIL",10,"CHALANQUANTITY2","NUMBER",22,,,"Y"
"SALESENQUIRYDETAIL",11,"RECEIVEDQUANTITY1","NUMBER",22,,,"Y"
"SALESENQUIRYDETAIL",12,"RECEIVEDQUANTITY2","NUMBER",22,,,"Y"
"SALESENQUIRYDETAIL",13,"PURCHASEBILLQUANTITY1","NUMBER",22,,,"Y"
"SALESENQUIRYDETAIL",14,"PURCHASEBILLQUANTITY2","NUMBER",22,,,"Y"
"SALESENQUIRYDETAIL",15,"MATERIALINQUANTITY1","NUMBER",22,,,"Y"
"SALESENQUIRYDETAIL",16,"MATERIALINQUANTITY2","NUMBER",22,,,"Y"
"SALESENQUIRYDETAIL",17,"GATEPASSQUANTITY1","NUMBER",22,,,"Y"
"SALESENQUIRYDETAIL",18,"GATEPASSQUANTITY2","NUMBER",22,,,"Y"
"SALESENQUIRYDETAIL",19,"ACCEPTEDQUANTITY1","NUMBER",22,,,"Y"
"SALESENQUIRYDETAIL",20,"ACCEPTEDQUANTITY2","NUMBER",22,,,"Y"
"SALESENQUIRYDETAIL",21,"INSPECTEDQUANTITY1","NUMBER",22,,,"Y"
"SALESENQUIRYDETAIL",22,"INSPECTEDQUANTITY2","NUMBER",22,,,"Y"
"SALESENQUIRYDETAIL",23,"JOINACCEPTEDQUANTITY1","NUMBER",22,,,"Y"
"SALESENQUIRYDETAIL",24,"JOINACCEPTEDQUANTITY2","NUMBER",22,,,"Y"
"SALESENQUIRYDETAIL",25,"JOININSPECTEDQUANTITY1","NUMBER",22,,,"Y"
"SALESENQUIRYDETAIL",26,"JOININSPECTEDQUANTITY2","NUMBER",22,,,"Y"
"SALESENQUIRYDETAIL",27,"PBPASSQUANTITY1","NUMBER",22,,,"Y"
"SALESENQUIRYDETAIL",28,"PBPASSQUANTITY2","NUMBER",22,,,"Y"
"SALESENQUIRYDETAIL",29,"RATEMEASURINGUNITCODE","VARCHAR2",30,,,"Y"
"SALESENQUIRYDETAIL",30,"RATE","NUMBER",22,,,"Y"
"SALESENQUIRYDETAIL",31,"AMOUNT","NUMBER",22,,,"Y"
"SALESENQUIRYDETAIL",32,"FOOTERAMOUNT","NUMBER",22,,,"Y"
"SALESENQUIRYDETAIL",33,"TOTALAMOUNT","NUMBER",22,,,"Y"
"SALESENQUIRYDETAIL",34,"REMARK","VARCHAR2",100,,,"Y"
"SALESENQUIRYDETAIL",35,"DOCUMENTSTATUSTYPECODE","VARCHAR2",30,,,"Y"
"SALESENQUIRYDETAIL",36,"LOWERTOLERANCEPERCENT","NUMBER",22,,,"Y"
"SALESENQUIRYDETAIL",37,"HIGHERTOLERANCEPERCENT","NUMBER",22,,,"Y"
"SALESORDER",1,"TNO","NUMBER",22,,,"N"
"SALESORDER",2,"COMPANYCODE","VARCHAR2",30,,,"Y"
"SALESORDER",3,"FINANCIALYEARCODE","VARCHAR2",30,,,"Y"
"SALESORDER",4,"LOCATIONCODE","VARCHAR2",30,,,"Y"
"SALESORDER",5,"DOCTYPECODE","VARCHAR2",30,,,"Y"
"SALESORDER",6,"SALESORDERNO","VARCHAR2",100,,,"Y"
"SALESORDER",7,"SALESORDERDATE","DATE",7,,,"Y"
"SALESORDER",8,"DEPARTMENTCODE","VARCHAR2",30,,,"Y"
"SALESORDER",9,"EMPLOYEECODE","VARCHAR2",30,,,"Y"
"SALESORDER",10,"DELIVERYDATE","DATE",7,,,"Y"
"SALESORDER",11,"CURRENCYUNITCODE","VARCHAR2",30,,,"Y"
"SALESORDER",12,"CURRENCYVALUE","NUMBER",22,,,"Y"
"SALESORDER",13,"PARTYCODE","VARCHAR2",30,,,"Y"
"SALESORDER",14,"AGENTCODE","VARCHAR2",30,,,"Y"
"SALESORDER",15,"CONSIGNEECODE","VARCHAR2",30,,,"Y"
"SALESORDER",16,"SALESEXECUTIVECODE","VARCHAR2",30,,,"Y"
"SALESORDER",17,"SUMOFAMOUNT","NUMBER",22,,,"Y"
"SALESORDER",18,"SUMOFFOOTERAMOUNT","NUMBER",22,,,"Y"
"SALESORDER",19,"SALESORDERAMOUNT","NUMBER",22,,,"Y"
"SALESORDER",20,"SUBJECTTEXT","VARCHAR2",1000,,,"Y"
"SALESORDER",21,"REFERENCETEXT","VARCHAR2",1000,,,"Y"
"SALESORDER",22,"LETTERTEXT","VARCHAR2",4000,,,"Y"
"SALESORDER",23,"TITLETEXT","VARCHAR2",1000,,,"Y"
"SALESORDER",24,"REMARK","VARCHAR2",100,,,"Y"
"SALESORDER",25,"ITEMWISEFOOTER","VARCHAR2",3,,,"Y"
"SALESORDER",26,"REFERENCETNO","NUMBER",22,,,"Y"
"SALESORDER",27,"VALIDITYUPTODATE","DATE",7,,,"Y"
"SALESORDER",28,"VALIDITYDAYS","NUMBER",22,,,"Y"
"SALESORDER",29,"CREDITDAYS","NUMBER",22,,,"Y"
"SALESORDER",30,"COMMISSIONRATE","NUMBER",22,,,"Y"
"SALESORDER",31,"TRANSPORTERCODE","VARCHAR2",30,,,"Y"
"SALESORDER",32,"FREIGHTTYPECODE","VARCHAR2",30,,,"Y"
"SALESORDER",33,"DESPATCHCATEGORYCODE","VARCHAR2",30,,,"Y"
"SALESORDER",34,"CREATOR","VARCHAR2",30,,,"Y"
"SALESORDER",35,"CREATIONTIME","DATE",7,,,"Y"
"SALESORDER",36,"FROMCITYCODE","VARCHAR2",30,,,"Y"
"SALESORDER",37,"TOCITYCODE","VARCHAR2",30,,,"Y"
"SALESORDER",38,"TRANSACTIONTYPECODE","VARCHAR2",30,,,"Y"
"SALESORDER",39,"NATUREOFSUPPLYCODE","VARCHAR2",30,,,"Y"
"SALESORDER",40,"PARTYPONO","VARCHAR2",30,,,"Y"
"SALESORDER",41,"PARTYPODATE","DATE",7,,,"Y"
"SALESORDER",42,"EXECUTEDAT","VARCHAR2",30,,,"Y"
"SALESORDER",43,"PORECEIPTTNO","NUMBER",22,,,"Y"
"SALESORDER",44,"ISOPENSPEC","VARCHAR2",3,,,"Y"
"SALESORDER",45,"QUANTITY","NUMBER",22,,,"Y"
"SALESORDER",46,"TRADEDISCOUNTTNO","NUMBER",22,,,"Y"
"SALESORDER",47,"TRADETYPECODE","VARCHAR2",30,,,"Y"
"SALESORDER",48,"REVISIONSALESORDERTNO","NUMBER",22,,,"Y"
"SALESORDER",49,"PURCHASEORDERTNO","NUMBER",22,,,"Y"
"SALESORDER",50,"WORKORDERTNO","NUMBER",22,,,"Y"
"SALESORDER",51,"DELIVERYORDERTNO","NUMBER",22,,,"Y"
"SALESORDER",52,"SALESQUOTATIONTNO","NUMBER",22,,,"Y"
"SALESORDERDETAIL",1,"TNO","NUMBER",22,,,"Y"
"SALESORDERDETAIL",2,"SNO","NUMBER",22,,,"Y"
"SALESORDERDETAIL",3,"ITEMCODE","VARCHAR2",30,,,"Y"
"SALESORDERDETAIL",4,"ITEMSPECIFICATIONCODE","VARCHAR2",30,,,"Y"
"SALESORDERDETAIL",5,"DESCRIPTION","VARCHAR2",1000,,,"Y"
"SALESORDERDETAIL",6,"QUANTITY1","NUMBER",22,,,"Y"
"SALESORDERDETAIL",7,"QUANTITY2","NUMBER",22,,,"Y"
"SALESORDERDETAIL",8,"RATEMEASURINGUNITCODE","VARCHAR2",30,,,"Y"
"SALESORDERDETAIL",9,"INCLUSIVETAX","VARCHAR2",3,,,"Y"
"SALESORDERDETAIL",10,"RATEINCLUSIVETAX","NUMBER",22,,,"Y"
"SALESORDERDETAIL",11,"RATE","NUMBER",22,,,"Y"
"SALESORDERDETAIL",12,"AMOUNT","NUMBER",22,,,"Y"
"SALESORDERDETAIL",13,"FOOTERAMOUNT","NUMBER",22,,,"Y"
"SALESORDERDETAIL",14,"TOTALAMOUNT","NUMBER",22,,,"Y"
"SALESORDERDETAIL",15,"REMARK","VARCHAR2",100,,,"Y"
"SALESORDERDETAIL",16,"LOWERTOLERANCEPERCENT","NUMBER",22,,,"Y"
"SALESORDERDETAIL",17,"HIGHERTOLERANCEPERCENT","NUMBER",22,,,"Y"
"SALESORDERDETAIL",18,"DESPATCHADVICEQUANTITY1","NUMBER",22,,,"Y"
"SALESORDERDETAIL",19,"DESPATCHADVICEQUANTITY2","NUMBER",22,,,"Y"
"SALESORDERDETAIL",20,"CCINVOICEQUANTITY1","NUMBER",22,,,"Y"
"SALESORDERDETAIL",21,"CCINVOICEQUANTITY2","NUMBER",22,,,"Y"
"SALESORDERDETAIL",22,"TAXRULECODE","VARCHAR2",30,,,"Y"
"SALESORDERDETAIL",23,"RATEPERPIECEINCLUSIVETAX","NUMBER",22,,,"Y"
"SALESORDERDETAIL",24,"RATEPERPIECE","NUMBER",22,,,"Y"
"SALESORDERDETAIL",25,"CCINVOICEPACKINGNOS","NUMBER",22,,,"Y"
"SALESORDERDETAIL",26,"PACKINGNOS","NUMBER",22,,,"Y"
"SALESORDERDETAIL",27,"PACKINGTYPECODE","VARCHAR2",30,,,"Y"
"SALESORDERDETAIL",28,"QUALITYCODE","VARCHAR2",30,,,"Y"
"SALESORDERDETAIL",29,"PRORATA","NUMBER",22,,,"Y"
"SALESORDERDETAIL",30,"DOCUMENTSTATUSCODE","VARCHAR2",30,,,"Y"
"SALESORDERDETAIL",31,"TOLERANCE","NUMBER",22,,,"Y"
"SALESQUOTATION",1,"TNO","NUMBER",22,,,"N"
"SALESQUOTATION",2,"COMPANYCODE","VARCHAR2",30,,,"Y"
"SALESQUOTATION",3,"FINANCIALYEARCODE","VARCHAR2",30,,,"Y"
"SALESQUOTATION",4,"LOCATIONCODE","VARCHAR2",30,,,"Y"
"SALESQUOTATION",5,"DOCTYPECODE","VARCHAR2",30,,,"Y"
"SALESQUOTATION",6,"PARTYQUOTATIONNO","VARCHAR2",100,,,"Y"
"SALESQUOTATION",7,"PARTYQUOTATIONDATE","DATE",7,,,"Y"
"SALESQUOTATION",8,"PARTYCODE","VARCHAR2",30,,,"Y"
"SALESQUOTATION",9,"EMPLOYEECODE","VARCHAR2",30,,,"Y"
"SALESQUOTATION",10,"VALIDITYDATE","DATE",7,,,"Y"
"SALESQUOTATION",11,"CURRENCYUNITCODE","VARCHAR2",30,,,"Y"
"SALESQUOTATION",12,"CURRENCYVALUE","NUMBER",22,,,"Y"
"SALESQUOTATION",13,"SUMOFAMOUNT","NUMBER",22,,,"Y"
"SALESQUOTATION",14,"SUMOFFOOTER","NUMBER",22,,,"Y"
"SALESQUOTATION",15,"SUBJECTTEXT","VARCHAR2",1000,,,"Y"
"SALESQUOTATION",16,"REFERENCETEXT","VARCHAR2",1000,,,"Y"
"SALESQUOTATION",17,"LETTERTEXT","VARCHAR2",4000,,,"Y"
"SALESQUOTATION",18,"TITLETEXT","VARCHAR2",1000,,,"Y"
"SALESQUOTATION",19,"ITEMWISEFOOTER","VARCHAR2",3,,,"Y"
"SALESQUOTATION",20,"REMARK","VARCHAR2",100,,,"Y"
"SALESQUOTATION",21,"SUMOFFOOTERAMOUNT","NUMBER",22,,,"Y"
"SALESQUOTATION",22,"SALESQUOTATIONNO","VARCHAR2",100,,,"Y"
"SALESQUOTATION",23,"SALESQUOTATIONDATE","DATE",7,,,"Y"
"SALESQUOTATION",24,"SALESQUOTATIONAMOUNT","NUMBER",22,,,"Y"
"SALESQUOTATION",25,"SALESENQUIRYTNO","NUMBER",22,,,"Y"
"SALESQUOTATION",26,"AGENTCODE","VARCHAR2",30,,,"Y"
"SALESQUOTATION",27,"CONSIGNEECODE","VARCHAR2",30,,,"Y"
"SALESQUOTATION",28,"VALIDITYUPTODATE","DATE",7,,,"Y"
"SALESQUOTATION",29,"CREATIONTIME","DATE",7,,,"Y"
"SALESQUOTATION",30,"CREATOR","VARCHAR2",30,,,"Y"
"SALESQUOTATION",31,"REVISIONSALESQUOTATIONTNO","NUMBER",22,,,"Y"
"SALESQUOTATION",32,"ROUNDINGAMOUNT","NUMBER",22,,,"Y"
"SALESQUOTATION",33,"REASONOFLOSS","VARCHAR2",500,,,"Y"
"SALESQUOTATIONDETAIL",1,"TNO","NUMBER",22,,,"N"
"SALESQUOTATIONDETAIL",2,"SNO","NUMBER",22,,,"N"
"SALESQUOTATIONDETAIL",3,"SERIALNO","NUMBER",22,,,"Y"
"SALESQUOTATIONDETAIL",4,"ITEMCODE","VARCHAR2",30,,,"Y"
"SALESQUOTATIONDETAIL",5,"ITEMSPECIFICATIONCODE","VARCHAR2",30,,,"Y"
"SALESQUOTATIONDETAIL",6,"DESCRIPTION","VARCHAR2",1000,,,"Y"
"SALESQUOTATIONDETAIL",7,"QUANTITY1","NUMBER",22,,,"Y"
"SALESQUOTATIONDETAIL",8,"QUANTITY2","NUMBER",22,,,"Y"
"SALESQUOTATIONDETAIL",9,"RATEMEASURINGUNITCODE","VARCHAR2",30,,,"Y"
"SALESQUOTATIONDETAIL",10,"RATE","NUMBER",22,,,"Y"
"SALESQUOTATIONDETAIL",11,"AMOUNT","NUMBER",22,,,"Y"
"SALESQUOTATIONDETAIL",12,"FOOTERAMOUNT","NUMBER",22,,,"Y"
"SALESQUOTATIONDETAIL",13,"TOTALAMOUNT","NUMBER",22,,,"Y"
"SALESQUOTATIONDETAIL",14,"REMARK","VARCHAR2",100,,,"Y"
"SALESQUOTATIONDETAIL",15,"PACKINGTYPECODE","VARCHAR2",30,,,"Y"
"SALESQUOTATIONDETAIL",16,"PACKINGNOS","NUMBER",22,,,"Y"
"STORAGELOCATION",1,"TNO","NUMBER",22,,,"Y"
"STORAGELOCATION",2,"STORAGELOCATIONCODE","VARCHAR2",30,,,"N"
"STORAGELOCATION",3,"STORAGELOCATIONNAME","VARCHAR2",100,,,"Y"
"STORAGELOCATION",4,"STORAGELOCATIONSHORTNAME","VARCHAR2",10,,,"Y"
"STORAGELOCATION",5,"PARENTCODE","VARCHAR2",30,,,"Y"
"STORAGELOCATION",6,"REMARK","VARCHAR2",100,,,"Y"
"STORAGELOCATION",7,"DATECREATED","DATE",7,,,"Y"
"STORAGELOCATION",8,"DATEMODIFY","DATE",7,,,"Y"
"STORAGELOCATION",9,"CREATOR","VARCHAR2",30,,,"Y"
"STORAGELOCATION",10,"ISOUTOFPREMISES","VARCHAR2",3,,,"Y"
"STORAGELOCATION",11,"ALLOCATIONINCCINVOICEALLOWED","VARCHAR2",3,,,"Y"
"VEHICLETYPE",1,"TNO","NUMBER",22,,,"N"
"VEHICLETYPE",2,"VEHICLETYPECODE","VARCHAR2",30,,,"N"
"VEHICLETYPE",3,"VEHICLETYPENAME","VARCHAR2",100,,,"N"
"VEHICLETYPE",4,"VEHICLETYPESHORTNAME","VARCHAR2",100,,,"N"
"VEHICLETYPE",5,"TRANSMODE","NUMBER",22,,,"Y"
"VEHICLETYPE",6,"REMARK","VARCHAR2",100,,,"Y"
"VEHICLETYPE",7,"CREATOR","VARCHAR2",30,,,"Y"
"VEHICLETYPE",8,"CREATIONTIME","DATE",7,,,"Y"
"VEHICLETYPE",9,"TRANSITMODE","VARCHAR2",30,,,"Y"
"VEHICLETYPE",10,"VEHICLETYPE","VARCHAR2",3,,,"Y"
"VENDOR",1,"TNO","NUMBER",22,,,"N"
"VENDOR",2,"VENDORCODE","VARCHAR2",30,,,"Y"
"VENDOR",3,"VENDORNAME","VARCHAR2",200,,,"Y"
"VENDOR",4,"CONTACTPERSON","VARCHAR2",100,,,"Y"
"VENDOR",5,"OFFICEADDRESS","VARCHAR2",500,,,"Y"
"VENDOR",6,"OFFICEPHONENO","VARCHAR2",30,,,"Y"
"VENDOR",7,"OFFICEMOBILENO","VARCHAR2",30,,,"Y"
"VENDOR",8,"OFFICEEMAILID","VARCHAR2",100,,,"Y"
"VENDOR",9,"WEBSITE","VARCHAR2",30,,,"Y"
"VENDOR",10,"LOCATIONCODE","VARCHAR2",30,,,"Y"
"VENDOR",11,"REMARK","VARCHAR2",100,,,"Y"
"VENDOR",12,"CREATOR","VARCHAR2",30,,,"Y"
"VENDOR",13,"CREATIONTIME","DATE",7,,,"Y"
"VENDOR",14,"REGISTRATIONNO","VARCHAR2",30,,,"Y"
"VENDOR",15,"REGISTRATIONDATE","DATE",7,,,"Y"
"VENDOR",16,"VENDORSITEVISITTNO","NUMBER",22,,,"Y"
"VENDOR",17,"APPROVEBYEMPLOYEECODE","VARCHAR2",30,,,"Y"
"VENDOR",18,"OFFICECITYCODE","VARCHAR2",30,,,"Y"
"VENDOR",19,"MODULECODE","VARCHAR2",30,,,"Y"
"VENDOR",20,"MODULETNO","NUMBER",22,,,"Y"
"VENDOR",21,"OFFICESTATECODE","VARCHAR2",30,,,"Y"
"VENDOR",22,"OFFICECOUNTRYCODE","VARCHAR2",30,,,"Y"
"VENDOR",23,"OFFICEPINCODE","VARCHAR2",30,,,"Y"
"VENDOR",24,"CONTACTPERSONADDRESS","VARCHAR2",200,,,"Y"
"VENDOR",25,"CONTACTPERSONCITYCODE","VARCHAR2",30,,,"Y"
"VENDOR",26,"CONTACTPERSONSTATECODE","VARCHAR2",30,,,"Y"
"VENDOR",27,"CONTACTPERSONCOUNTRYCODE","VARCHAR2",30,,,"Y"
"VENDOR",28,"CONTACTPERSONPINCODE","VARCHAR2",10,,,"Y"
"VENDOR",29,"CONTACTPERSONPHONENO","VARCHAR2",30,,,"Y"
"VENDOR",30,"CONTACTPERSONMOBILENO","VARCHAR2",30,,,"Y"
"VENDOR",31,"CONTACTPERSONEMAILID","VARCHAR2",100,,,"Y"
"VENDOR",32,"VENDORSTATUSCODE","VARCHAR2",30,,,"Y"
"VENDOR",33,"BUSINESSNATURECODE","VARCHAR2",30,,,"Y"
"VENDOR",34,"INDUSTRYTYPECODE","VARCHAR2",30,,,"Y"
"VENDOR",35,"VENDORCATEGORY","VARCHAR2",30,,,"Y"
"VENDOR",36,"TAXREGISTRATIONTYPECODE","VARCHAR2",30,,,"Y"
"VENDOR",37,"IMPORTTNO","NUMBER",22,,,"Y"
"VOUCHER",1,"TNO","NUMBER",22,,,"Y"
"VOUCHER",2,"COMPANYCODE","VARCHAR2",30,,,"Y"
"VOUCHER",3,"FINANCIALYEARCODE","VARCHAR2",30,,,"Y"
"VOUCHER",4,"LOCATIONCODE","VARCHAR2",30,,,"Y"
"VOUCHER",5,"DOCTYPECODE","VARCHAR2",30,,,"Y"
"VOUCHER",6,"VOUCHERNO","VARCHAR2",100,,,"Y"
"VOUCHER",7,"VOUCHERDATE","DATE",7,,,"Y"
"VOUCHER",8,"NARRATION","VARCHAR2",2000,,,"Y"
"VOUCHER",9,"REMARK","VARCHAR2",100,,,"Y"
"VOUCHER",10,"MODULECODE","VARCHAR2",30,,,"Y"
"VOUCHER",11,"MODULETNO","NUMBER",22,,,"Y"
"VOUCHER",12,"OTHERCODE","VARCHAR2",30,,,"Y"
"VOUCHER",13,"REFERENCEMODULECODE","VARCHAR2",30,,,"Y"
"VOUCHER",14,"REFERENCETNO","NUMBER",22,,,"Y"
"VOUCHER",15,"CREATOR","VARCHAR2",30,,,"Y"
"VOUCHER",16,"ACCOUNTCODE","VARCHAR2",30,,,"Y"
"VOUCHER",17,"MONEYTRANSFERMODECODE","VARCHAR2",30,,,"Y"
"VOUCHER",18,"MONEYTRANSFERREFERENCENO","VARCHAR2",100,,,"Y"
"VOUCHER",19,"CREATED","DATE",7,,,"Y"
"VOUCHER",20,"MODULESNO","NUMBER",22,,,"Y"
"VOUCHER",21,"VNO","NUMBER",22,,,"Y"
"VOUCHER",22,"CREATIONTIME","DATE",7,,,"Y"
"VOUCHER",23,"UPDATIONTIME","DATE",7,,,"Y"
"VOUCHER",24,"UPDATER","VARCHAR2",30,,,"Y"
"VOUCHER",25,"BILLNO","VARCHAR2",30,,,"Y"
"VOUCHERDETAIL",1,"TNO","NUMBER",22,,,"Y"
"VOUCHERDETAIL",2,"SNO","NUMBER",22,,,"Y"
"VOUCHERDETAIL",3,"SERIALNO","NUMBER",22,,,"Y"
"VOUCHERDETAIL",4,"ACCOUNTCODE","VARCHAR2",30,,,"Y"
"VOUCHERDETAIL",5,"NARRATION","VARCHAR2",2000,,,"Y"
"VOUCHERDETAIL",6,"AMOUNT","NUMBER",22,,,"Y"
"VOUCHERDETAIL",7,"VOUCHERDATE","DATE",7,,,"Y"
"VOUCHERDETAIL",8,"MONEYTRANSFERMODECODE","VARCHAR2",30,,,"Y"
"VOUCHERDETAIL",9,"MONEYTRANSFERREFERENCENO","VARCHAR2",100,,,"Y"
"VOUCHERDETAIL",10,"RECONSILATIONDATE","DATE",7,,,"Y"
"VOUCHERDETAIL",11,"RECONSILATIONREMARK","VARCHAR2",100,,,"Y"
"VOUCHERDETAIL",12,"LOCATIONCODE","VARCHAR2",30,,,"Y"
"VOUCHERDETAIL",13,"COMPANYCODE","VARCHAR2",30,,,"Y"
"VOUCHERDETAIL",14,"MODULETNO","NUMBER",22,,,"Y"
"VOUCHERDETAIL",15,"MODULECODE","VARCHAR2",30,,,"Y"
"VOUCHERDETAIL",16,"BILLNO","VARCHAR2",30,,,"Y"
"VOUCHERDETAIL",17,"ISRECONCILED","VARCHAR2",3,,,"Y"
"VOUCHERDETAIL",18,"QUANTITY1","NUMBER",22,,,"Y"
"WEIGHMENT",1,"TNO","NUMBER",22,,,"Y"
"WEIGHMENT",2,"COMPANYCODE","VARCHAR2",30,,,"N"
"WEIGHMENT",3,"FINANCIALYEARCODE","VARCHAR2",30,,,"N"
"WEIGHMENT",4,"LOCATIONCODE","VARCHAR2",30,,,"N"
"WEIGHMENT",5,"DOCTYPECODE","VARCHAR2",30,,,"N"
"WEIGHMENT",6,"WEIGHMENTNO","VARCHAR2",100,,,"N"
"WEIGHMENT",7,"WEIGHMENTDATE","DATE",7,,,"Y"
"WEIGHMENT",8,"COMPANYVEHICLECODE","VARCHAR2",30,,,"Y"
"WEIGHMENT",9,"MATERIALINTNO","NUMBER",22,,,"Y"
"WEIGHMENT",10,"DESPATCHADVICETNO","NUMBER",22,,,"Y"
"WEIGHMENT",11,"PURCHASERETURNTNO","NUMBER",22,,,"Y"
"WEIGHMENT",12,"ITEMCODE","VARCHAR2",30,,,"Y"
"WEIGHMENT",13,"ITEMSPECIFICATIONCODE","VARCHAR2",30,,,"Y"
"WEIGHMENT",14,"CHALLANGROSSWEIGHT","NUMBER",22,,,"Y"
"WEIGHMENT",15,"CHALLANNETWEIGHT","NUMBER",22,,,"Y"
"WEIGHMENT",16,"CHALLANTAREWEIGHT","NUMBER",22,,,"Y"
"WEIGHMENT",17,"FIRSTWEIGHT","NUMBER",22,,,"Y"
"WEIGHMENT",18,"FIRSTWEIGHTTIME","DATE",7,,,"Y"
"WEIGHMENT",19,"SECONDWEIGHT","NUMBER",22,,,"Y"
"WEIGHMENT",20,"SECONDWEIGHTTIME","DATE",7,,,"Y"
"WEIGHMENT",21,"NETWEIGHT","NUMBER",22,,,"Y"
"WEIGHMENT",22,"ACCEPTEDWEIGHT","NUMBER",22,,,"Y"
"WEIGHMENT",23,"REMARK","VARCHAR2",100,,,"Y"
"WEIGHMENT",24,"VEHICLENO","VARCHAR2",100,,,"Y"
"WEIGHMENT",25,"VEHICLETYPECODE","VARCHAR2",30,,,"Y"
"WEIGHMENT",26,"WEIGHBRIDGECODE","VARCHAR2",30,,,"Y"
"WEIGHMENT",27,"TRANSPORTERCODE","VARCHAR2",30,,,"Y"
"WEIGHMENT",28,"CREATOR","VARCHAR2",30,,,"Y"
"WEIGHMENT",29,"SECONDWEIGHBRIEDGECODE","VARCHAR2",30,,,"Y"
"WEIGHMENT",30,"FROMLOCATIONCODE","VARCHAR2",30,,,"Y"
"WEIGHMENT",31,"TOLOCATIONCODE","VARCHAR2",30,,,"Y"
"WEIGHMENT",32,"CREATORFORSECONDWEIGHT","VARCHAR2",30,,,"Y"
"WEIGHMENT",33,"ISCANCELED","VARCHAR2",3,,,"Y"
"WEIGHMENT",34,"CANCELREMARK","VARCHAR2",1000,,,"Y"
"WEIGHMENT",35,"CREATIONTIME","DATE",7,,,"Y"
"WEIGHMENT",36,"CREATIONTIMEFORSECONDWEIGHT","DATE",7,,,"Y"
"WEIGHMENT",37,"REFERENCETNO","NUMBER",22,,,"Y"
