"PAGE_ID","PAGE_NAME","PAGE_ALIAS","BUTTON_SEQUENCE","BUTTON_NAME","BUTTON_IMAGE_ALT","BUTTON_ACTION","BUTTON_REDIRECT_URL","BUTTON_CONDITION_TYPE","BUTTON_CONDITION"
10,"Item Ledger","ITEM-LEDGER",100,"Refresh","Refresh","DEFINED_BY_DA","","",""
11,"Account Ledger ","ACCOUNT-LEDGER",10,"PRINT","PDF","DEFINED_BY_DA","","",""
11,"Account Ledger ","ACCOUNT-LEDGER",20,"New","Preview","REDIRECT_URL","javascript:window.open('http://65.1.227.214:9502/analytics/saw.dll?bipublisherEntry&Action=open&itemType=.xdo&bipPath=/LOGICBOX/REPORT/AccountLedgerRevisedwithattachment.xdo&nQUser=weblogic&nQPassword=webboss123&bipParams={""_xmode"":""1"",""_xpf"":"""",""_xf"":""pdf"",""_xpt"":""1"",""_paramsP304_FROMDATE"":""&P11_FROMDATE."",""_paramsP304_TODATE"":""&P11_TODATE."",""_paramsP304_LOCATION"":""&P11_LOCATION."",""_paramsP304_PARTY"":""&P11_PARTY."",""_paramsP304_USER"":""&APP_USER.""}');","NEVER",""
11,"Account Ledger ","ACCOUNT-LEDGER",50,"Pass","Pass","REDIRECT_PAGE","f?p=&APP_ID.:163:&SESSION.::&DEBUG.:163::","NEVER",""
11,"Account Ledger ","ACCOUNT-LEDGER",60,"Fail","Fail","REDIRECT_PAGE","f?p=&APP_ID.:163:&SESSION.::&DEBUG.:163::","NEVER",""
11,"Account Ledger ","ACCOUNT-LEDGER",70,"Flow","FLow","REDIRECT_PAGE","f?p=&APP_ID.:162:&SESSION.::&DEBUG.:162:P162_TNO:&P71_TNO.","NEVER",""
11,"Account Ledger ","ACCOUNT-LEDGER",80,"Status","&P118_STATUS.","REDIRECT_PAGE","f?p=&APP_ID.:164:&SESSION.::&DEBUG.:164::","NEVER",""
11,"Account Ledger ","ACCOUNT-LEDGER",90,"PRINT_1","Print","DEFINED_BY_DA","","",""
11,"Account Ledger ","ACCOUNT-LEDGER",100,"CANCEL","Cancel","DEFINED_BY_DA","","",""
11,"Account Ledger ","ACCOUNT-LEDGER",100,"REFRESH","Refresh","DEFINED_BY_DA","","",""
11,"Account Ledger ","ACCOUNT-LEDGER",110,"DELETE","Delete","SUBMIT","","NEVER",""
11,"Account Ledger ","ACCOUNT-LEDGER",110,"Monthly","Monthly","DEFINED_BY_DA","","",""
11,"Account Ledger ","ACCOUNT-LEDGER",120,"Daily","Daily","DEFINED_BY_DA","","",""
11,"Account Ledger ","ACCOUNT-LEDGER",120,"SAVE","Apply Changes","SUBMIT","","NEVER",""
11,"Account Ledger ","ACCOUNT-LEDGER",130,"CREATE","Create","SUBMIT","","NEVER",""
11,"Account Ledger ","ACCOUNT-LEDGER",210,"AddNew","Add New","REDIRECT_PAGE","f?p=&APP_ID.:&APP_PAGE_ID.:&SESSION.::&DEBUG.:&APP_PAGE_ID.::","FUNCTION_BODY","DECLARE
  tModuleFlow number;
  tmp         number;
  tmp1        number;
BEGIN
   select count(*) into tmp1 from ModuleFlow a where a.modulecode = getmodulecodeforpageno(:APP_PAGE_ID);
   if nvl(tmp1,0) > 0 then
        select
            count(*) into tModuleFlow
        from ModuleFlow a, ModuleFlowUser b, Bossuser c
        where a.tno = b.tno
          and b.bossusercode = c.bossusercode
          and a.Modulecode = getmodulecodeforpageno(:APP_PAGE_ID)
          and c.bossusername = :APP_USER
          ;

          if nvl(tModuleFlow,0) > 0 then
             return(TRUE) ;
          else
             return(FALSE);
          end if;
     else
            Select
            	COUNT(*) into tmp
            From Module a, ModulePrivilege b, BossUser c
            Where a.ModuleCode = b.ModuleCode
            	and b.BossUsercode = c.BossUserCode
            	and c.LoginName = :GLOBAL_LOGINNAME
                and a.ModuleCode= getmodulecodeforpageno(:APP_PAGE_ID)
            	and b.CompanyCode = :GLOBAL_COMPANYCODE
            	and b.InsertPrivilege = 'YES' ;
            if nvl(tmp,0) > 0 then
               return(TRUE);
            else
               return(FALSE);
            end if;
      end if;

END;"
103,"Employee List","EMPLOYEE-LIST1",10,"Home","Home","REDIRECT_PAGE","f?p=&APP_ID.:1:&SESSION.::&DEBUG.:1::","",""
103,"Employee List","EMPLOYEE-LIST1",20,"CREATE","Add New","REDIRECT_PAGE","f?p=&APP_ID.:104:&APP_SESSION.::&DEBUG.:104::","",""
117,"Purchase Order List","PURCHASE-ORDER-LIST",10,"PDF","PDF","DEFINED_BY_DA","","",""
117,"Purchase Order List","PURCHASE-ORDER-LIST",20,"Home","Home","REDIRECT_PAGE","f?p=&APP_ID.:1:&SESSION.::&DEBUG.:1::","",""
117,"Purchase Order List","PURCHASE-ORDER-LIST",40,"Create","Add New","REDIRECT_PAGE","f?p=&APP_ID.:118:&SESSION.::&DEBUG.:118::","FUNCTION_BODY","DECLARE
  tModuleFlow number;
  tmp         number;
  tmp1        number;
BEGIN
   select count(*) into tmp1 from ModuleFlow a where a.modulecode = getmodulecodeforpageno(:APP_PAGE_ID);
   if nvl(tmp1,0) > 0 then
        select
            count(*) into tModuleFlow
        from ModuleFlow a, ModuleFlowUser b, Bossuser c
        where a.tno = b.tno
          and b.bossusercode = c.bossusercode
          and a.Modulecode = getmodulecodeforpageno(:APP_PAGE_ID)
          and c.bossusername = :APP_USER
          ;

          if nvl(tModuleFlow,0) > 0 then
             return(TRUE) ;
          else
             return(FALSE);
          end if;
     else
            Select
            	COUNT(*) into tmp
            From Module a, ModulePrivilege b, BossUser c
            Where a.ModuleCode = b.ModuleCode
            	and b.BossUsercode = c.BossUserCode
            	and c.LoginName = :GLOBAL_LOGINNAME
                and a.ModuleCode= getmodulecodeforpageno(:APP_PAGE_ID)
            	and b.CompanyCode = :GLOBAL_COMPANYCODE
            	and b.InsertPrivilege = 'YES' ;
            if nvl(tmp,0) > 0 then
               return(TRUE);
            else
               return(FALSE);
            end if;
      end if;

END;"
117,"Purchase Order List","PURCHASE-ORDER-LIST",170,"REFRESH","Refresh","SUBMIT","","",""
127,"Storage Location List","STORAGE-LOCATION-LIST",10,"Home","Home","REDIRECT_PAGE","f?p=&APP_ID.:1:&SESSION.::&DEBUG.:1::","",""
127,"Storage Location List","STORAGE-LOCATION-LIST",20,"CREATE","Add New","REDIRECT_PAGE","f?p=&APP_ID.:128:&APP_SESSION.::&DEBUG.:128::","",""
141,"Stock  Division Wise","STOCK-DIVISION-WISE",10,"CUSTOM","Custom","REDIRECT_URL","http://15.207.2.208:9704/xmlpserver/PRA/StockStatus.xdo?id=weblogic&passwd=webboss123&_xpt=0&_xmode=1&P141_FROMDATE=&P141_FROMDATE.&P141_TODATE=&P141_TODATE.&P141_LOCATION=&P141_LOCATION.&P141_ITEM=&P141_ITEM.&","VAL_OF_ITEM_IN_COND_EQ_COND2","P141_ITEM"
141,"Stock  Division Wise","STOCK-DIVISION-WISE",20,"PDF","Pdf","REDIRECT_URL","http://15.207.2.208:9704/xmlpserver/PRA/StockStatus.xdo?id=weblogic&passwd=webboss123&_xpt=1&_xmode=1&P141_FROMDATE=&P141_FROMDATE.&P141_TODATE=&P141_TODATE.&P141_LOCATION=&P141_LOCATION.&P141_ITEM=&P141_ITEM.&_xf=pdf","VAL_OF_ITEM_IN_COND_EQ_COND2","P141_ITEM"
141,"Stock  Division Wise","STOCK-DIVISION-WISE",110,"REFRESH","Refresh","SUBMIT","","",""
142,"Purchase Bill Register","PURCHASE-BILL-REGISTER",10,"PDF","PDF","DEFINED_BY_DA","","",""
142,"Purchase Bill Register","PURCHASE-BILL-REGISTER",20,"Home","Home","REDIRECT_PAGE","f?p=&APP_ID.:1:&SESSION.::&DEBUG.:1::","",""
142,"Purchase Bill Register","PURCHASE-BILL-REGISTER",30,"CREATE","Add New","REDIRECT_PAGE","f?p=&APP_ID.:143:&SESSION.::&DEBUG.:143:P143_FORMSTATUS:NEWRECORD","",""
142,"Purchase Bill Register","PURCHASE-BILL-REGISTER",40,"CUSTOM","Custom","REDIRECT_URL","http://15.207.2.208:9704/xmlpserver/PRA/purchasebillregister.xdo?id=weblogic&passwd=webboss123&_xpt=0&_xmode=1&P142_FROMDATE=&P142_FROMDATE.&P142_TODATE=&P142_TODATE.&P142_PBPSTATUS=&P142_PBPSTATUS.&P142_ITEMSPECIFICATION=&P142_ITEMSPECIFICATION.&P142_ITEM=&P142_ITEM.&P142_LOCATION=&P142_LOCATION.&P142_PARTY=&P142_PARTY.&P142_PBNO=&P142_PBNO.","VAL_OF_ITEM_IN_COND_EQ_COND2","1"
142,"Purchase Bill Register","PURCHASE-BILL-REGISTER",110,"REFRESH","Refresh","SUBMIT","","",""
144,"Stock Storage Location Wise","STOCK-STORAGE-LOCATION-WISE",10,"CUSTOM","Custom","REDIRECT_URL","http://15.207.2.208:9704/xmlpserver/PRA/StockStatus.xdo?id=weblogic&passwd=webboss123&_xpt=0&_xmode=1&P144_FROMDATE=&P144_FROMDATE.&P144_TODATE=&P144_TODATE.&P144_LOCATION=&P144_LOCATION.&P144_ITEM=&P144_ITEM.&","VAL_OF_ITEM_IN_COND_EQ_COND2","P144_ITEM"
144,"Stock Storage Location Wise","STOCK-STORAGE-LOCATION-WISE",20,"PDF","Pdf","REDIRECT_URL","http://15.207.2.208:9704/xmlpserver/PRA/StockStatus.xdo?id=weblogic&passwd=webboss123&_xpt=1&_xmode=1&P144_FROMDATE=&P144_FROMDATE.&P144_TODATE=&P144_TODATE.&P144_LOCATION=&P144_LOCATION.&P144_ITEM=&P144_ITEM.&_xf=pdf","VAL_OF_ITEM_IN_COND_EQ_COND2","P144_ITEM"
144,"Stock Storage Location Wise","STOCK-STORAGE-LOCATION-WISE",110,"REFRESH","Refresh","SUBMIT","","",""
145,"GRN Register","GRN-REGISTER",10,"PDF","PDF","DEFINED_BY_DA","","",""
145,"GRN Register","GRN-REGISTER",20,"Home","Home","REDIRECT_PAGE","f?p=&APP_ID.:1:&SESSION.::&DEBUG.:::","",""
145,"GRN Register","GRN-REGISTER",30,"Create","Add New","REDIRECT_PAGE","f?p=&APP_ID.:146:&SESSION.::&DEBUG.:::","",""
145,"GRN Register","GRN-REGISTER",40,"CUSTOM","Custom","REDIRECT_URL","http://15.207.2.208:9704/xmlpserver/PRA/mmgrnregister.xdo?id=weblogic&passwd=webboss123&_xpt=0&_xmode=1&P145_FROMDATE=&P145_FROMDATE.&P145_TODATE=&P145_TODATE.&P145_BREAKUPAS=&P145_BREAKUPAS.&P145_BREAKUP=&P145_BREAKUP.&P145_STATUS=&P145_STATUS.&P145_ITEMGROUP=&P145_ITEMGROUP.&P145_SPECIFICATION=&P145_SPECIFICATION.&P145_ITEM=&P145_ITEM.&P145_TRANSPORTER=&P145_TRANSPORTER.&P145_PARTY=&P145_PARTY.&P145_INSPECTIONSTATUS=&P145_INSPECTIONSTATUS.&P145_DOCTYPE=&P145_DOCTYPE.&P145_LOCATION=&P145_LOCATION.&P145_GRNNO=&P145_GRNNO.","VAL_OF_ITEM_IN_COND_EQ_COND2","1"
145,"GRN Register","GRN-REGISTER",170,"REFRESH","Refresh","SUBMIT","","",""
151,"Purchase Bill Pass Register","PURCHASE-BILL-PASS-REGISTER",10,"PDF","PDF","DEFINED_BY_DA","","",""
151,"Purchase Bill Pass Register","PURCHASE-BILL-PASS-REGISTER",20,"Home","Home","REDIRECT_PAGE","f?p=&APP_ID.:1:&SESSION.::&DEBUG.:::","",""
151,"Purchase Bill Pass Register","PURCHASE-BILL-PASS-REGISTER",30,"Create","Add New","REDIRECT_PAGE","f?p=&APP_ID.:152:&SESSION.::&DEBUG.:::","",""
151,"Purchase Bill Pass Register","PURCHASE-BILL-PASS-REGISTER",40,"CUSTOM","Custom","REDIRECT_URL","http://15.207.2.208:9704/xmlpserver/PRA/purchasebillpassregister.xdo?id=weblogic&passwd=webboss123&_xpt=0&_xmode=1&P151_FROMDATE=&P151_FROMDATE.&P151_TODATE=&P151_TODATE.&P151_PBPASSNO=&P151_PBPASSNO.&P151_VSTATUS=&P151_VSTATUS.&P151_ITEMSPECIFICATION=&P151_ITEMSPECIFICATION.&P151_ITEM=&P151_ITEM.&P151_LOCATION=&P151_LOCATION.&P151_PARTYNAME=&P151_PARTYNAME.","VAL_OF_ITEM_IN_COND_EQ_COND2","1"
151,"Purchase Bill Pass Register","PURCHASE-BILL-PASS-REGISTER",120,"REFRESH","Refresh","SUBMIT","","",""
160,"Despatch Advice Register","DESPATCH-ADVICE-REGISTER",10,"PDF2","PDF","DEFINED_BY_DA","","",""
160,"Despatch Advice Register","DESPATCH-ADVICE-REGISTER",20,"Home","Home","REDIRECT_PAGE","f?p=&APP_ID.:1:&SESSION.::&DEBUG.:1::","",""
160,"Despatch Advice Register","DESPATCH-ADVICE-REGISTER",30,"Create","Add New","REDIRECT_PAGE","f?p=&APP_ID.:161:&SESSION.::&DEBUG.:161::","FUNCTION_BODY","DECLARE
  tModuleFlow number;
  tmp         number;
  tmp1        number;
BEGIN
   select count(*) into tmp1 from ModuleFlow a where a.modulecode = getmodulecodeforpageno(:APP_PAGE_ID);
   if nvl(tmp1,0) > 0 then
        select
            count(*) into tModuleFlow
        from ModuleFlow a, ModuleFlowUser b, Bossuser c
        where a.tno = b.tno
          and b.bossusercode = c.bossusercode
          and a.Modulecode = getmodulecodeforpageno(:APP_PAGE_ID)
          and c.bossusername = :APP_USER
          ;

          if nvl(tModuleFlow,0) > 0 then
             return(TRUE) ;
          else
             return(FALSE);
          end if;
     else
            Select
            	COUNT(*) into tmp
            From Module a, ModulePrivilege b, BossUser c
            Where a.ModuleCode = b.ModuleCode
            	and b.BossUsercode = c.BossUserCode
            	and c.LoginName = :GLOBAL_LOGINNAME
                and a.ModuleCode= getmodulecodeforpageno(:APP_PAGE_ID)
            	and b.CompanyCode = :GLOBAL_COMPANYCODE
            	and b.InsertPrivilege = 'YES' ;
            if nvl(tmp,0) > 0 then
               return(TRUE);
            else
               return(FALSE);
            end if;
      end if;

END;"
160,"Despatch Advice Register","DESPATCH-ADVICE-REGISTER",40,"CUSTOM2","Custom","REDIRECT_URL","http://15.207.2.208:9704/xmlpserver/PRA/despatchadviceregister.xdo?id=weblogic&passwd=webboss123&_xpt=0&_xmode=1&P160_FROMDATE=&P160_FROMDATE.&P160_TODATE=&P160_TODATE.&P160_LOCATION=&P160_LOCATION.&P160_DOCTYPE=&P160_DOCTYPE.&P160_PARTY=&P160_PARTY.&P160_TRANSPORTER=&P160_TRANSPORTER.&P160_ITEM=&P160_ITEM.&P160_ITEMSPECIFICATION=&P160_ITEMSPECIFICATION.&P160_DANO=&P160_DANO.&P160_VEHICLENO=&P160_VEHICLENO.&P160_WSTATUS=&P160_WSTATUS.&P160_MSTATUS=&P160_MSTATUS.","VAL_OF_ITEM_IN_COND_EQ_COND2","1"
160,"Despatch Advice Register","DESPATCH-ADVICE-REGISTER",140,"REFRESH","Refresh","SUBMIT","","",""
170,"Sales Order Register","SALES-ORDER-REGISTER",20,"CUSTOM2","Custom","REDIRECT_URL","http://15.207.2.208:9704/xmlpserver/PRA/ccinvoiceregister.xdo?id=weblogic&passwd=webboss123&_xpt=0&_xmode=1&P170_FROMDATE=&P170_FROMDATE.&P170_TODATE=&P170_TODATE.&P170_LOCATION=&P170_LOCATION.&P170_DOCTYPE=&P170_DOCTYPE.&P170_PARTY=&P170_PARTY.&P170_TRANSPORTER=&P170_TRANSPORTER.&P170_ITEM=&P170_ITEM.&P170_ITEMSPECIFICATION=&P170_ITEMSPECIFICATION.&P170_CCINO=&P170_CCINO.&P170_VEHICLENO=&P170_VEHICLENO.&P170_VSTATUS=&P170_VSTATUS.&P170_MISTATUS=&P170_MISTATUS.","VAL_OF_ITEM_IN_COND_EQ_COND2","1"
170,"Sales Order Register","SALES-ORDER-REGISTER",30,"PDF2","PDF","DEFINED_BY_DA","","",""
170,"Sales Order Register","SALES-ORDER-REGISTER",40,"Home","Home","REDIRECT_PAGE","f?p=&APP_ID.:1:&SESSION.::&DEBUG.:::","",""
170,"Sales Order Register","SALES-ORDER-REGISTER",50,"Create","Add New","REDIRECT_PAGE","f?p=&APP_ID.:171:&SESSION.::&DEBUG.:::","",""
170,"Sales Order Register","SALES-ORDER-REGISTER",160,"REFRESH","Refresh","SUBMIT","","",""
174,"CC Invoice Register","CC-INVOICE-REGISTER",10,"PDF2","PDF","DEFINED_BY_DA","","",""
174,"CC Invoice Register","CC-INVOICE-REGISTER",20,"CUSTOM2","Custom","REDIRECT_URL","http://15.207.2.208:9704/xmlpserver/PRA/ccinvoiceregister.xdo?id=weblogic&passwd=webboss123&_xpt=0&_xmode=1&P174_FROMDATE=&P174_FROMDATE.&P174_TODATE=&P174_TODATE.&P174_LOCATION=&P174_LOCATION.&P174_DOCTYPE=&P174_DOCTYPE.&P174_PARTY=&P174_PARTY.&P174_TRANSPORTER=&P174_TRANSPORTER.&P174_ITEM=&P174_ITEM.&P174_ITEMSPECIFICATION=&P174_ITEMSPECIFICATION.&P174_CCINO=&P174_CCINO.&P174_VEHICLENO=&P174_VEHICLENO.&P174_VSTATUS=&P174_VSTATUS.&P174_MISTATUS=&P174_MISTATUS.","VAL_OF_ITEM_IN_COND_EQ_COND2","1"
174,"CC Invoice Register","CC-INVOICE-REGISTER",30,"Home","Home","REDIRECT_PAGE","f?p=&APP_ID.:1:&SESSION.::&DEBUG.:::","",""
174,"CC Invoice Register","CC-INVOICE-REGISTER",40,"Create","Add New","REDIRECT_PAGE","f?p=&APP_ID.:175:&SESSION.::&DEBUG.:175:P175_FORMSTATUS,P175_IS_READONLY:NEWRECORD,0","",""
174,"CC Invoice Register","CC-INVOICE-REGISTER",190,"REFRESH","Refresh","SUBMIT","","",""
198,"Freight Advice List","FREIGHT-ADVICE-LIST",20,"Pdf","PDF","DEFINED_BY_DA","","",""
198,"Freight Advice List","FREIGHT-ADVICE-LIST",30,"Home","Home","REDIRECT_PAGE","f?p=&APP_ID.:1:&SESSION.::&DEBUG.:::","",""
198,"Freight Advice List","FREIGHT-ADVICE-LIST",40,"CREATE","Add New","REDIRECT_PAGE","f?p=&APP_ID.:199:&SESSION.::&DEBUG.:199::","",""
198,"Freight Advice List","FREIGHT-ADVICE-LIST",40,"Refresh","Refresh","SUBMIT","","",""
210,"Payable/Receivable Aging Report","PAYABLE-RECEIVABLE-AGING-REPORT",100,"REFRESH","Refresh","SUBMIT","","",""
210,"Payable/Receivable Aging Report","PAYABLE-RECEIVABLE-AGING-REPORT",110,"ALL","All","REDIRECT_PAGE","f?p=&APP_ID.:306:&SESSION.::&DEBUG.:306:P306_ASONDATE,P306_LOCATION,P306_PARTY,P306_PARTYTYPE:&P210_ASONDATE.,&P210_LOCATION.,&P210_PARTY.,&P210_PARTYTYPE.","",""
260,"Run 360 View","RUN-360-VIEW",50,"Run","Run","DEFINED_BY_DA","","",""
281,"Pending Sales Order followup","PENDING-SALES-ORDER-FOLLOWUP",10,"PDF","Pdf","DEFINED_BY_DA","","",""
281,"Pending Sales Order followup","PENDING-SALES-ORDER-FOLLOWUP",80,"Refresh","Refresh","SUBMIT","","",""
283,"Payment Of Transporter Advance","FREIGHT-ADVANCE-REGISTER1",10,"PDF","Pdf","DEFINED_BY_DA","","",""
283,"Payment Of Transporter Advance","FREIGHT-ADVANCE-REGISTER1",80,"Refresh","Refresh","SUBMIT","","",""
291,"Purchase Party Payment Register","PURCHASE-PARTY-AMOUNT-REPORT",10,"PDF","Pdf","DEFINED_BY_DA","","",""
291,"Purchase Party Payment Register","PURCHASE-PARTY-AMOUNT-REPORT",80,"Refresh","Refresh","SUBMIT","","",""
298,"Due Outstanding Balance","DUE-OUTSTANDING-BALANCE",10,"PDF","Pdf","DEFINED_BY_DA","","",""
298,"Due Outstanding Balance","DUE-OUTSTANDING-BALANCE",60,"REFRESH","Refresh","SUBMIT","","",""
327,"PURCHASE BILL LEDGER","PURCHASE-BILL-LEDGER",10,"PDF","Pdf","DEFINED_BY_DA","","",""
327,"PURCHASE BILL LEDGER","PURCHASE-BILL-LEDGER",70,"REFRESH","Refresh","SUBMIT","","",""
329,"CCINVOICE LEDGER","CCINVOICE-LEDGER",10,"PDF","Pdf","DEFINED_BY_DA","","",""
329,"CCINVOICE LEDGER","CCINVOICE-LEDGER",70,"REFRESH","Refresh","SUBMIT","","",""
378,"GRN Pending for Purchase Bill Report","GRN-PENDING-PURCHASE-BILL-REPORT",90,"P378_REFRESH_BTN","Refresh","SUBMIT","","",""
403,"GST Input Report As Per Transaction","GST-INPUT-REPORT-AS-PER-TRANSACTION",100,"REFRESH","Refresh","SUBMIT","","",""
404,"GST Output Report As Per Transaction","GST-OUTPUT-REPORT-AS-PER-TRANSACTION",90,"REFRESH","Refresh","SUBMIT","","",""
407,"Stock Statement","STOCK-STATEMENT",10,"CUSTOM","Custom","REDIRECT_URL","http://15.207.2.208:9704/xmlpserver/PRA/StockStatus.xdo?id=weblogic&passwd=webboss123&_xpt=0&_xmode=1&P407_FROMDATE=&P407_FROMDATE.&P407_TODATE=&P407_TODATE.&P407_LOCATION=&P407_LOCATION.&P407_ITEM=&P407_ITEM.&","VAL_OF_ITEM_IN_COND_EQ_COND2","P407_ITEM"
407,"Stock Statement","STOCK-STATEMENT",20,"PDF","Pdf","REDIRECT_URL","http://15.207.2.208:9704/xmlpserver/PRA/StockStatus.xdo?id=weblogic&passwd=webboss123&_xpt=1&_xmode=1&P407_FROMDATE=&P407_FROMDATE.&P407_TODATE=&P407_TODATE.&P407_LOCATION=&P407_LOCATION.&P407_ITEM=&P407_ITEM.&_xf=pdf","VAL_OF_ITEM_IN_COND_EQ_COND2","P407_ITEM"
407,"Stock Statement","STOCK-STATEMENT",120,"REFRESH","Refresh","SUBMIT","","",""
929,"Bill Detail","AP-BILL-DETAIL",60,"BACKITEMS","Back to Open Items","REDIRECT_PAGE","f?p=&APP_ID.:922:&SESSION.::&DEBUG.","",""
929,"Bill Detail","AP-BILL-DETAIL",62,"DEBTOR360","Vendor 360","REDIRECT_PAGE","f?p=&APP_ID.:923:&SESSION.::&DEBUG.:923:P923_PARTY,P923_TODATE,P923_FROMDATE:&P929_PARTY.,&P929_TODATE.,&P929_FROMDATE.","ITEM_IS_NOT_NULL","P929_PARTY"
934,"Purchase Command Centre","PURCHASE-COMMAND-CENTRE",60,"APPLY","Apply","SUBMIT","","",""
934,"Purchase Command Centre","PURCHASE-COMMAND-CENTRE",70,"OPENFILTERS","More Filters","REDIRECT_URL","javascript:apex.theme.openRegion('p668Drawer');","",""
934,"Purchase Command Centre","PURCHASE-COMMAND-CENTRE",80,"RESETFILTERS","Reset All Filters","REDIRECT_PAGE","f?p=&APP_ID.:934:&SESSION.::&DEBUG.:934","",""
937,"Purchase Bill 360","PURCHASE-BILL-360",90,"APPLY","Apply","SUBMIT","","",""
941,"Trading Operations Control Tower","TRADING-OPERATIONS-CONTROL-TOWER",70,"APPLY","Apply Filters","SUBMIT","","",""
941,"Trading Operations Control Tower","TRADING-OPERATIONS-CONTROL-TOWER",80,"REFRESH","Refresh","SUBMIT","","",""
