"PAGE_ID","PAGE_NAME","PAGE_ALIAS","ITEM_SEQUENCE","ITEM_NAME","PROMPT","DISPLAY_AS","SOURCE_TYPE","SOURCE","ITEM_DEFAULT","ITEM_DEFAULT_TYPE","LOV","NAMED_LOV","DISPLAY_WHEN_TYPE","DISPLAY_WHEN"
10,"Item Ledger","ITEM-LEDGER",10,"P10_ITEMCODE","Item","NATIVE_SELECT_ONE","ALWAYS_NULL","","","","select itemname d, itemcode r
from item
where itemtype not in ('2')
order by 1","","",""
10,"Item Ledger","ITEM-LEDGER",30,"P10_ITEMSPECIFICATIONCODE","Items Specification","NATIVE_SELECT_ONE","ALWAYS_NULL","","","","SELECT B.ITEMSPECIFICATIONNAME D, B.ITEMSPECIFICATIONCODE R
FROM ITEM A, ITEMSPECIFICATION B
WHERE A.TNO = B.TNO
AND A.ITEMCODE=:P10_ITEMCODE","","",""
10,"Item Ledger","ITEM-LEDGER",40,"P10_SKU","SKU","NATIVE_SELECT_ONE","ALWAYS_NULL","","","","select SKU d, SKU r
from ITEMSPECIFICATION","","",""
10,"Item Ledger","ITEM-LEDGER",50,"P10_FROMDATE","From Date","NATIVE_DATE_PICKER_APEX","ALWAYS_NULL","","","","","","",""
10,"Item Ledger","ITEM-LEDGER",60,"P10_TODATE","To Date","NATIVE_DATE_PICKER_APEX","ALWAYS_NULL","","","","","","",""
10,"Item Ledger","ITEM-LEDGER",70,"P10_TRANSACTION_NO","Transaction No","NATIVE_TEXT_FIELD","ALWAYS_NULL","","","","","","",""
10,"Item Ledger","ITEM-LEDGER",90,"P10_BIREPORTURL","","NATIVE_HIDDEN","ALWAYS_NULL","","select getmyparametervalue('BIREPORTURL') FROM dual","SQL_QUERY","","","",""
11,"Account Ledger ","ACCOUNT-LEDGER",10,"P11_PARTY_OLD","Account","PLUGIN_PL.OSTROWSKIBARTOSZ.APEX.ENHANCEDLOVITEM","ALWAYS_NULL","","","","Select
      distinct nvl(getpartyname(a.partycode),a.partycode) d,
      a.partycode r
From  (select p.* from PARTY p where exists(select 1 from PARTYCOMPANY c where c.TNO=p.TNO and c.COMPANYCODE=:GLOBAL_COMPANYCODE)) a
Where a.PartyTYPECODE != 'ACCOUNTGROUP'

Order By 1","","",""
11,"Account Ledger ","ACCOUNT-LEDGER",30,"P11_FROMDATE","From Date","NATIVE_DATE_PICKER_APEX","ALWAYS_NULL","","SELECT
FINANCIALYEARBEGIN
FROM FINANCIALYEAR
WHERE TRUNC(SYSDATE) BETWEEN FINANCIALYEARBEGIN AND FINANCIALYEAREND","SQL_QUERY","","","",""
11,"Account Ledger ","ACCOUNT-LEDGER",40,"P11_TODATE","To Date","NATIVE_DATE_PICKER_APEX","ALWAYS_NULL","","SELECT TRUNC(SYSDATE) FROM DUAL;","SQL_QUERY","","","",""
11,"Account Ledger ","ACCOUNT-LEDGER",50,"P11_NARRATION","","NATIVE_HIDDEN","ALWAYS_NULL","","","","","","",""
11,"Account Ledger ","ACCOUNT-LEDGER",60,"P11_PRINTDRCR","","NATIVE_HIDDEN","ALWAYS_NULL","","STATE","STATIC_TEXT_WITH_SUBSTITUTIONS","","","",""
11,"Account Ledger ","ACCOUNT-LEDGER",70,"P11_LOCATION","Location","PLUGIN_PL.OSTROWSKIBARTOSZ.APEX.ENHANCEDLOVITEM","ALWAYS_NULL","","","","  Select distinct
      l.LocationName d,
      l.LocationCode r
From  ModulePrivilege a, ModulePrivilegeLocation b, Location l, BossUser bu, MODULELOCATION ML, MODULELOCATIONDETAIL MD
Where a.TNo = b.TNo(+)
  AND A.MODULECODE = ML.MODULECODE
  AND ML.TNO = MD.TNO
  AND (B.LOCATIONCODE = L.LOCATIONCODE OR B.LOCATIONCODE IS NULL)
  and (MD.LocationCode = l.LocationCode )
  and a.ModuleCode = getmodulecodeforpageno(:APP_PAGE_ID)
  and a.BossUserCode = bu.BossUserCode
  and bu.BossUserName =  '&APP_USER.'
Order by 1
;","","",""
11,"Account Ledger ","ACCOUNT-LEDGER",80,"P11_PARTY_1","","NATIVE_HIDDEN","ALWAYS_NULL","","","","","","",""
11,"Account Ledger ","ACCOUNT-LEDGER",90,"P11_PARTY","Account","NATIVE_SELECT_ONE","ALWAYS_NULL","","","","Select
      distinct nvl(getpartyname(a.partycode),a.partycode) d,
      a.partycode r
From  (select p.* from PARTY p where exists(select 1 from PARTYCOMPANY c where c.TNO=p.TNO and c.COMPANYCODE=:GLOBAL_COMPANYCODE)) a
Where a.PartyTYPECODE != 'ACCOUNTGROUP'

Order By 1","","",""
11,"Account Ledger ","ACCOUNT-LEDGER",140,"P11_REPORTTITLE","","NATIVE_HIDDEN","ALWAYS_NULL","","Account Ledger","STATIC_TEXT_WITH_SUBSTITUTIONS","","","",""
11,"Account Ledger ","ACCOUNT-LEDGER",150,"P11_BIREPORTURL","","NATIVE_HIDDEN","ALWAYS_NULL","","select getmyparametervalue('BIREPORTURL') FROM dual","SQL_QUERY","","","",""
11,"Account Ledger ","ACCOUNT-LEDGER",160,"P11_TNO","","NATIVE_HIDDEN","ALWAYS_NULL","","","","","","",""
117,"Purchase Order List","PURCHASE-ORDER-LIST",10,"P117_COMPANY","Company","PLUGIN_PL.OSTROWSKIBARTOSZ.APEX.ENHANCEDLOVITEM","ALWAYS_NULL","","GLOBAL_COMPANYCODE","ITEM","Select
      c.CompanyName d,
      a.CompanyCode r
From  ModulePrivilege a, BossUser bu, Company c
Where a.ModuleCode = 'PURCHASEORDER'
  and a.viewprivilege = 'YES'
  and a.BossUserCode = bu.BossUserCode
  and a.CompanyCode = c.CompanyCode
  and bu.BossUserName =  '&APP_USER.'
   and getcompanyprivilege(C.COMPANYCODE,GETMODULECODEFORPAGENO(:APP_PAGE_ID),:GLOBAL_LOGINNAME)='YES'
  ;","","",""
117,"Purchase Order List","PURCHASE-ORDER-LIST",20,"P117_STATUS","Status","NATIVE_SELECT_LIST","ALWAYS_NULL","","","","STATIC2:Active;ACTIVE,Non-Active;NONACTIVE,Canceled;CANCELED,Closed;CLOSED,Preparing;PREPARING,Prepared;PREPARED,Authorised;AUTHORISED,On Hold;ONHOLD,Short Closed;SHORTCLOSED,Dept Approved;DEPTAPPROVED,Store Approval;STOREAPPROVED","","",""
117,"Purchase Order List","PURCHASE-ORDER-LIST",30,"P117_FROMDATE","From Date","NATIVE_DATE_PICKER_APEX","ALWAYS_NULL","","Trunc(Sysdate)-3","EXPRESSION","","","",""
117,"Purchase Order List","PURCHASE-ORDER-LIST",40,"P117_TODATE","To Date","NATIVE_DATE_PICKER_APEX","ALWAYS_NULL","","Trunc(Sysdate)","EXPRESSION","","","",""
117,"Purchase Order List","PURCHASE-ORDER-LIST",50,"P117_LOCATION","Location","PLUGIN_PL.OSTROWSKIBARTOSZ.APEX.ENHANCEDLOVITEM","ALWAYS_NULL","","","","Select Distinct
      l.LocationName d,
      l.LocationCode r
From  ModulePrivilege a, ModulePrivilegeLocation b, Location l, BossUser bu, MODULELOCATION ML, MODULELOCATIONDETAIL MD
Where a.TNo = b.TNo(+)
  AND A.MODULECODE = ML.MODULECODE
  AND ML.TNO = MD.TNO
  AND (B.LOCATIONCODE = L.LOCATIONCODE OR B.LOCATIONCODE IS NULL)
  and (MD.LocationCode = l.LocationCode )
  and a.ModuleCode = 'PURCHASEORDER'
  and a.BossUserCode = bu.BossUserCode
  and bu.BossUserName =  '&APP_USER.'
  and instr(':'||:P117_COMPANY||':',':'||a.CompanyCode||':') > 0
Order By 1
;
","","",""
117,"Purchase Order List","PURCHASE-ORDER-LIST",90,"P117_PARTYNAME","Vendor","PLUGIN_PL.OSTROWSKIBARTOSZ.APEX.ENHANCEDLOVITEM","ALWAYS_NULL","","","","Select
       Distinct
       p.PartyName d,
       p.PartyCode r
From PurchaseOrder a, (select p.* from PARTY p where exists(select 1 from PARTYCOMPANY c where c.TNO=p.TNO and c.COMPANYCODE=:GLOBAL_COMPANYCODE)) p
Where a.PartyCode = p.PartyCode
Order by 1","","",""
117,"Purchase Order List","PURCHASE-ORDER-LIST",100,"P117_DOCTYPE","Doc Type","PLUGIN_PL.OSTROWSKIBARTOSZ.APEX.ENHANCEDLOVITEM","ALWAYS_NULL","","","","Select distinct
      dt.DocTypeName d,
      dt.DocTypeCode r
From  ModulePrivilege a, ModulePrivilegeDocType b, DocType dt, BossUser bu, ModuleDocType md, ModuleDocTypeDetail mdd
Where a.TNo = b.TNo(+)
  and (b.DocTypeCode = dt.DocTypeCode or b.DocTypeCode is null)
  and a.ModuleCode = md.ModuleCode
  and md.TNo = mdd.TNo
  and mdd.DocTypeCode = dt.DocTypeCode
  and a.ModuleCode = 'PURCHASEORDER'
  and a.BossUserCode = bu.BossUserCode
  and bu.BossUserName =  '&APP_USER.'
  and instr(':'||:P117_COMPANY||':',':'||a.CompanyCode||':') > 0
Order by 1
;
","","",""
117,"Purchase Order List","PURCHASE-ORDER-LIST",110,"P117_ITEM","Material","PLUGIN_PL.OSTROWSKIBARTOSZ.APEX.ENHANCEDLOVITEM","ALWAYS_NULL","","","","Select
      Distinct
      e.ItemName||'( '||e.ItemCode||' )' as d,
      e.ItemCode r
From PurchaseOrderDetail a,Item e
Where a.ItemCode = e.ItemCode
Order by 1","","",""
117,"Purchase Order List","PURCHASE-ORDER-LIST",120,"P117_GRNSTATUS","GRN Status","NATIVE_SELECT_LIST","ALWAYS_NULL","","","","STATIC2:PENDING;PENDING,DONE;DONE,PARTIAL;PARTIAL","","",""
117,"Purchase Order List","PURCHASE-ORDER-LIST",130,"P117_ITEMSPECIFICATION","Specification","PLUGIN_PL.OSTROWSKIBARTOSZ.APEX.ENHANCEDLOVITEM","ALWAYS_NULL","","","","Select
      ee.ItemSpecificationName as d,
      ee.ItemSpecificationCode as r
From Item e, ItemSpecification ee
Where e.ItemCode = :P117_ITEM
  and e.TNo = ee.TNO","","",""
117,"Purchase Order List","PURCHASE-ORDER-LIST",140,"P117_PONO","PoNo","NATIVE_AUTO_COMPLETE","ALWAYS_NULL","","","","Select PurchaseOrderNo From (select * from PURCHASEORDER where COMPANYCODE=(select IMART_REFERENCE_SCOPE.company_code(:P117_TNO,null) from dual)) PURCHASEORDER
Where instr(':'||:P117_LOCATION||':',':'||LocationCode||':') > 0
  and PurchaseOrderDate Between :P117_FROMDATE and :P117_TODATE
Order by 1","","",""
117,"Purchase Order List","PURCHASE-ORDER-LIST",150,"P117_TODOLIST","","NATIVE_HIDDEN","ALWAYS_NULL","","NO","STATIC_TEXT_WITH_SUBSTITUTIONS","","","",""
117,"Purchase Order List","PURCHASE-ORDER-LIST",160,"P117_NEXTPROCESS","","NATIVE_HIDDEN","ALWAYS_NULL","","NO","STATIC_TEXT_WITH_SUBSTITUTIONS","","","",""
117,"Purchase Order List","PURCHASE-ORDER-LIST",170,"P117_BIREPORTURL","","NATIVE_HIDDEN","ALWAYS_NULL","","select getmyparametervalue('BIREPORTURL') FROM dual","SQL_QUERY","","","",""
117,"Purchase Order List","PURCHASE-ORDER-LIST",180,"P117_TNO","","NATIVE_HIDDEN","ALWAYS_NULL","","","","","","",""
141,"Stock  Division Wise","STOCK-DIVISION-WISE",10,"P141_COMPANY","Company","PLUGIN_PL.OSTROWSKIBARTOSZ.APEX.ENHANCEDLOVITEM","ALWAYS_NULL","","","","Select Distinct
      c.CompanyName d,
      a.CompanyCode r
From  ModulePrivilege a, BossUser bu, Company c
Where a.ModuleCode = 'STOCKSTATEMENT'
  and a.viewprivilege = 'YES'
  and a.BossUserCode = bu.BossUserCode
  and a.CompanyCode = c.CompanyCode
  and bu.BossUserName =  '&APP_USER.'
Order by 1
  ;
","","",""
141,"Stock  Division Wise","STOCK-DIVISION-WISE",20,"P141_LOCATION","Location","PLUGIN_PL.OSTROWSKIBARTOSZ.APEX.ENHANCEDLOVITEM","ALWAYS_NULL","","","","SELECT l.LocationName d,l.LocationCode r FROM LOCATION L  WHERE L.LOCATIONCODE IN (SELECT LOCATIONCODE FROM STOCK)
/*Select
      l.LocationName d,
      l.LocationCode r
From  ModulePrivilege a, ModulePrivilegeLocation b, Location l, BossUser bu, MODULELOCATION ML, MODULELOCATIONDETAIL MD
Where a.TNo = b.TNo(+)
  AND A.MODULECODE = ML.MODULECODE
  AND ML.TNO = MD.TNO
  AND (B.LOCATIONCODE = L.LOCATIONCODE OR B.LOCATIONCODE IS NULL)
  and (MD.LocationCode = l.LocationCode )
  and a.ModuleCode = 'GRN'
  and a.BossUserCode = bu.BossUserCode
  and bu.BossUserName =  '&APP_USER.'
;
*/","","",""
141,"Stock  Division Wise","STOCK-DIVISION-WISE",30,"P141_ASONDATE","As On Date","NATIVE_DATE_PICKER_APEX","ALWAYS_NULL","","TRUNC(SYSDATE)","EXPRESSION","","","",""
141,"Stock  Division Wise","STOCK-DIVISION-WISE",40,"P141_FROMDATE","","NATIVE_HIDDEN","ALWAYS_NULL","","TRUNC(SYSDATE)","EXPRESSION","","","",""
141,"Stock  Division Wise","STOCK-DIVISION-WISE",60,"P141_TODATE","","NATIVE_HIDDEN","ALWAYS_NULL","","TRUNC(SYSDATE)","EXPRESSION","","","",""
141,"Stock  Division Wise","STOCK-DIVISION-WISE",70,"P141_STORAGELOCATION","Storage Loc","PLUGIN_PL.OSTROWSKIBARTOSZ.APEX.ENHANCEDLOVITEM","ALWAYS_NULL","","","","SELECT STORAGELOCATIONNAME AS D,
STORAGELOCATIONCODE AS R
FROM STORAGELOCATION
","","",""
141,"Stock  Division Wise","STOCK-DIVISION-WISE",80,"P141_ITEM","Item ","PLUGIN_PL.OSTROWSKIBARTOSZ.APEX.ENHANCEDLOVITEM","ALWAYS_NULL","","","","Select DISTINCT
      e.ItemName d,
      e.ItemCode r
From  Item e, ItemSpecification ee
Where e.itemclassificationcode = 'MATERIAL'
Order by 1","","",""
141,"Stock  Division Wise","STOCK-DIVISION-WISE",90,"P141_ITEMNATURE","Item  Nature","PLUGIN_PL.OSTROWSKIBARTOSZ.APEX.ENHANCEDLOVITEM","ALWAYS_NULL","","","","  Select a.ItemnatureName As d,
       a.ItemNatureCode As r
  From ItemNature a
  order by 1
/*
select
distinct
getitemname(a.parentcode) as d,
a.parentcode as r
from item a
order by 1
*/","","",""
141,"Stock  Division Wise","STOCK-DIVISION-WISE",100,"P141_ITEMSPECIFICATION","Specification","PLUGIN_PL.OSTROWSKIBARTOSZ.APEX.ENHANCEDLOVITEM","ALWAYS_NULL","","","","Select
      ee.ItemSpecificationName as d,
      ee.ItemSpecificationCode as r
From  Item e, ItemSpecification ee
Where e.TNo = ee.TNo
  and e.ItemCode = :P141_ITEM
Order by 1","","",""
142,"Purchase Bill Register","PURCHASE-BILL-REGISTER",10,"P142_COMPANY","Company","PLUGIN_PL.OSTROWSKIBARTOSZ.APEX.ENHANCEDLOVITEM","ALWAYS_NULL","","","","Select
      c.CompanyName d,
      a.CompanyCode r
From  ModulePrivilege a, BossUser bu, Company c
Where a.ModuleCode = 'PURCHASEBILL'
  and a.viewprivilege = 'YES'
  and a.BossUserCode = bu.BossUserCode
  and a.CompanyCode = c.CompanyCode
  and bu.BossUserName =  '&APP_USER.'
  ;","","",""
142,"Purchase Bill Register","PURCHASE-BILL-REGISTER",20,"P142_LOCATION","Location","PLUGIN_PL.OSTROWSKIBARTOSZ.APEX.ENHANCEDLOVITEM","ALWAYS_NULL","","","","Select Distinct
      l.LocationName d,
      l.LocationCode r
From  ModulePrivilege a, ModulePrivilegeLocation b, Location l, BossUser bu, MODULELOCATION ML, MODULELOCATIONDETAIL MD
Where a.TNo = b.TNo(+)
  AND A.MODULECODE = ML.MODULECODE
  AND ML.TNO = MD.TNO
  AND (B.LOCATIONCODE = L.LOCATIONCODE OR B.LOCATIONCODE IS NULL)
  and (MD.LocationCode = l.LocationCode )
  and a.ModuleCode = 'PURCHASEBILL'
  and a.BossUserCode = bu.BossUserCode
  and bu.BossUserName =  '&APP_USER.'
Order By 1
;
","","",""
142,"Purchase Bill Register","PURCHASE-BILL-REGISTER",30,"P142_FROMDATE","From Date","NATIVE_DATE_PICKER","ALWAYS_NULL","","Trunc(Sysdate)-3","EXPRESSION","","","",""
142,"Purchase Bill Register","PURCHASE-BILL-REGISTER",40,"P142_TODATE","To Date","NATIVE_DATE_PICKER","ALWAYS_NULL","","Trunc(Sysdate)","EXPRESSION","","","",""
142,"Purchase Bill Register","PURCHASE-BILL-REGISTER",50,"P142_PBPSTATUS","PBP Status","NATIVE_SELECT_LIST","ALWAYS_NULL","","","","STATIC2:PREPARED;PREPARED,PENDING;PENDING","","",""
142,"Purchase Bill Register","PURCHASE-BILL-REGISTER",60,"P142_PARTY","Vendor","PLUGIN_PL.OSTROWSKIBARTOSZ.APEX.ENHANCEDLOVITEM","ALWAYS_NULL","","","","Select
       Distinct
       p.PartyName d,
       p.PartyCode r
From PurchaseBill a, (select p.* from PARTY p where exists(select 1 from PARTYCOMPANY c where c.TNO=p.TNO and c.COMPANYCODE=:GLOBAL_COMPANYCODE)) p
Where a.PartyCode = p.PartyCode","","",""
142,"Purchase Bill Register","PURCHASE-BILL-REGISTER",80,"P142_ITEM","Material","PLUGIN_PL.OSTROWSKIBARTOSZ.APEX.ENHANCEDLOVITEM","ALWAYS_NULL","","","","Select
      Distinct
      e.ItemName||' ( '||e.ItemCode||' )' as d,
      e.ItemCode r
From PurchaseBillDetail a, Item e
Where a.ItemCode = e.ItemCode","","",""
142,"Purchase Bill Register","PURCHASE-BILL-REGISTER",90,"P142_ITEMSPECIFICATION","Specification","PLUGIN_PL.OSTROWSKIBARTOSZ.APEX.ENHANCEDLOVITEM","ALWAYS_NULL","","","","Select
      Distinct
      ee.ItemSpecificationName as d,
      ee.ItemSpecificationCode as r
From Item e, ItemSpecification ee
Where e.ItemCode = :P142_ITEM
  and e.TNo = ee.TNo","","",""
142,"Purchase Bill Register","PURCHASE-BILL-REGISTER",100,"P142_BIREPORTURL","","NATIVE_HIDDEN","ALWAYS_NULL","","select getmyparametervalue('BIREPORTURL') FROM dual","SQL_QUERY","","","",""
142,"Purchase Bill Register","PURCHASE-BILL-REGISTER",120,"P142_TNO","","NATIVE_HIDDEN","ALWAYS_NULL","","","","","","",""
144,"Stock Storage Location Wise","STOCK-STORAGE-LOCATION-WISE",10,"P144_COMPANY","Company","PLUGIN_PL.OSTROWSKIBARTOSZ.APEX.ENHANCEDLOVITEM","ALWAYS_NULL","","","","Select Distinct
      c.CompanyName d,
      c.CompanyCode r
From  ModulePrivilege a, BossUser bu, Company c
Where a.ModuleCode = 'STOCKSTATEMENT'
  and a.viewprivilege = 'YES'
  and a.BossUserCode = bu.BossUserCode
  and a.CompanyCode = c.CompanyCode
  and bu.BossUserName =  '&APP_USER.'
Order by 1
  ;
","","",""
144,"Stock Storage Location Wise","STOCK-STORAGE-LOCATION-WISE",20,"P144_LOCATION","Location","PLUGIN_PL.OSTROWSKIBARTOSZ.APEX.ENHANCEDLOVITEM","ALWAYS_NULL","","","","SELECT l.LocationName d,l.LocationCode r FROM LOCATION L  WHERE L.LOCATIONCODE IN (SELECT LOCATIONCODE FROM STOCK)
/*Select
      l.LocationName d,
      l.LocationCode r
From  ModulePrivilege a, ModulePrivilegeLocation b, Location l, BossUser bu, MODULELOCATION ML, MODULELOCATIONDETAIL MD
Where a.TNo = b.TNo(+)
  AND A.MODULECODE = ML.MODULECODE
  AND ML.TNO = MD.TNO
  AND (B.LOCATIONCODE = L.LOCATIONCODE OR B.LOCATIONCODE IS NULL)
  and (MD.LocationCode = l.LocationCode )
  and a.ModuleCode = 'GRN'
  and a.BossUserCode = bu.BossUserCode
  and bu.BossUserName =  '&APP_USER.'
;
*/","","",""
144,"Stock Storage Location Wise","STOCK-STORAGE-LOCATION-WISE",30,"P144_ASONDATE","As On Date","NATIVE_DATE_PICKER_APEX","ALWAYS_NULL","","TRUNC(SYSDATE)","EXPRESSION","","","",""
144,"Stock Storage Location Wise","STOCK-STORAGE-LOCATION-WISE",40,"P144_FROMDATE","","NATIVE_HIDDEN","ALWAYS_NULL","","TRUNC(SYSDATE)","EXPRESSION","","","",""
144,"Stock Storage Location Wise","STOCK-STORAGE-LOCATION-WISE",60,"P144_TODATE","","NATIVE_HIDDEN","ALWAYS_NULL","","TRUNC(SYSDATE)","EXPRESSION","","","",""
144,"Stock Storage Location Wise","STOCK-STORAGE-LOCATION-WISE",70,"P144_STORAGELOCATION","Storage Loc","PLUGIN_PL.OSTROWSKIBARTOSZ.APEX.ENHANCEDLOVITEM","ALWAYS_NULL","","","","SELECT STORAGELOCATIONNAME AS D,
STORAGELOCATIONCODE AS R
FROM STORAGELOCATION
","","",""
144,"Stock Storage Location Wise","STOCK-STORAGE-LOCATION-WISE",80,"P144_ITEM","Item ","PLUGIN_PL.OSTROWSKIBARTOSZ.APEX.ENHANCEDLOVITEM","ALWAYS_NULL","","","","Select DISTINCT
      e.ItemName d,
      e.ItemCode r
From  Item e, ItemSpecification ee
Where e.itemclassificationcode = 'MATERIAL'
Order by 1","","",""
144,"Stock Storage Location Wise","STOCK-STORAGE-LOCATION-WISE",90,"P144_ITEMNATURE","Item  Nature","PLUGIN_PL.OSTROWSKIBARTOSZ.APEX.ENHANCEDLOVITEM","ALWAYS_NULL","","","","  Select a.ItemnatureName As d,
       a.ItemNatureCode As r
  From ItemNature a
  order by 1
/*
select
distinct
getitemname(a.parentcode) as d,
a.parentcode as r
from item a
order by 1
*/","","",""
144,"Stock Storage Location Wise","STOCK-STORAGE-LOCATION-WISE",100,"P144_ITEMSPECIFICATION","Specification","PLUGIN_PL.OSTROWSKIBARTOSZ.APEX.ENHANCEDLOVITEM","ALWAYS_NULL","","","","Select
      ee.ItemSpecificationName as d,
      ee.ItemSpecificationCode as r
From  Item e, ItemSpecification ee
Where e.TNo = ee.TNo
  and e.ItemCode = :P144_ITEM
Order by 1","","",""
145,"GRN Register","GRN-REGISTER",10,"P145_COMPANY","Company","PLUGIN_PL.OSTROWSKIBARTOSZ.APEX.ENHANCEDLOVITEM","ALWAYS_NULL","","GLOBAL_COMPANYCODE","ITEM","Select
      c.CompanyName d,
      a.CompanyCode r
From  ModulePrivilege a, BossUser bu, Company c
Where a.ModuleCode = 'GRN'
  and a.viewprivilege = 'YES'
  and a.BossUserCode = bu.BossUserCode
  and a.CompanyCode = c.CompanyCode
  and bu.BossUserName =  '&APP_USER.'
  ;","","",""
145,"GRN Register","GRN-REGISTER",20,"P145_STATUS","Status","NATIVE_SELECT_LIST","ALWAYS_NULL","","","","STATIC2:Active;ACTIVE,Non-Active;NONACTIVE,Canceled;CANCELED,Closed;CLOSED,Preparing;PREPARING,Prepared;PREPARED,Authorised;AUTHORISED,On Hold;ONHOLD,Short Closed;SHORTCLOSED,Dept Approved;DEPTAPPROVED,Store Approval;STOREAPPROVED","","",""
145,"GRN Register","GRN-REGISTER",30,"P145_FROMDATE","From Date","NATIVE_DATE_PICKER","ALWAYS_NULL","","Trunc(Sysdate)-3","EXPRESSION","","","",""
145,"GRN Register","GRN-REGISTER",40,"P145_TODATE","To Date","NATIVE_DATE_PICKER","ALWAYS_NULL","","Trunc(Sysdate)","EXPRESSION","","","",""
145,"GRN Register","GRN-REGISTER",50,"P145_LOCATION","Location","PLUGIN_PL.OSTROWSKIBARTOSZ.APEX.ENHANCEDLOVITEM","ALWAYS_NULL","","","","Select Distinct
      l.LocationName d,
      l.LocationCode r
From  ModulePrivilege a, ModulePrivilegeLocation b, Location l, BossUser bu, MODULELOCATION ML, MODULELOCATIONDETAIL MD
Where a.TNo = b.TNo(+)
  AND A.MODULECODE = ML.MODULECODE
  AND ML.TNO = MD.TNO
  AND (B.LOCATIONCODE = L.LOCATIONCODE OR B.LOCATIONCODE IS NULL)
  and (MD.LocationCode = l.LocationCode )
  and a.ModuleCode = 'GRN'
  and a.BossUserCode = bu.BossUserCode
  and bu.BossUserName =  '&APP_USER.'
Order By 1
;
","","",""
145,"GRN Register","GRN-REGISTER",60,"P145_ITEMTYPE","Item Type","PLUGIN_PL.OSTROWSKIBARTOSZ.APEX.ENHANCEDLOVITEM","ALWAYS_NULL","","","","  Select Upper(a.ItemtypeName || ' ( ' || a.ItemtypeCode || ' )') As d,
       a.ItemtypeCode As r
  From Itemtype a

","","",""
145,"GRN Register","GRN-REGISTER",70,"P145_DOCTYPE","Doc Type","PLUGIN_PL.OSTROWSKIBARTOSZ.APEX.ENHANCEDLOVITEM","ALWAYS_NULL","","","","Select Distinct
      dt.DocTypeName d,
      dt.DocTypeCode r
From  ModulePrivilege a, ModulePrivilegeDocType b, DocType dt, BossUser bu, ModuleDocType md, ModuleDocTypeDetail mdd
Where a.TNo = b.TNo(+)
  and (b.DocTypeCode = dt.DocTypeCode or b.DocTypeCode is null)
  and a.ModuleCode = md.ModuleCode
  and md.TNo = mdd.TNo
  and mdd.DocTypeCode = dt.DocTypeCode
  and a.ModuleCode = 'GRN'
  and a.BossUserCode = bu.BossUserCode
  and bu.BossUserName =  '&APP_USER.'
Order By 1
;","","",""
145,"GRN Register","GRN-REGISTER",80,"P145_ITEM","Material","PLUGIN_PL.OSTROWSKIBARTOSZ.APEX.ENHANCEDLOVITEM","ALWAYS_NULL","","","","Select    Distinct
          e.ItemName||' ( '||e.ItemCode||' )' as d,
          e.ItemCode r

From GRNDetail a, Item e
Where a.ItemCode = e.ItemCode","","",""
145,"GRN Register","GRN-REGISTER",90,"P145_INSPECTIONSTATUS","Status","NATIVE_SELECT_LIST","ALWAYS_NULL","","","","STATIC:PREPARED;PREPARED,PENDING;PENDING","","VAL_OF_ITEM_IN_COND_EQ_COND2","1"
145,"GRN Register","GRN-REGISTER",100,"P145_SPECIFICATION","Specification","PLUGIN_PL.OSTROWSKIBARTOSZ.APEX.ENHANCEDLOVITEM","ALWAYS_NULL","","","","Select    Distinct
          ee.ItemSpecificationName d,
          ee.ItemSpecificationCode r

From Item e, ItemSpecification ee
Where e.TNo = ee.TNo
 and  e.itemCode = :P145_ITEM","","",""
145,"GRN Register","GRN-REGISTER",110,"P145_GRNNO","GRN No","NATIVE_AUTO_COMPLETE","ALWAYS_NULL","","","","Select GRNNo
From (select * from GRN where COMPANYCODE=(select IMART_REFERENCE_SCOPE.company_code(:P145_TNO,null) from dual)) GRN
Where instr(':'||:P145_LOCATION||':',':'||LocationCode||':') > 0
  and GRNDate Between :P145_FROMDATE and :P145_TODATE
Order by 1","","",""
145,"GRN Register","GRN-REGISTER",130,"P145_PARTY","Vendor","PLUGIN_PL.OSTROWSKIBARTOSZ.APEX.ENHANCEDLOVITEM","ALWAYS_NULL","","","","Select
        Distinct
        p.PartyName d,
        p.PartyCode r
From GRN a,(select p.* from PARTY p where exists(select 1 from PARTYCOMPANY c where c.TNO=p.TNO and c.COMPANYCODE=:GLOBAL_COMPANYCODE)) p
Where a.PartyCode = p.PartyCode","","",""
145,"GRN Register","GRN-REGISTER",140,"P145_CREATOR","Creator","PLUGIN_PL.OSTROWSKIBARTOSZ.APEX.ENHANCEDLOVITEM","ALWAYS_NULL","","","","Select
        Distinct
        GetEmployeeName(bu.EmployeeCode)||'('||a.Creator||')' d,
        GetEmployeeName(bu.EmployeeCode)||'('||a.Creator||')' r
From GRN a,BossUser bu
Where a.Creator = bu.LoginName(+)","","",""
145,"GRN Register","GRN-REGISTER",150,"P145_TRANSPORTER","Transporter","PLUGIN_PL.OSTROWSKIBARTOSZ.APEX.ENHANCEDLOVITEM","ALWAYS_NULL","","","","Select
        Distinct
        p.PartyName d,
        p.PartyCode r
From GRN a,(select p.* from PARTY p where exists(select 1 from PARTYCOMPANY c where c.TNO=p.TNO and c.COMPANYCODE=:GLOBAL_COMPANYCODE)) p
Where a.TransporterCode = p.PartyCode","","",""
145,"GRN Register","GRN-REGISTER",180,"P145_BIREPORTURL","","NATIVE_HIDDEN","ALWAYS_NULL","","select getmyparametervalue('BIREPORTURL') FROM dual","SQL_QUERY","","","",""
145,"GRN Register","GRN-REGISTER",190,"P145_TNO","","NATIVE_HIDDEN","ALWAYS_NULL","","","","","","",""
151,"Purchase Bill Pass Register","PURCHASE-BILL-PASS-REGISTER",10,"P151_COMPANY","Company","PLUGIN_PL.OSTROWSKIBARTOSZ.APEX.ENHANCEDLOVITEM","ALWAYS_NULL","","","","Select Distinct
      c.CompanyName d,
      a.CompanyCode r
From  ModulePrivilege a, BossUser bu, Company c
Where a.ModuleCode = 'PBPASS'
  and a.viewprivilege = 'YES'
  and a.BossUserCode = bu.BossUserCode
  and a.CompanyCode = c.CompanyCode
  and bu.BossUserName =  '&APP_USER.'
Order by 1
  ;
","","",""
151,"Purchase Bill Pass Register","PURCHASE-BILL-PASS-REGISTER",20,"P151_LOCATION","Location","PLUGIN_PL.OSTROWSKIBARTOSZ.APEX.ENHANCEDLOVITEM","ALWAYS_NULL","","","","Select Distinct
      l.LocationName d,
      l.LocationCode r
From  ModulePrivilege a, ModulePrivilegeLocation b, Location l, BossUser bu, MODULELOCATION ML, MODULELOCATIONDETAIL MD
Where a.TNo = b.TNo(+)
  AND A.MODULECODE = ML.MODULECODE
  AND ML.TNO = MD.TNO
  AND (B.LOCATIONCODE = L.LOCATIONCODE OR B.LOCATIONCODE IS NULL)
  and (MD.LocationCode = l.LocationCode )
  and a.ModuleCode = 'PBPASS'
  and a.BossUserCode = bu.BossUserCode
  and bu.BossUserName =  '&APP_USER.'
Order by 1
;
","","",""
151,"Purchase Bill Pass Register","PURCHASE-BILL-PASS-REGISTER",30,"P151_FROMDATE","From Date","NATIVE_DATE_PICKER","ALWAYS_NULL","","select sysdate-3 from dual","SQL_QUERY","","","",""
151,"Purchase Bill Pass Register","PURCHASE-BILL-PASS-REGISTER",40,"P151_TODATE","To Date","NATIVE_DATE_PICKER","ALWAYS_NULL","","Trunc(Sysdate)","EXPRESSION","","","",""
151,"Purchase Bill Pass Register","PURCHASE-BILL-PASS-REGISTER",50,"P151_VSTATUS","Voucher Status","NATIVE_SELECT_LIST","ALWAYS_NULL","","","","STATIC:PREPARED;PREPARED,PENDING;PENDING","","",""
151,"Purchase Bill Pass Register","PURCHASE-BILL-PASS-REGISTER",70,"P151_ITEM","Material","PLUGIN_PL.OSTROWSKIBARTOSZ.APEX.ENHANCEDLOVITEM","ALWAYS_NULL","","","","Select
      Distinct
      e.ItemName||' ( '||e.itemCode||' )' as d,
      e.ItemCode r
From PBPassDetail a, Item e
Where a.ItemCode = e.ItemCode","","",""
151,"Purchase Bill Pass Register","PURCHASE-BILL-PASS-REGISTER",90,"P151_PARTYNAME","Vendor","PLUGIN_PL.OSTROWSKIBARTOSZ.APEX.ENHANCEDLOVITEM","ALWAYS_NULL","","","","Select
      Distinct
      p.PartyName d,
      p.PartyCode r
From PurchaseBill a, (select p.* from PARTY p where exists(select 1 from PARTYCOMPANY c where c.TNO=p.TNO and c.COMPANYCODE=:GLOBAL_COMPANYCODE)) p
Where a.PartyCode  = p.PartyCode","","",""
151,"Purchase Bill Pass Register","PURCHASE-BILL-PASS-REGISTER",100,"P151_ITEMGROUP","","NATIVE_HIDDEN","ALWAYS_NULL","","","","","","",""
151,"Purchase Bill Pass Register","PURCHASE-BILL-PASS-REGISTER",110,"P151_ITEMSPECIFICATION","Specification","PLUGIN_PL.OSTROWSKIBARTOSZ.APEX.ENHANCEDLOVITEM","ALWAYS_NULL","","","","Select
      Distinct
      ee.ItemSpecificationName as d,
      ee.ItemSpecificationCode as r
From Item e, ItemSpecification ee
Where e.ItemCode = :P151_ITEM
  and e.TNo = ee.TNo","","",""
151,"Purchase Bill Pass Register","PURCHASE-BILL-PASS-REGISTER",120,"P151_BIREPORTURL","","NATIVE_HIDDEN","ALWAYS_NULL","","select getmyparametervalue('BIREPORTURL') FROM dual","SQL_QUERY","","","",""
151,"Purchase Bill Pass Register","PURCHASE-BILL-PASS-REGISTER",130,"P151_TNO","","NATIVE_HIDDEN","ALWAYS_NULL","","","","","","",""
151,"Purchase Bill Pass Register","PURCHASE-BILL-PASS-REGISTER",140,"P151_PBPASSNO","","NATIVE_HIDDEN","ALWAYS_NULL","","","","","","",""
160,"Despatch Advice Register","DESPATCH-ADVICE-REGISTER",10,"P160_COMPANY","Company","PLUGIN_PL.OSTROWSKIBARTOSZ.APEX.ENHANCEDLOVITEM","ALWAYS_NULL","","","","Select Distinct
      c.CompanyName d,
      a.CompanyCode r
From  ModulePrivilege a, BossUser bu, Company c
Where a.ModuleCode = 'DESPATCHADVICE'
  and a.viewprivilege = 'YES'
  and a.BossUserCode = bu.BossUserCode
  and a.CompanyCode = c.CompanyCode
  and bu.BossUserName =  '&APP_USER.'
  and getcompanyprivilege(C.COMPANYCODE,GETMODULECODEFORPAGENO(:APP_PAGE_ID),:GLOBAL_LOGINNAME)='YES'
Order by 1
  ;","","",""
160,"Despatch Advice Register","DESPATCH-ADVICE-REGISTER",20,"P160_LOCATION","Location","PLUGIN_PL.OSTROWSKIBARTOSZ.APEX.ENHANCEDLOVITEM","ALWAYS_NULL","","","","Select Distinct
      l.LocationName d,
      l.LocationCode r
From  ModulePrivilege a, ModulePrivilegeLocation b, Location l, BossUser bu, MODULELOCATION ML, MODULELOCATIONDETAIL MD
Where a.TNo = b.TNo(+)
  AND A.MODULECODE = ML.MODULECODE
  AND ML.TNO = MD.TNO
  AND (B.LOCATIONCODE = L.LOCATIONCODE OR B.LOCATIONCODE IS NULL)
  and (MD.LocationCode = l.LocationCode )
  and a.ModuleCode = 'DESPATCHADVICE'
  and a.ViewPrivilege = 'YES'
  and a.BossUserCode = bu.BossUserCode
  and bu.BossUserName =  '&APP_USER.'
Order By 1
;
","","",""
160,"Despatch Advice Register","DESPATCH-ADVICE-REGISTER",30,"P160_FROMDATE","To Date","NATIVE_DATE_PICKER","ALWAYS_NULL","","trunc(sysdate) - 4","EXPRESSION","","","",""
160,"Despatch Advice Register","DESPATCH-ADVICE-REGISTER",40,"P160_TODATE","To Date","NATIVE_DATE_PICKER","ALWAYS_NULL","","trunc(sysdate)","EXPRESSION","","","",""
160,"Despatch Advice Register","DESPATCH-ADVICE-REGISTER",60,"P160_DOCTYPE","Doc Type","PLUGIN_PL.OSTROWSKIBARTOSZ.APEX.ENHANCEDLOVITEM","ALWAYS_NULL","","","","Select Distinct
      dt.DocTypeName d,
      dt.DocTypeCode r
From  ModulePrivilege a, ModulePrivilegeDocType b, DocType dt, BossUser bu, ModuleDocType md, ModuleDocTypeDetail mdd
Where a.TNo = b.TNo(+)
  and (b.DocTypeCode = dt.DocTypeCode or b.DocTypeCode is null)
  and a.ModuleCode = md.ModuleCode
  and md.TNo = mdd.TNo
  and mdd.DocTypeCode = dt.DocTypeCode
  and a.ModuleCode = 'DESPATCHADVICE'
  and a.ViewPrivilege = 'YES'
  and a.BossUserCode = bu.BossUserCode
  and bu.BossUserName =  '&APP_USER.'
Order By 1
;","","",""
160,"Despatch Advice Register","DESPATCH-ADVICE-REGISTER",70,"P160_PARTY","Vendor","PLUGIN_PL.OSTROWSKIBARTOSZ.APEX.ENHANCEDLOVITEM","ALWAYS_NULL","","","","Select
       Distinct
       p.PartyName d,
       p.PartyCode r
From DespatchAdvice a, (select p.* from PARTY p where exists(select 1 from PARTYCOMPANY c where c.TNO=p.TNO and c.COMPANYCODE=:GLOBAL_COMPANYCODE)) p
Where a.PartyCode = p.PartyCode","","",""
160,"Despatch Advice Register","DESPATCH-ADVICE-REGISTER",80,"P160_VEHICLENO","VehicleNo","NATIVE_AUTO_COMPLETE","ALWAYS_NULL","","","","Select Distinct VehicleNo From (select * from DESPATCHADVICE where COMPANYCODE=(select IMART_REFERENCE_SCOPE.company_code(:P160_TNO,null) from dual)) DESPATCHADVICE order by 1","","",""
160,"Despatch Advice Register","DESPATCH-ADVICE-REGISTER",90,"P160_TRANSPORTER","Transporter","PLUGIN_PL.OSTROWSKIBARTOSZ.APEX.ENHANCEDLOVITEM","ALWAYS_NULL","","","","Select
       Distinct
       p.PartyName d,
       p.PartyCode r
From DESPATCHADVICE a, (select p.* from PARTY p where exists(select 1 from PARTYCOMPANY c where c.TNO=p.TNO and c.COMPANYCODE=:GLOBAL_COMPANYCODE)) p
Where a.TransporterCode = p.PartyCode","","",""
160,"Despatch Advice Register","DESPATCH-ADVICE-REGISTER",100,"P160_MSTATUS","MO Status","NATIVE_SELECT_LIST","ALWAYS_NULL","","","","STATIC:PENDING;PENDING,PREPARED;PREPARED","","",""
160,"Despatch Advice Register","DESPATCH-ADVICE-REGISTER",110,"P160_ITEM","Material","PLUGIN_PL.OSTROWSKIBARTOSZ.APEX.ENHANCEDLOVITEM","ALWAYS_NULL","","","","Select
      Distinct
      e.ItemName||' ( '||e.ItemCode||' )' as d ,
      e.ItemCode r
From DespatchAdviceDetail a, Item e
Where a.ItemCode = e.ItemCode
Order by 2","","",""
160,"Despatch Advice Register","DESPATCH-ADVICE-REGISTER",120,"P160_WSTATUS","","NATIVE_HIDDEN","ALWAYS_NULL","","","","","","",""
160,"Despatch Advice Register","DESPATCH-ADVICE-REGISTER",130,"P160_ITEMSPECIFICATION","Specification","PLUGIN_PL.OSTROWSKIBARTOSZ.APEX.ENHANCEDLOVITEM","ALWAYS_NULL","","","","Select
      Distinct
     ee.ItemSpecificationName as d,
     ee.ItemSpecificationCode as r
From Item e, ItemSpecification ee
Where e.ItemCode = :P160_ITEM
  and e.TNo = ee.TNo","","",""
160,"Despatch Advice Register","DESPATCH-ADVICE-REGISTER",150,"P160_BIREPORTURL","","NATIVE_HIDDEN","ALWAYS_NULL","","select getmyparametervalue('BIREPORTURL') FROM dual","SQL_QUERY","","","",""
160,"Despatch Advice Register","DESPATCH-ADVICE-REGISTER",160,"P160_TNO","","NATIVE_HIDDEN","ALWAYS_NULL","","","","","","",""
170,"Sales Order Register","SALES-ORDER-REGISTER",10,"P170_COMPANY","Company","PLUGIN_PL.OSTROWSKIBARTOSZ.APEX.ENHANCEDLOVITEM","ALWAYS_NULL","","","","Select
      c.CompanyName d,
      a.CompanyCode r
From  ModulePrivilege a, BossUser bu, Company c
Where a.ModuleCode = 'SALESORDER'
  and a.viewprivilege = 'YES'
  and a.BossUserCode = bu.BossUserCode
  and a.CompanyCode = c.CompanyCode
  and bu.BossUserName =  '&APP_USER.'
  ;","","",""
170,"Sales Order Register","SALES-ORDER-REGISTER",20,"P170_LOCATION","Location","PLUGIN_PL.OSTROWSKIBARTOSZ.APEX.ENHANCEDLOVITEM","ALWAYS_NULL","","","","Select distinct
      l.LocationName d,
      l.LocationCode r
From  ModulePrivilege a, ModulePrivilegeLocation b, Location l, BossUser bu, MODULELOCATION ML, MODULELOCATIONDETAIL MD
Where a.TNo = b.TNo(+)
  AND A.MODULECODE = ML.MODULECODE
  AND ML.TNO = MD.TNO
  AND (B.LOCATIONCODE = L.LOCATIONCODE OR B.LOCATIONCODE IS NULL)
  and (MD.LocationCode = l.LocationCode )
  and a.ModuleCode = 'SALESORDER'
  and a.BossUserCode = bu.BossUserCode
  and bu.BossUserName =  '&APP_USER.'
Order By 1
;
","","",""
170,"Sales Order Register","SALES-ORDER-REGISTER",30,"P170_FROMDATE","From Date","NATIVE_DATE_PICKER","ALWAYS_NULL","","Trunc(Sysdate) -3","EXPRESSION","","","",""
170,"Sales Order Register","SALES-ORDER-REGISTER",40,"P170_TODATE","To Date","NATIVE_DATE_PICKER","ALWAYS_NULL","","Trunc(Sysdate)","EXPRESSION","","","",""
170,"Sales Order Register","SALES-ORDER-REGISTER",50,"P170_DOCTYPE","DocType","PLUGIN_PL.OSTROWSKIBARTOSZ.APEX.ENHANCEDLOVITEM","ALWAYS_NULL","","","","Select distinct
      dt.DocTypeName d,
      dt.DocTypeCode r
From  ModulePrivilege a, ModulePrivilegeDocType b, DocType dt, BossUser bu, ModuleDocType md, ModuleDocTypeDetail mdd
Where a.TNo = b.TNo(+)
  and (b.DocTypeCode = dt.DocTypeCode or b.DocTypeCode is null)
  and a.ModuleCode = md.ModuleCode
  and md.TNo = mdd.TNo
  and mdd.DocTypeCode = dt.DocTypeCode
  and a.ModuleCode = 'SALESORDER'
  and a.BossUserCode = bu.BossUserCode
  and bu.BossUserName =  '&APP_USER.'
Order by 1
;","","",""
170,"Sales Order Register","SALES-ORDER-REGISTER",60,"P170_PARTY","Vendor","PLUGIN_PL.OSTROWSKIBARTOSZ.APEX.ENHANCEDLOVITEM","ALWAYS_NULL","","","","Select
       Distinct
       p.PartyName d,
       p.PartyCode r
From SalesOrder a, (select p.* from PARTY p where exists(select 1 from PARTYCOMPANY c where c.TNO=p.TNO and c.COMPANYCODE=:GLOBAL_COMPANYCODE)) p
Where a.PartyCode = p.PartyCode
Order by 1","","",""
170,"Sales Order Register","SALES-ORDER-REGISTER",70,"P170_SONO","Order No","NATIVE_AUTO_COMPLETE","ALWAYS_NULL","","","","Select SalesOrderNo
From (select * from SALESORDER where COMPANYCODE=(select IMART_REFERENCE_SCOPE.company_code(:P170_TNO,null) from dual)) SALESORDER
Where instr(':'||:P170_LOCATION||':',':'||LocationCode||':') > 0
  and SalesOrderDate Between :P170_FROMDATE and :P170_TODATE
Order by 1","","",""
170,"Sales Order Register","SALES-ORDER-REGISTER",90,"P170_ITEM","Material","PLUGIN_PL.OSTROWSKIBARTOSZ.APEX.ENHANCEDLOVITEM","ALWAYS_NULL","","","","Select
      Distinct
      e.ItemName||' ( '||e.ItemCode||' )' as d,
      e.ItemCode r
From SALESORDERDetail a, Item e
Where a.ItemCode = e.ItemCode
Order by 2","","",""
170,"Sales Order Register","SALES-ORDER-REGISTER",100,"P170_INVOICESTATUS","Invoice Status","NATIVE_SELECT_LIST","ALWAYS_NULL","","","","STATIC2:PARTIAL;PARTIAL,PENDING;PENDING,DONE;DONE","","",""
170,"Sales Order Register","SALES-ORDER-REGISTER",120,"P170_ITEMSPECIFICATION","Specification","PLUGIN_PL.OSTROWSKIBARTOSZ.APEX.ENHANCEDLOVITEM","ALWAYS_NULL","","","","Select
      Distinct
     ee.ItemSpecificationName as d,
     ee.ItemSpecificationCode as r
From Item e, ItemSpecification ee
Where e.ItemCode = :P170_ITEM
  and e.TNo = ee.TNo","","",""
170,"Sales Order Register","SALES-ORDER-REGISTER",130,"P170_STATUS","Status","NATIVE_SELECT_LIST","ALWAYS_NULL","","","","STATIC2:Active;ACTIVE,Non-Active;NONACTIVE,Canceled;CANCELED,Closed;CLOSED,Preparing;PREPARING,Prepared;PREPARED,Authorised;AUTHORISED,On Hold;ONHOLD,Short Closed;SHORTCLOSED,Dept Approved;DEPTAPPROVED,Store Approval;STOREAPPROVED","","",""
170,"Sales Order Register","SALES-ORDER-REGISTER",140,"P170_TRADETYPE","","NATIVE_HIDDEN","ALWAYS_NULL","","","","","","NEVER",""
170,"Sales Order Register","SALES-ORDER-REGISTER",170,"P170_BIREPORTURL","","NATIVE_HIDDEN","ALWAYS_NULL","","select getmyparametervalue('BIREPORTURL') FROM dual","SQL_QUERY","","","",""
170,"Sales Order Register","SALES-ORDER-REGISTER",180,"P170_TNO","","NATIVE_HIDDEN","ALWAYS_NULL","","","","","","",""
170,"Sales Order Register","SALES-ORDER-REGISTER",190,"P170_CALLED_FROM_PAGE_NO","","NATIVE_HIDDEN","ALWAYS_NULL","","","","","","",""
170,"Sales Order Register","SALES-ORDER-REGISTER",200,"P170_ITEMCATEGORY","","NATIVE_HIDDEN","ALWAYS_NULL","","","","","","",""
174,"CC Invoice Register","CC-INVOICE-REGISTER",10,"P174_COMPANY","Company","PLUGIN_PL.OSTROWSKIBARTOSZ.APEX.ENHANCEDLOVITEM","ALWAYS_NULL","","","","Select Distinct
      c.CompanyName d,
      a.CompanyCode r
From  ModulePrivilege a, BossUser bu, Company c
Where a.ModuleCode = 'CCINVOICE'
  and a.viewprivilege = 'YES'
  and a.BossUserCode = bu.BossUserCode
  and a.CompanyCode = c.CompanyCode
  and bu.BossUserName =  '&APP_USER.'
 and getcompanyprivilege(C.COMPANYCODE,GETMODULECODEFORPAGENO(:APP_PAGE_ID),:GLOBAL_LOGINNAME)='YES'
Order by 1
  ;
","","",""
174,"CC Invoice Register","CC-INVOICE-REGISTER",20,"P174_STATUS","Status","NATIVE_SELECT_LIST","ALWAYS_NULL","","","","STATIC2:Active;ACTIVE,Non-Active;NONACTIVE,Canceled;CANCELED,Closed;CLOSED,Preparing;PREPARING,Prepared;PREPARED,Authorised;AUTHORISED,On Hold;ONHOLD,Short Closed;SHORTCLOSED,Dept Approved;DEPTAPPROVED,Store Approval;STOREAPPROVED","","",""
174,"CC Invoice Register","CC-INVOICE-REGISTER",30,"P174_FROMDATE","From Date","NATIVE_DATE_PICKER","ALWAYS_NULL","","Trunc(Sysdate) - 7","EXPRESSION","","","",""
174,"CC Invoice Register","CC-INVOICE-REGISTER",40,"P174_TODATE","To Date","NATIVE_DATE_PICKER","ALWAYS_NULL","","Trunc(Sysdate)","EXPRESSION","","","",""
174,"CC Invoice Register","CC-INVOICE-REGISTER",50,"P174_LOCATION","Location","PLUGIN_PL.OSTROWSKIBARTOSZ.APEX.ENHANCEDLOVITEM","ALWAYS_NULL","","","","Select Distinct
      l.LocationName d,
      l.LocationCode r
From  ModulePrivilege a, ModulePrivilegeLocation b, Location l, BossUser bu, MODULELOCATION ML, MODULELOCATIONDETAIL MD
Where a.TNo = b.TNo(+)
  AND A.MODULECODE = ML.MODULECODE
  AND ML.TNO = MD.TNO
  AND (B.LOCATIONCODE = L.LOCATIONCODE OR B.LOCATIONCODE IS NULL)
  and (MD.LocationCode = l.LocationCode )
  and a.ModuleCode = 'CCINVOICE'
  and a.ViewPrivilege = 'YES'
  and a.BossUserCode = bu.BossUserCode
  and bu.BossUserName =  '&APP_USER.'
Order By 1
;
","","",""
174,"CC Invoice Register","CC-INVOICE-REGISTER",60,"P174_PARTY","Vendor","PLUGIN_PL.OSTROWSKIBARTOSZ.APEX.ENHANCEDLOVITEM","ALWAYS_NULL","","","","Select
       Distinct
       p.PartyName d,
       p.PartyCode r
From ccinvoice a, (select p.* from PARTY p where exists(select 1 from PARTYCOMPANY c where c.TNO=p.TNO and c.COMPANYCODE=:GLOBAL_COMPANYCODE)) p
Where a.PartyCode = p.PartyCode
Order by 1","","",""
174,"CC Invoice Register","CC-INVOICE-REGISTER",70,"P174_CONSIGNEE","Consignee","PLUGIN_PL.OSTROWSKIBARTOSZ.APEX.ENHANCEDLOVITEM","ALWAYS_NULL","","","","Select
       Distinct
       p.PartyName d,
       p.PartyCode r
From ccinvoice a, (select p.* from PARTY p where exists(select 1 from PARTYCOMPANY c where c.TNO=p.TNO and c.COMPANYCODE=:GLOBAL_COMPANYCODE)) p
Where a.ConsigneeCode = p.PartyCode
Order by 1","","",""
174,"CC Invoice Register","CC-INVOICE-REGISTER",80,"P174_TRANSPORTER","Transporter","PLUGIN_PL.OSTROWSKIBARTOSZ.APEX.ENHANCEDLOVITEM","ALWAYS_NULL","","","","Select
       Distinct
       p.PartyName d,
       p.PartyCode r
From CCINVOICE a, (select p.* from PARTY p where exists(select 1 from PARTYCOMPANY c where c.TNO=p.TNO and c.COMPANYCODE=:GLOBAL_COMPANYCODE)) p
Where a.TransporterCode = p.PartyCode
Order by 1","","",""
174,"CC Invoice Register","CC-INVOICE-REGISTER",90,"P174_DOCTYPE","DocType","PLUGIN_PL.OSTROWSKIBARTOSZ.APEX.ENHANCEDLOVITEM","ALWAYS_NULL","","","","Select Distinct
      dt.DocTypeName d,
      dt.DocTypeCode r
From  ModulePrivilege a, ModulePrivilegeDocType b, DocType dt, BossUser bu, ModuleDocType md, ModuleDocTypeDetail mdd
Where a.TNo = b.TNo(+)
  and (b.DocTypeCode = dt.DocTypeCode or b.DocTypeCode is null)
  and a.ModuleCode = md.ModuleCode
  and md.TNo = mdd.TNo
  and mdd.DocTypeCode = dt.DocTypeCode
  and a.ModuleCode = 'CCINVOICE'
  and a.ViewPrivilege = 'YES'
  and a.BossUserCode = bu.BossUserCode
  and bu.BossUserName =  '&APP_USER.'
Order by 1
;","","",""
174,"CC Invoice Register","CC-INVOICE-REGISTER",100,"P174_ITEM","Material","PLUGIN_PL.OSTROWSKIBARTOSZ.APEX.ENHANCEDLOVITEM","ALWAYS_NULL","","","","Select
      Distinct
      e.ItemName||' ( '||e.ItemCode||' )' as d,
      e.ItemCode r
From ccinvoiceDetail a, Item e
Where a.ItemCode = e.ItemCode
Order by 1","","",""
174,"CC Invoice Register","CC-INVOICE-REGISTER",110,"P174_CCINO","Invoice No","NATIVE_AUTO_COMPLETE","ALWAYS_NULL","","","","Select CCInvoiceNo
From (select * from CCINVOICE where COMPANYCODE=(select IMART_REFERENCE_SCOPE.company_code(:P174_TNO,null) from dual)) CCINVOICE
Where instr(':'||:P174_LOCATION||':',':'||LocationCode||':') > 0
  and CCInvoiceDate Between :P174_FROMDATE and :P174_TODATE
Order by 1","","",""
174,"CC Invoice Register","CC-INVOICE-REGISTER",120,"P174_ITEMSPECIFICATION","Specification","PLUGIN_PL.OSTROWSKIBARTOSZ.APEX.ENHANCEDLOVITEM","ALWAYS_NULL","","","","Select
      Distinct
     ee.ItemSpecificationName as d,
     ee.ItemSpecificationCode as r
From Item e, ItemSpecification ee
Where e.ItemCode = :P174_ITEM
  and e.TNo = ee.TNo
Order by 1","","",""
174,"CC Invoice Register","CC-INVOICE-REGISTER",140,"P174_ITEMGROUP","","NATIVE_HIDDEN","ALWAYS_NULL","","","","","","",""
174,"CC Invoice Register","CC-INVOICE-REGISTER",150,"P174_VEHICLENO","VehicleNo","NATIVE_AUTO_COMPLETE","ALWAYS_NULL","","","","Select Distinct VehicleNo From (select * from DESPATCHADVICE where COMPANYCODE=(select IMART_REFERENCE_SCOPE.company_code(:P174_TNO,null) from dual)) DESPATCHADVICE order by 1","","",""
174,"CC Invoice Register","CC-INVOICE-REGISTER",160,"P174_TRANSACTIONTYPE","Transaction Type","PLUGIN_PL.OSTROWSKIBARTOSZ.APEX.ENHANCEDLOVITEM","ALWAYS_NULL","","","","Select TRANSACTIONTYPENAME d , TRANSACTIONTYPECODE r from TRANSACTIONTYPE","","",""
174,"CC Invoice Register","CC-INVOICE-REGISTER",170,"P174_AGENTCODE","","NATIVE_HIDDEN","ALWAYS_NULL","","","","","","",""
174,"CC Invoice Register","CC-INVOICE-REGISTER",180,"P174_TRADETYPE","","NATIVE_HIDDEN","ALWAYS_NULL","","","","","","",""
174,"CC Invoice Register","CC-INVOICE-REGISTER",200,"P174_BIREPORTURL","","NATIVE_HIDDEN","ALWAYS_NULL","","select getmyparametervalue('BIREPORTURL') FROM dual","SQL_QUERY","","","",""
174,"CC Invoice Register","CC-INVOICE-REGISTER",210,"P174_TNO","","NATIVE_HIDDEN","ALWAYS_NULL","","","","","","",""
198,"Freight Advice List","FREIGHT-ADVICE-LIST",10,"P198_COMPANY","Company","PLUGIN_PL.OSTROWSKIBARTOSZ.APEX.ENHANCEDLOVITEM","ALWAYS_NULL","","","","select companyname D, companycode R from company
where companycode in (select distinct companycode from freightadvice)","","",""
198,"Freight Advice List","FREIGHT-ADVICE-LIST",20,"P198_LOCATION","Location","PLUGIN_PL.OSTROWSKIBARTOSZ.APEX.ENHANCEDLOVITEM","ALWAYS_NULL","","","","select distinct b.locationname D, b.locationcode R from FREIGHTADVICE a , location b
where a.locationcode = b.locationcode","","",""
198,"Freight Advice List","FREIGHT-ADVICE-LIST",30,"P198_FROMDATE","From Date","NATIVE_DATE_PICKER_APEX","ALWAYS_NULL","","select trunc(sysdate - 7) from dual","SQL_QUERY","","","",""
198,"Freight Advice List","FREIGHT-ADVICE-LIST",40,"P198_TODATE","To Date","NATIVE_DATE_PICKER_APEX","ALWAYS_NULL","","select trunc(sysdate) from dual","SQL_QUERY","","","",""
198,"Freight Advice List","FREIGHT-ADVICE-LIST",60,"P198_BIREPORTURL","","NATIVE_HIDDEN","ALWAYS_NULL","","select getmyparametervalue('BIREPORTURL') FROM dual","SQL_QUERY","","","",""
198,"Freight Advice List","FREIGHT-ADVICE-LIST",70,"P198_TNO","","NATIVE_HIDDEN","ALWAYS_NULL","","","","","","",""
210,"Payable/Receivable Aging Report","PAYABLE-RECEIVABLE-AGING-REPORT",20,"P210_ASONDATE","As On Date","NATIVE_DATE_PICKER_APEX","ALWAYS_NULL","","","","","","",""
210,"Payable/Receivable Aging Report","PAYABLE-RECEIVABLE-AGING-REPORT",30,"P210_COMPANY","Company","PLUGIN_PL.OSTROWSKIBARTOSZ.APEX.ENHANCEDLOVITEM","ALWAYS_NULL","","","","Select
Distinct
       p.CompanyName d,
       p.CompanyCode r
From VoucherDetail a, Company p
Where a.CompanyCode = p.CompanyCode






","","",""
210,"Payable/Receivable Aging Report","PAYABLE-RECEIVABLE-AGING-REPORT",50,"P210_LOCATION","Location","PLUGIN_PL.OSTROWSKIBARTOSZ.APEX.ENHANCEDLOVITEM","ALWAYS_NULL","","","","Select
distinct
  a.LocationName D,
  a.LocationCode R
From Location a





","","",""
210,"Payable/Receivable Aging Report","PAYABLE-RECEIVABLE-AGING-REPORT",60,"P210_PARTY","Vendor","PLUGIN_PL.OSTROWSKIBARTOSZ.APEX.ENHANCEDLOVITEM","ALWAYS_NULL","","","","Select
distinct
       p.PartyName d,
       p.PartyCode r
From  (select p.* from PARTY p where exists(select 1 from PARTYCOMPANY c where c.TNO=p.TNO and c.COMPANYCODE=:GLOBAL_COMPANYCODE)) p
Where P.PARTYTYPECODE IN ('CONTRACTOR','SUPPLIER','CUSTOMER','TRANSPORTER')
Order By 1





","","",""
210,"Payable/Receivable Aging Report","PAYABLE-RECEIVABLE-AGING-REPORT",70,"P210_PARTYTYPE","Party Type","NATIVE_POPUP_LOV","ALWAYS_NULL","","","","SELECT
DISTINCT PARTYTYPECODE AS NAME,
PARTYTYPECODE
FROM (select p.* from PARTY p where exists(select 1 from PARTYCOMPANY c where c.TNO=p.TNO and c.COMPANYCODE=:GLOBAL_COMPANYCODE)) PARTY where partytypecode in
('CONTRACTOR','SUPPLIER','TRANSPORTER','CUSTOMER')
ORDER BY 1","","",""
210,"Payable/Receivable Aging Report","PAYABLE-RECEIVABLE-AGING-REPORT",80,"P210_MSME","Only MSME","NATIVE_POPUP_LOV","ALWAYS_NULL","","","","SELECT DISTINCT nvl(MSME,'NO') FROM (select p.* from PARTY p where exists(select 1 from PARTYCOMPANY c where c.TNO=p.TNO and c.COMPANYCODE=:GLOBAL_COMPANYCODE)) PARTY","","",""
260,"Run 360 View","RUN-360-VIEW",10,"P260_COMPANY","Company","NATIVE_POPUP_LOV","ALWAYS_NULL","","","","Select
      c.CompanyName d,
      a.CompanyCode r
From  ModulePrivilege a, BossUser bu, Company c
Where a.ModuleCode = 'INDENT'
  and a.viewprivilege = 'YES'
  and a.BossUserCode = bu.BossUserCode
  and a.CompanyCode = c.CompanyCode
  and upper(bu.BossUserName) =  upper('&APP_USER.')
  and getcompanyprivilege(C.COMPANYCODE,GETMODULECODEFORPAGENO(:APP_PAGE_ID),:GLOBAL_LOGINNAME)='YES'","","",""
260,"Run 360 View","RUN-360-VIEW",20,"P260_LOCATION","Location","NATIVE_POPUP_LOV","ALWAYS_NULL","","","","Select distinct
      l.LocationName d,
      l.LocationCode r
From  ModulePrivilege a, ModulePrivilegeLocation b, Location l, BossUser bu, MODULELOCATION ML, MODULELOCATIONDETAIL MD
Where a.TNo = b.TNo(+)
  AND A.MODULECODE = ML.MODULECODE
  AND ML.TNO = MD.TNO
  AND (B.LOCATIONCODE = L.LOCATIONCODE OR B.LOCATIONCODE IS NULL)
  and (MD.LocationCode = l.LocationCode )
  and a.ModuleCode = 'INDENT'
  and a.BossUserCode = bu.BossUserCode
  and bu.BossUserName =  '&APP_USER.'
 /* and a.CompanyCode = :P107_COMPANY */
 and instr(':'||:P260_COMPANY||':',':'||a.CompanyCode||':') > 0
Order By 1
;
","","",""
260,"Run 360 View","RUN-360-VIEW",30,"P260_FROMDATE","From Date","NATIVE_DATE_PICKER_APEX","ALWAYS_NULL","","","","","","",""
260,"Run 360 View","RUN-360-VIEW",40,"P260_TODATE","To Date","NATIVE_DATE_PICKER_APEX","ALWAYS_NULL","","","","","","",""
281,"Pending Sales Order followup","PENDING-SALES-ORDER-FOLLOWUP",10,"P281_COMPANY","Company","PLUGIN_PL.OSTROWSKIBARTOSZ.APEX.ENHANCEDLOVITEM","ALWAYS_NULL","","GLOBAL_COMPANYCODE","ITEM","Select
      c.CompanyName d,
      a.CompanyCode r
From  ModulePrivilege a, BossUser bu, Company c
Where a.ModuleCode = getModuleCodeForPageNo(:APP_PAGE_ID)
  and a.viewprivilege = 'YES'
  and a.BossUserCode = bu.BossUserCode
  and a.CompanyCode = c.CompanyCode
  and upper(bu.BossUserName) =  upper('&APP_USER.')
  and getcompanyprivilege(C.COMPANYCODE,GETMODULECODEFORPAGENO(:APP_PAGE_ID),:GLOBAL_LOGINNAME)='YES'","","",""
281,"Pending Sales Order followup","PENDING-SALES-ORDER-FOLLOWUP",20,"P281_LOCATION","Location","PLUGIN_PL.OSTROWSKIBARTOSZ.APEX.ENHANCEDLOVITEM","ALWAYS_NULL","","","","select DISTINCT locationname d , locationcode r from location
where locationcode in (
    select distinct locationcode from salesorder
)","","",""
281,"Pending Sales Order followup","PENDING-SALES-ORDER-FOLLOWUP",30,"P281_PARTY","Party","PLUGIN_PL.OSTROWSKIBARTOSZ.APEX.ENHANCEDLOVITEM","ALWAYS_NULL","","","","select DISTINCT partyname D, partycode  R
from (select p.* from PARTY p where exists(select 1 from PARTYCOMPANY c where c.TNO=p.TNO and c.COMPANYCODE=:GLOBAL_COMPANYCODE)) PARTY
where partycode in
                (
                    select distinct partycode from salesorder
                )
order by 1","","",""
281,"Pending Sales Order followup","PENDING-SALES-ORDER-FOLLOWUP",40,"P281_CUSTOMER","Customer","PLUGIN_PL.OSTROWSKIBARTOSZ.APEX.ENHANCEDLOVITEM","ALWAYS_NULL","","","","select DISTINCT partyname D , partycode R
from (select p.* from PARTY p where exists(select 1 from PARTYCOMPANY c where c.TNO=p.TNO and c.COMPANYCODE=:GLOBAL_COMPANYCODE)) PARTY
where partycode in
                (
                    select distinct partycode from salesorder
                )

order by 1","","",""
281,"Pending Sales Order followup","PENDING-SALES-ORDER-FOLLOWUP",50,"P281_FROMDATE","AS ON DATE","NATIVE_DATE_PICKER_APEX","ALWAYS_NULL","","sysdate","EXPRESSION","","","",""
281,"Pending Sales Order followup","PENDING-SALES-ORDER-FOLLOWUP",60,"P281_DOCUMENTSTATUSCODE","Detail Status","PLUGIN_PL.OSTROWSKIBARTOSZ.APEX.ENHANCEDLOVITEM","ALWAYS_NULL","","","","Select a.Documentstatusname d, a.Documentstatuscode r
  From Documentstatus a
 Where Documentstatuscode In ('ACTIVE', 'CLOSED', 'SHORTCLOSED')
","","",""
281,"Pending Sales Order followup","PENDING-SALES-ORDER-FOLLOWUP",70,"P281_TODATE","To Date","NATIVE_DATE_PICKER_APEX","ALWAYS_NULL","","sysdate","EXPRESSION","","","NEVER",""
281,"Pending Sales Order followup","PENDING-SALES-ORDER-FOLLOWUP",90,"P281_BIREPORTURL","","NATIVE_HIDDEN","ALWAYS_NULL","","select getmyparametervalue('BIREPORTURL') FROM dual","SQL_QUERY","","","",""
283,"Payment Of Transporter Advance","FREIGHT-ADVANCE-REGISTER1",10,"P283_COMPANY","Company","PLUGIN_PL.OSTROWSKIBARTOSZ.APEX.ENHANCEDLOVITEM","ALWAYS_NULL","","GLOBAL_COMPANYCODE","ITEM","Select
      c.CompanyName d,
      a.CompanyCode r
From  ModulePrivilege a, BossUser bu, Company c
Where a.ModuleCode = getModuleCodeForPageNo(:APP_PAGE_ID)
  and a.viewprivilege = 'YES'
  and a.BossUserCode = bu.BossUserCode
  and a.CompanyCode = c.CompanyCode
  and upper(bu.BossUserName) =  upper('&APP_USER.')
  and getcompanyprivilege(C.COMPANYCODE,GETMODULECODEFORPAGENO(:APP_PAGE_ID),:GLOBAL_LOGINNAME)='YES'","","",""
283,"Payment Of Transporter Advance","FREIGHT-ADVANCE-REGISTER1",20,"P283_LOCATION","Location","PLUGIN_PL.OSTROWSKIBARTOSZ.APEX.ENHANCEDLOVITEM","ALWAYS_NULL","","","","Select distinct
      l.LocationName d,
      l.LocationCode r
From  ModulePrivilege a, ModulePrivilegeLocation b, Location l, BossUser bu, MODULELOCATION ML, MODULELOCATIONDETAIL MD
Where a.TNo = b.TNo(+)
  AND A.MODULECODE = ML.MODULECODE
  AND ML.TNO = MD.TNO
  AND (B.LOCATIONCODE = L.LOCATIONCODE OR B.LOCATIONCODE IS NULL)
  and (MD.LocationCode = l.LocationCode )
  and a.ModuleCode = getModuleCodeForPageNo(:APP_PAGE_ID)
  and a.BossUserCode = bu.BossUserCode
  and bu.BossUserName =  '&APP_USER.'
 /* and a.CompanyCode = :P107_COMPANY */
 and instr(':'||:P283_COMPANY||':',':'||a.CompanyCode||':') > 0
Order By 1
;
","","",""
283,"Payment Of Transporter Advance","FREIGHT-ADVANCE-REGISTER1",30,"P283_FROMDATE","From Date","NATIVE_DATE_PICKER_APEX","ALWAYS_NULL","","sysdate-7","EXPRESSION","","","",""
283,"Payment Of Transporter Advance","FREIGHT-ADVANCE-REGISTER1",40,"P283_TODATE","To Date","NATIVE_DATE_PICKER_APEX","ALWAYS_NULL","","sysdate","EXPRESSION","","","",""
283,"Payment Of Transporter Advance","FREIGHT-ADVANCE-REGISTER1",50,"P283_TRANSPORTER","Transporter","PLUGIN_PL.OSTROWSKIBARTOSZ.APEX.ENHANCEDLOVITEM","ALWAYS_NULL","","","","Select
     Distinct
     b.PartyName d,
     b.PartyCode r
From CCInvoice a,(select p.* from PARTY p where exists(select 1 from PARTYCOMPANY c where c.TNO=p.TNO and c.COMPANYCODE=:GLOBAL_COMPANYCODE)) b
Where a.TransPorterCode = b.PartyCode(+)
Order by 1","","",""
283,"Payment Of Transporter Advance","FREIGHT-ADVANCE-REGISTER1",60,"P283_SOURCE","Source","PLUGIN_PL.OSTROWSKIBARTOSZ.APEX.ENHANCEDLOVITEM","ALWAYS_NULL","","","","Select distinct
       e.CityName  d,
       b.sourceplacecode r
  From ccinvoice a,
       loadingadvice b,
       Outwardfra c,
       (Select aa.tno, Sum(aa.quantity1) As Quantity1
          From ccinvoicedetail aa
         Group By aa.tno) d,City e
 Where a.loadingadvicetno = b.tno(+)
   And b.outwardfratno = c.tno(+)
   And a.tno = d.tno(+)
   And b.SourcePlaceCode = e.CityCode(+)
   Order By 1","","",""
283,"Payment Of Transporter Advance","FREIGHT-ADVANCE-REGISTER1",70,"P283_DESTINATION","Destination","PLUGIN_PL.OSTROWSKIBARTOSZ.APEX.ENHANCEDLOVITEM","ALWAYS_NULL","","","","Select distinct
       e.CityName d,
        b.destinationplacecode	 r
  From ccinvoice a,
       loadingadvice b,
       Outwardfra c,
       (Select aa.tno, Sum(aa.quantity1) As Quantity1
          From ccinvoicedetail aa
         Group By aa.tno) d,City e
 Where a.loadingadvicetno = b.tno(+)
   And b.outwardfratno = c.tno(+)
   And a.tno = d.tno(+)
   And b.DestinationPlaceCode = e.CityCode(+)
 Order By 1","","",""
283,"Payment Of Transporter Advance","FREIGHT-ADVANCE-REGISTER1",80,"P283_BIREPORTURL","","NATIVE_HIDDEN","ALWAYS_NULL","","select getmyparametervalue('BIREPORTURL') FROM dual","SQL_QUERY","","","",""
291,"Purchase Party Payment Register","PURCHASE-PARTY-AMOUNT-REPORT",10,"P291_COMPANY","Company","PLUGIN_PL.OSTROWSKIBARTOSZ.APEX.ENHANCEDLOVITEM","ALWAYS_NULL","","1","STATIC_TEXT_WITH_SUBSTITUTIONS","Select
      c.CompanyName d,
      a.CompanyCode r
From  ModulePrivilege a, BossUser bu, Company c
Where a.ModuleCode = getModuleCodeForPageNo(:APP_PAGE_ID)
  and a.viewprivilege = 'YES'
  and a.BossUserCode = bu.BossUserCode
  and a.CompanyCode = c.CompanyCode
  and upper(bu.BossUserName) =  upper('&APP_USER.')
  and getcompanyprivilege(C.COMPANYCODE,GETMODULECODEFORPAGENO(:APP_PAGE_ID),:GLOBAL_LOGINNAME)='YES'","","",""
291,"Purchase Party Payment Register","PURCHASE-PARTY-AMOUNT-REPORT",30,"P291_LOCATION","Location","PLUGIN_PL.OSTROWSKIBARTOSZ.APEX.ENHANCEDLOVITEM","ALWAYS_NULL","","","","Select distinct
      l.LocationName d,
      l.LocationCode r
From  ModulePrivilege a, ModulePrivilegeLocation b, Location l, BossUser bu, MODULELOCATION ML, MODULELOCATIONDETAIL MD
Where a.TNo = b.TNo(+)
  AND A.MODULECODE = ML.MODULECODE
  AND ML.TNO = MD.TNO
  AND (B.LOCATIONCODE = L.LOCATIONCODE OR B.LOCATIONCODE IS NULL)
  and (MD.LocationCode = l.LocationCode )
  and a.ModuleCode = getModuleCodeForPageNo(:APP_PAGE_ID)
  and a.BossUserCode = bu.BossUserCode
  and bu.BossUserName =  '&APP_USER.'
 /* and a.CompanyCode = :P107_COMPANY */
 and instr(':'||:P291_COMPANY||':',':'||a.CompanyCode||':') > 0
Order By 1
;
","","",""
291,"Purchase Party Payment Register","PURCHASE-PARTY-AMOUNT-REPORT",40,"P291_FROMDATE","Fromdate","NATIVE_DATE_PICKER_APEX","ALWAYS_NULL","","sysdate - 7","EXPRESSION","","","",""
291,"Purchase Party Payment Register","PURCHASE-PARTY-AMOUNT-REPORT",50,"P291_TODATE","Todate","NATIVE_DATE_PICKER_APEX","ALWAYS_NULL","","sysdate ","EXPRESSION","","","",""
291,"Purchase Party Payment Register","PURCHASE-PARTY-AMOUNT-REPORT",60,"P291_PARTY","Party","PLUGIN_PL.OSTROWSKIBARTOSZ.APEX.ENHANCEDLOVITEM","ALWAYS_NULL","","","","select partyname d , partycode r from (select p.* from PARTY p where exists(select 1 from PARTYCOMPANY c where c.TNO=p.TNO and c.COMPANYCODE=:GLOBAL_COMPANYCODE)) PARTY
where partycode in (select distinct SUPPLIERCODE from loadingadvice)","","",""
291,"Purchase Party Payment Register","PURCHASE-PARTY-AMOUNT-REPORT",70,"P291_PURCHASEBILL","Purchase Bill No","PLUGIN_PL.OSTROWSKIBARTOSZ.APEX.ENHANCEDLOVITEM","ALWAYS_NULL","","","","Select Distinct
      a.PartyBillNo d,
      a.TNO  r
From  PurchaseBill a","","",""
291,"Purchase Party Payment Register","PURCHASE-PARTY-AMOUNT-REPORT",90,"P291_BIREPORTURL","","NATIVE_HIDDEN","ALWAYS_NULL","","select getmyparametervalue('BIREPORTURL') FROM dual","SQL_QUERY","","","",""
298,"Due Outstanding Balance","DUE-OUTSTANDING-BALANCE",10,"P298_DUEDATE","Due Date","NATIVE_DATE_PICKER_APEX","ALWAYS_NULL","","","","","","",""
298,"Due Outstanding Balance","DUE-OUTSTANDING-BALANCE",30,"P298_COMPANY","Company","PLUGIN_PL.OSTROWSKIBARTOSZ.APEX.ENHANCEDLOVITEM","ALWAYS_NULL","","","","Select Distinct
       b.CompanyName d,
       b.CompanyCode r
From   Voucher a,Company b
Where  a.CompanyCode = b.CompanyCode
Order By 1","","",""
298,"Due Outstanding Balance","DUE-OUTSTANDING-BALANCE",40,"P298_LOCATION","Location","PLUGIN_PL.OSTROWSKIBARTOSZ.APEX.ENHANCEDLOVITEM","ALWAYS_NULL","","","","Select Distinct
       b.LocationName d,
       b.LocationCode r
From   Voucher a,Location b
Where  a.LocationCode = b.LocationCode
Order By 1","","",""
298,"Due Outstanding Balance","DUE-OUTSTANDING-BALANCE",50,"P298_PARTY","Party","PLUGIN_PL.OSTROWSKIBARTOSZ.APEX.ENHANCEDLOVITEM","ALWAYS_NULL","","","","Select Distinct
       c.PartyName d,
       c.PartyCode r
From   Voucher a,VoucherDetail b,(select p.* from PARTY p where exists(select 1 from PARTYCOMPANY c where c.TNO=p.TNO and c.COMPANYCODE=:GLOBAL_COMPANYCODE)) c
Where  a.Tno = b.Tno
  and  b.AccountCode = c.PartyCode
Order By 1","","",""
298,"Due Outstanding Balance","DUE-OUTSTANDING-BALANCE",60,"P298_ZONE","Zone","PLUGIN_PL.OSTROWSKIBARTOSZ.APEX.ENHANCEDLOVITEM","ALWAYS_NULL","","","","Select Distinct
       a.Zonetype d,
       a.Zonetype r
From  (select p.* from PARTY p where exists(select 1 from PARTYCOMPANY c where c.TNO=p.TNO and c.COMPANYCODE=:GLOBAL_COMPANYCODE)) a
Order By 1","","",""
298,"Due Outstanding Balance","DUE-OUTSTANDING-BALANCE",70,"P298_BIREPORTURL","","NATIVE_HIDDEN","ALWAYS_NULL","","select getmyparametervalue('BIREPORTURL') FROM dual","SQL_QUERY","","","",""
327,"PURCHASE BILL LEDGER","PURCHASE-BILL-LEDGER",10,"P327_COMPANY","Company","PLUGIN_PL.OSTROWSKIBARTOSZ.APEX.ENHANCEDLOVITEM","ALWAYS_NULL","","","","Select
      c.CompanyName d,
      a.CompanyCode r
From  ModulePrivilege a, BossUser bu, Company c
Where a.ModuleCode = getModuleCodeForPageNo(:APP_PAGE_ID)
  and a.viewprivilege = 'YES'
  and a.BossUserCode = bu.BossUserCode
  and a.CompanyCode = c.CompanyCode
  and upper(bu.BossUserName) =  upper('&APP_USER.')
  and getcompanyprivilege(C.COMPANYCODE,GETMODULECODEFORPAGENO(:APP_PAGE_ID),:GLOBAL_LOGINNAME)='YES'","","",""
327,"PURCHASE BILL LEDGER","PURCHASE-BILL-LEDGER",30,"P327_FROMDATE","From Date","NATIVE_DATE_PICKER_APEX","ALWAYS_NULL","","","","","","",""
327,"PURCHASE BILL LEDGER","PURCHASE-BILL-LEDGER",40,"P327_TODATE","To Date","NATIVE_DATE_PICKER","ALWAYS_NULL","","","","","","",""
327,"PURCHASE BILL LEDGER","PURCHASE-BILL-LEDGER",50,"P327_LOCATION","Location","PLUGIN_PL.OSTROWSKIBARTOSZ.APEX.ENHANCEDLOVITEM","ALWAYS_NULL","","","","  Select distinct
      l.LocationName d,
      l.LocationCode r
From  ModulePrivilege a, ModulePrivilegeLocation b, Location l, BossUser bu, MODULELOCATION ML, MODULELOCATIONDETAIL MD
Where a.TNo = b.TNo(+)
  AND A.MODULECODE = ML.MODULECODE
  AND ML.TNO = MD.TNO
  AND (B.LOCATIONCODE = L.LOCATIONCODE OR B.LOCATIONCODE IS NULL)
  and (MD.LocationCode = l.LocationCode )
  and a.ModuleCode = 'PAYMENTADVICE'
  and a.BossUserCode = bu.BossUserCode
  and bu.BossUserName =  '&APP_USER.'
Order by 1
;
  ","","",""
327,"PURCHASE BILL LEDGER","PURCHASE-BILL-LEDGER",60,"P327_TRANSACTIONTYPE","Transaction Type ","PLUGIN_PL.OSTROWSKIBARTOSZ.APEX.ENHANCEDLOVITEM","ALWAYS_NULL","","","","Select Distinct
      b.TransactiontypeName d,
      b.TransactiontypeCode r
From  PBPass a, Transactiontype b
Where a.TransactiontypeCode = b.TransactiontypeCode ","","",""
327,"PURCHASE BILL LEDGER","PURCHASE-BILL-LEDGER",70,"P327_BIREPORTURL","","NATIVE_HIDDEN","ALWAYS_NULL","","select getmyparametervalue('BIREPORTURL') FROM dual","SQL_QUERY","","","",""
329,"CCINVOICE LEDGER","CCINVOICE-LEDGER",10,"P329_COMPANY","Company","PLUGIN_PL.OSTROWSKIBARTOSZ.APEX.ENHANCEDLOVITEM","ALWAYS_NULL","","","","Select
      c.CompanyName d,
      a.CompanyCode r
From  ModulePrivilege a, BossUser bu, Company c
Where a.ModuleCode = getModuleCodeForPageNo(:APP_PAGE_ID)
  and a.viewprivilege = 'YES'
  and a.BossUserCode = bu.BossUserCode
  and a.CompanyCode = c.CompanyCode
  and upper(bu.BossUserName) =  upper('&APP_USER.')
  and getcompanyprivilege(C.COMPANYCODE,GETMODULECODEFORPAGENO(:APP_PAGE_ID),:GLOBAL_LOGINNAME)='YES'","","",""
329,"CCINVOICE LEDGER","CCINVOICE-LEDGER",30,"P329_FROMDATE","From Date","NATIVE_DATE_PICKER_APEX","ALWAYS_NULL","","Trunc(Sysdate)-7","EXPRESSION","","","",""
329,"CCINVOICE LEDGER","CCINVOICE-LEDGER",40,"P329_TODATE","To Date","NATIVE_DATE_PICKER","ALWAYS_NULL","","Trunc(Sysdate)","EXPRESSION","","","",""
329,"CCINVOICE LEDGER","CCINVOICE-LEDGER",50,"P329_LOCATION","Location","PLUGIN_PL.OSTROWSKIBARTOSZ.APEX.ENHANCEDLOVITEM","ALWAYS_NULL","","","","  Select distinct
      l.LocationName d,
      l.LocationCode r
From  ModulePrivilege a, ModulePrivilegeLocation b, Location l, BossUser bu, MODULELOCATION ML, MODULELOCATIONDETAIL MD
Where a.TNo = b.TNo(+)
  AND A.MODULECODE = ML.MODULECODE
  AND ML.TNO = MD.TNO
  AND (B.LOCATIONCODE = L.LOCATIONCODE OR B.LOCATIONCODE IS NULL)
  and (MD.LocationCode = l.LocationCode )
  and a.ModuleCode = 'CCINVOICE'
  and a.BossUserCode = bu.BossUserCode
  and bu.BossUserName =  '&APP_USER.'
Order by 1
;
  ","","",""
329,"CCINVOICE LEDGER","CCINVOICE-LEDGER",60,"P329_TRANSACTIONTYPE","Transaction Type","PLUGIN_PL.OSTROWSKIBARTOSZ.APEX.ENHANCEDLOVITEM","ALWAYS_NULL","","","","Select Distinct
      b.TransactiontypeName d,
      b.TransactiontypeCode r
From  CCInvoice a, Transactiontype b
Where a.TransactiontypeCode = b.TransactiontypeCode","","",""
329,"CCINVOICE LEDGER","CCINVOICE-LEDGER",70,"P329_BIREPORTURL","","NATIVE_HIDDEN","ALWAYS_NULL","","select getmyparametervalue('BIREPORTURL') FROM dual","SQL_QUERY","","","",""
362,"Payment Followup","PAYMENT-FOLLOWUP",10,"P362_FROMDATE","From Date","NATIVE_DATE_PICKER_APEX","ALWAYS_NULL","","trunc(sysdate)","EXPRESSION","","","",""
362,"Payment Followup","PAYMENT-FOLLOWUP",20,"P362_TODATE","To Date","NATIVE_DATE_PICKER_APEX","ALWAYS_NULL","","trunc(sysdate)","EXPRESSION","","","",""
362,"Payment Followup","PAYMENT-FOLLOWUP",30,"P362_PARTY","Party","NATIVE_SELECT_ONE","ALWAYS_NULL","","","","SELECT DISTINCT P.PARTYNAME, P.PARTYCODE

FROM CCINVOICE C
LEFT JOIN (select p.* from PARTY p where exists(select 1 from PARTYCOMPANY c where c.TNO=p.TNO and c.COMPANYCODE=:GLOBAL_COMPANYCODE)) P ON P.PARTYCODE = C.PARTYCODE","","",""
378,"GRN Pending for Purchase Bill Report","GRN-PENDING-PURCHASE-BILL-REPORT",10,"P378_FY_BEGIN","","NATIVE_HIDDEN","ALWAYS_NULL","","","","","","",""
378,"GRN Pending for Purchase Bill Report","GRN-PENDING-PURCHASE-BILL-REPORT",20,"P378_FY_END","","NATIVE_HIDDEN","ALWAYS_NULL","","","","","","",""
378,"GRN Pending for Purchase Bill Report","GRN-PENDING-PURCHASE-BILL-REPORT",30,"P378_DATE_RANGE","Date Range","PLUGIN_UC_DATE_RANGE_PICKER","ALWAYS_NULL","","","","","","",""
378,"GRN Pending for Purchase Bill Report","GRN-PENDING-PURCHASE-BILL-REPORT",40,"P378_LOCATION","Location","NATIVE_SELECT_ONE","ALWAYS_NULL","","","","Select distinct
      l.LocationName d,
      l.LocationCode r
From  ModulePrivilege a, ModulePrivilegeLocation b, Location l, BossUser bu, MODULELOCATION ML, MODULELOCATIONDETAIL MD
Where a.TNo = b.TNo(+)
  AND A.MODULECODE = ML.MODULECODE
  AND ML.TNO = MD.TNO
  AND (B.LOCATIONCODE = L.LOCATIONCODE OR B.LOCATIONCODE IS NULL)
  and (MD.LocationCode = l.LocationCode )
  and a.ModuleCode = 'GRN'
  and a.BossUserCode = bu.BossUserCode
  and bu.BossUserName =  '&APP_USER.'
Order By 1
;
","","",""
378,"GRN Pending for Purchase Bill Report","GRN-PENDING-PURCHASE-BILL-REPORT",50,"P378_DOCTYPE","Doc Type","NATIVE_SELECT_ONE","ALWAYS_NULL","","PURCHASE","STATIC_TEXT_WITH_SUBSTITUTIONS","Select distinct
      dt.DocTypeName d,
      dt.DocTypeCode r
From  ModulePrivilege a, ModulePrivilegeDocType b, DocType dt, BossUser bu, ModuleDocType md, ModuleDocTypeDetail mdd
Where a.TNo = b.TNo(+)
  and (b.DocTypeCode = dt.DocTypeCode or b.DocTypeCode is null)
  and a.ModuleCode = md.ModuleCode
  and md.TNo = mdd.TNo
  and mdd.DocTypeCode = dt.DocTypeCode
  and a.ModuleCode = 'GRN'
  and a.BossUserCode = bu.BossUserCode
  and bu.BossUserName =  '&APP_USER.'
Order by 1
;","","",""
378,"GRN Pending for Purchase Bill Report","GRN-PENDING-PURCHASE-BILL-REPORT",60,"P378_PARTY","Party","NATIVE_SELECT_ONE","ALWAYS_NULL","","","","Select
       Distinct
       p.PartyName d,
       p.PartyCode r
From GRN a, (select p.* from PARTY p where exists(select 1 from PARTYCOMPANY c where c.TNO=p.TNO and c.COMPANYCODE=:GLOBAL_COMPANYCODE)) p
Where a.PartyCode = p.PartyCode
Order by 1","","",""
378,"GRN Pending for Purchase Bill Report","GRN-PENDING-PURCHASE-BILL-REPORT",70,"P378_ITEM","Item","NATIVE_SELECT_ONE","ALWAYS_NULL","","","","Select
      Distinct
      e.ItemName||' ( '||e.ItemCode||' )' as d,
      e.ItemCode r
From GRNDetail a, Item e
Where a.ItemCode = e.ItemCode
Order by 2","","",""
378,"GRN Pending for Purchase Bill Report","GRN-PENDING-PURCHASE-BILL-REPORT",80,"P378_ITEM_SPECIFICATION","Item Specification","NATIVE_SELECT_ONE","ALWAYS_NULL","","","","Select
      Distinct
     ee.ItemSpecificationName as d,
     ee.ItemSpecificationCode as r
From Item e, ItemSpecification ee
Where e.ItemCode = :P378_ITEM
  and e.TNo = ee.TNo","","",""
403,"GST Input Report As Per Transaction","GST-INPUT-REPORT-AS-PER-TRANSACTION",20,"P403_FROMDATE","From Date","NATIVE_DATE_PICKER_APEX","ALWAYS_NULL","","Trunc(Sysdate)-7","EXPRESSION","","","",""
403,"GST Input Report As Per Transaction","GST-INPUT-REPORT-AS-PER-TRANSACTION",30,"P403_TODATE","To Date","NATIVE_DATE_PICKER_APEX","ALWAYS_NULL","","Trunc(Sysdate)","EXPRESSION","","","",""
403,"GST Input Report As Per Transaction","GST-INPUT-REPORT-AS-PER-TRANSACTION",40,"P403_LOCATION","Location","PLUGIN_PL.OSTROWSKIBARTOSZ.APEX.ENHANCEDLOVITEM","ALWAYS_NULL","","","","  Select distinct
      l.LocationName d,
      l.LocationCode r
From  ModulePrivilege a, ModulePrivilegeLocation b, Location l, BossUser bu, MODULELOCATION ML, MODULELOCATIONDETAIL MD
Where a.TNo = b.TNo(+)
  AND A.MODULECODE = ML.MODULECODE
  AND ML.TNO = MD.TNO
  AND (B.LOCATIONCODE = L.LOCATIONCODE OR B.LOCATIONCODE IS NULL)
  and (MD.LocationCode = l.LocationCode )
  and a.ModuleCode = 'PAYMENTADVICE'
  and a.BossUserCode = bu.BossUserCode
  and bu.BossUserName =  '&APP_USER.'
Order by 1
;","","",""
403,"GST Input Report As Per Transaction","GST-INPUT-REPORT-AS-PER-TRANSACTION",60,"P403_PARTY","Vendor","PLUGIN_PL.OSTROWSKIBARTOSZ.APEX.ENHANCEDLOVITEM","ALWAYS_NULL","","","","Select
       Distinct
       p.PartyName d,
       p.PartyCode r
From PaymentAdvice a, (select p.* from PARTY p where exists(select 1 from PARTYCOMPANY c where c.TNO=p.TNO and c.COMPANYCODE=:GLOBAL_COMPANYCODE)) p
Where a.PartyCode = p.PartyCode
Order By 1","","",""
403,"GST Input Report As Per Transaction","GST-INPUT-REPORT-AS-PER-TRANSACTION",70,"P403_MODULECODE","Module","NATIVE_SELECT_LIST","ALWAYS_NULL","","","","Select
        Distinct
        A.modulecode as modulename,
        A.modulecode
From gsttaxinoutdetail a
Where a.Type ='INWARD'","","",""
404,"GST Output Report As Per Transaction","GST-OUTPUT-REPORT-AS-PER-TRANSACTION",20,"P404_FROMDATE","From Date","NATIVE_DATE_PICKER_APEX","ALWAYS_NULL","","Trunc(Sysdate)-7","EXPRESSION","","","",""
404,"GST Output Report As Per Transaction","GST-OUTPUT-REPORT-AS-PER-TRANSACTION",30,"P404_TODATE","To Date","NATIVE_DATE_PICKER_APEX","ALWAYS_NULL","","Trunc(Sysdate)","EXPRESSION","","","",""
404,"GST Output Report As Per Transaction","GST-OUTPUT-REPORT-AS-PER-TRANSACTION",40,"P404_LOCATION","Location","PLUGIN_PL.OSTROWSKIBARTOSZ.APEX.ENHANCEDLOVITEM","ALWAYS_NULL","","","","  Select distinct
      l.LocationName d,
      l.LocationCode r
From  ModulePrivilege a, ModulePrivilegeLocation b, Location l, BossUser bu, MODULELOCATION ML, MODULELOCATIONDETAIL MD
Where a.TNo = b.TNo(+)
  AND A.MODULECODE = ML.MODULECODE
  AND ML.TNO = MD.TNO
  AND (B.LOCATIONCODE = L.LOCATIONCODE OR B.LOCATIONCODE IS NULL)
  and (MD.LocationCode = l.LocationCode )
  and a.ModuleCode = 'PAYMENTADVICE'
  and a.BossUserCode = bu.BossUserCode
  and bu.BossUserName =  '&APP_USER.'
Order by 1
;
  ","","",""
404,"GST Output Report As Per Transaction","GST-OUTPUT-REPORT-AS-PER-TRANSACTION",60,"P404_PARTY","Vendor","PLUGIN_PL.OSTROWSKIBARTOSZ.APEX.ENHANCEDLOVITEM","ALWAYS_NULL","","","","Select
       Distinct
       p.PartyName d,
       p.PartyCode r
From PaymentAdvice a, (select p.* from PARTY p where exists(select 1 from PARTYCOMPANY c where c.TNO=p.TNO and c.COMPANYCODE=:GLOBAL_COMPANYCODE)) p
Where a.PartyCode = p.PartyCode
Order by 1","","",""
404,"GST Output Report As Per Transaction","GST-OUTPUT-REPORT-AS-PER-TRANSACTION",70,"P404_MODULECODE","Module","NATIVE_SELECT_LIST","ALWAYS_NULL","","","","Select
        Distinct
        A.modulecode as modulename,
        A.modulecode
From gsttaxinoutdetail a
Where a.Type ='OUTWARD'
and a.modulecode not in ('PAYMENTADVICE')","","",""
404,"GST Output Report As Per Transaction","GST-OUTPUT-REPORT-AS-PER-TRANSACTION",80,"P404_ALL","Only GST","NATIVE_SELECT_LIST","ALWAYS_NULL","","YES","STATIC_TEXT_WITH_SUBSTITUTIONS","STATIC:YES;YES,NO;NO","","",""
407,"Stock Statement","STOCK-STATEMENT",10,"P407_COMPANY","Company","PLUGIN_PL.OSTROWSKIBARTOSZ.APEX.ENHANCEDLOVITEM","ALWAYS_NULL","","GLOBAL_COMPANYCODE","ITEM","Select Distinct
      c.CompanyName d,
      a.CompanyCode r
From  ModulePrivilege a, BossUser bu, Company c
Where a.ModuleCode = 'STOCKSTATEMENT'
  and a.viewprivilege = 'YES'
  and a.BossUserCode = bu.BossUserCode
  and a.CompanyCode = c.CompanyCode
  and bu.BossUserName =  '&APP_USER.'
Order by 1
  ;
","","",""
407,"Stock Statement","STOCK-STATEMENT",20,"P407_LOCATION","Location","PLUGIN_PL.OSTROWSKIBARTOSZ.APEX.ENHANCEDLOVITEM","ALWAYS_NULL","","","","SELECT l.LocationName d,l.LocationCode r FROM LOCATION L  WHERE L.LOCATIONCODE IN (SELECT LOCATIONCODE FROM STOCK)
/*Select
      l.LocationName d,
      l.LocationCode r
From  ModulePrivilege a, ModulePrivilegeLocation b, Location l, BossUser bu, MODULELOCATION ML, MODULELOCATIONDETAIL MD
Where a.TNo = b.TNo(+)
  AND A.MODULECODE = ML.MODULECODE
  AND ML.TNO = MD.TNO
  AND (B.LOCATIONCODE = L.LOCATIONCODE OR B.LOCATIONCODE IS NULL)
  and (MD.LocationCode = l.LocationCode )
  and a.ModuleCode = 'GRN'
  and a.BossUserCode = bu.BossUserCode
  and bu.BossUserName =  '&APP_USER.'
;
*/","","",""
407,"Stock Statement","STOCK-STATEMENT",30,"P407_FROMDATE","From Date","NATIVE_DATE_PICKER_APEX","ALWAYS_NULL","","TRUNC(SYSDATE)","EXPRESSION","","","",""
407,"Stock Statement","STOCK-STATEMENT",40,"P407_TODATE","To Date","NATIVE_DATE_PICKER_APEX","ALWAYS_NULL","","TRUNC(SYSDATE)","EXPRESSION","","","",""
407,"Stock Statement","STOCK-STATEMENT",60,"P407_STORAGELOCATION","Storage Loc","PLUGIN_PL.OSTROWSKIBARTOSZ.APEX.ENHANCEDLOVITEM","ALWAYS_NULL","","","","SELECT STORAGELOCATIONNAME AS D,
STORAGELOCATIONCODE AS R
FROM STORAGELOCATION
","","",""
407,"Stock Statement","STOCK-STATEMENT",80,"P407_ITEM","Material","PLUGIN_PL.OSTROWSKIBARTOSZ.APEX.ENHANCEDLOVITEM","ALWAYS_NULL","","","","Select DISTINCT
      e.ItemName d,
      e.ItemCode r
From  Item e, ItemSpecification ee
Where e.itemclassificationcode = 'MATERIAL'
Order by 1","","",""
407,"Stock Statement","STOCK-STATEMENT",90,"P407_SKU","SKU","PLUGIN_PL.OSTROWSKIBARTOSZ.APEX.ENHANCEDLOVITEM","ALWAYS_NULL","","","","SELECT SKU AS D,
SKU AS R
FROM ITEMSPECIFICATION
","","",""
407,"Stock Statement","STOCK-STATEMENT",100,"P407_ITEMGROUP","","NATIVE_HIDDEN","ALWAYS_NULL","","","","","","",""
407,"Stock Statement","STOCK-STATEMENT",110,"P407_ITEMSPECIFICATION","Specification","PLUGIN_PL.OSTROWSKIBARTOSZ.APEX.ENHANCEDLOVITEM","ALWAYS_NULL","","","","Select
      ee.ItemSpecificationName as d,
      ee.ItemSpecificationCode as r
From  Item e, ItemSpecification ee
Where e.TNo = ee.TNo
  and e.ItemCode = :P407_ITEM
Order by 1","","",""
722,"Sales Quotation 360","SALES-QUOTATION-360",10,"P722_TNO","","NATIVE_HIDDEN","ALWAYS_NULL","","","","","","",""
723,"Sales Order 360","SALES-ORDER-360",10,"P723_TNO","","NATIVE_HIDDEN","ALWAYS_NULL","","","","","","",""
929,"Bill Detail","AP-BILL-DETAIL",10,"P929_TNO","","NATIVE_HIDDEN","ALWAYS_NULL","","","","","","",""
929,"Bill Detail","AP-BILL-DETAIL",12,"P929_SNO","","NATIVE_HIDDEN","ALWAYS_NULL","","","","","","",""
929,"Bill Detail","AP-BILL-DETAIL",14,"P929_TODATE","","NATIVE_HIDDEN","ALWAYS_NULL","","","","","","",""
929,"Bill Detail","AP-BILL-DETAIL",16,"P929_FROMDATE","","NATIVE_HIDDEN","ALWAYS_NULL","","","","","","",""
929,"Bill Detail","AP-BILL-DETAIL",18,"P929_PARTY","","NATIVE_HIDDEN","ALWAYS_NULL","","","","","","",""
934,"Purchase Command Centre","PURCHASE-COMMAND-CENTRE",10,"P934_FROMDATE","From Date","NATIVE_DATE_PICKER_APEX","ALWAYS_NULL","","Select to_char(FinancialYearBegin,'DD-MM-RRRR')
  From FinancialYear
 Where trunc(sysdate) Between FinancialYearBegin And FinancialYearEnd
   And rownum = 1","SQL_QUERY","","","",""
934,"Purchase Command Centre","PURCHASE-COMMAND-CENTRE",10,"P934_SUPPLIER","Supplier","NATIVE_POPUP_LOV","ALWAYS_NULL","","","","Select Distinct p.PartyName d, p.PartyCode r
  From PCC_PurchaseBill h
  Join (select p.* from PARTY p where exists(select 1 from PARTYCOMPANY c where c.TNO=p.TNO and c.COMPANYCODE=:GLOBAL_COMPANYCODE)) p On p.PartyCode = h.PartyCode
 Where ((Select SAGAR.GetUserPanelAB_apex() From dual) Is Null
        Or h.Panel = (Select SAGAR.GetUserPanelAB_apex() From dual))
   And (:P934_COMPANY Is Null Or h.CompanyCode = :P934_COMPANY)
 Order By 1","","",""
934,"Purchase Command Centre","PURCHASE-COMMAND-CENTRE",20,"P934_ITEMGROUP","Item Group","NATIVE_POPUP_LOV","ALWAYS_NULL","","","","Select i.ItemName || ' (' || i.ItemCode || ')' d, i.ItemCode r
  From Item i
 Where Exists (Select 1 From Item c Where c.ParentCode = i.ItemCode)
 Order By 1","","",""
934,"Purchase Command Centre","PURCHASE-COMMAND-CENTRE",20,"P934_TODATE","To Date","NATIVE_DATE_PICKER_APEX","ALWAYS_NULL","","to_char(trunc(sysdate),'DD-MM-RRRR')","EXPRESSION","","","",""
934,"Purchase Command Centre","PURCHASE-COMMAND-CENTRE",30,"P934_COMPANY","Company","NATIVE_POPUP_LOV","ALWAYS_NULL","","","","Select Distinct c.CompanyName d, c.CompanyCode r
  From PCC_PurchaseBill h
  Join Company c On c.CompanyCode = h.CompanyCode
 Where ((Select SAGAR.GetUserPanelAB_apex() From dual) Is Null
        Or h.Panel = (Select SAGAR.GetUserPanelAB_apex() From dual))
 Order By 1","","",""
934,"Purchase Command Centre","PURCHASE-COMMAND-CENTRE",30,"P934_ITEM","Item","NATIVE_POPUP_LOV","ALWAYS_NULL","","","","Select i.ItemName || ' (' || i.ItemCode || ')' d, i.ItemCode r
  From Item i
 Where Exists (Select 1 From PurchaseBillDetail d
                Where d.ItemCode = i.ItemCode)
 Order By 1","","",""
934,"Purchase Command Centre","PURCHASE-COMMAND-CENTRE",40,"P934_LOCATION","Location","NATIVE_POPUP_LOV","ALWAYS_NULL","","","","Select Distinct l.LocationName d, l.LocationCode r
  From PCC_PurchaseBill fb
  Join Location l On l.LocationCode = fb.LocationCode
 Where (:P934_COMPANY Is Null Or fb.CompanyCode = :P934_COMPANY)
   And ((Select SAGAR.GetUserPanelAB_apex() From dual) Is Null
        Or fb.Panel = (Select SAGAR.GetUserPanelAB_apex() From dual))
 Order By 1","","",""
934,"Purchase Command Centre","PURCHASE-COMMAND-CENTRE",40,"P934_TRANSPORTER","Transporter","NATIVE_POPUP_LOV","ALWAYS_NULL","","","","Select Distinct t.TransporterName d, t.TransporterCode r
  From PCC_FreightAdvice f
  Join Transporter t On t.TransporterCode = f.TransporterCode
 Where ((Select SAGAR.GetUserPanelAB_apex() From dual) Is Null
        Or f.Panel = (Select SAGAR.GetUserPanelAB_apex() From dual))
 Order By 1","","",""
934,"Purchase Command Centre","PURCHASE-COMMAND-CENTRE",50,"P934_EXC_FOCUS","","NATIVE_HIDDEN","ALWAYS_NULL","","","","","","",""
934,"Purchase Command Centre","PURCHASE-COMMAND-CENTRE",50,"P934_PANEL","","NATIVE_HIDDEN","ALWAYS_NULL","","","","STATIC:A;A,B;B","","EXPRESSION","SAGAR.GetUserPanelAB_apex() Is Null"
934,"Purchase Command Centre","PURCHASE-COMMAND-CENTRE",55,"P934_PIPE_FOCUS","","NATIVE_HIDDEN","ALWAYS_NULL","","","","","","",""
934,"Purchase Command Centre","PURCHASE-COMMAND-CENTRE",56,"P934_STAGE_FOCUS","","NATIVE_HIDDEN","ALWAYS_NULL","","","","","","",""
934,"Purchase Command Centre","PURCHASE-COMMAND-CENTRE",57,"P934_EXEC_FOCUS","","NATIVE_HIDDEN","ALWAYS_NULL","","","","","","",""
934,"Purchase Command Centre","PURCHASE-COMMAND-CENTRE",58,"P934_TNO","","NATIVE_HIDDEN","ALWAYS_NULL","","","","","","",""
937,"Purchase Bill 360","PURCHASE-BILL-360",10,"P937_COMPANY","Company","NATIVE_POPUP_LOV","ALWAYS_NULL","","","","Select c.CompanyName d, c.CompanyCode r From Company c
 Where Exists (Select 1 From PCC_PurchaseBill x Where x.CompanyCode=c.CompanyCode
   And ((Select SAGAR.GetUserPanelAB_apex() From dual) Is Null Or x.Panel=(Select SAGAR.GetUserPanelAB_apex() From dual)))
 Order By 1","","",""
937,"Purchase Bill 360","PURCHASE-BILL-360",20,"P937_LOCATION","Location","NATIVE_POPUP_LOV","ALWAYS_NULL","","","","Select l.LocationName d, l.LocationCode r From Location l
 Where Exists (Select 1 From PCC_PurchaseBill x Where x.LocationCode=l.LocationCode
   And (:P937_COMPANY Is Null Or x.CompanyCode=:P937_COMPANY)
   And ((Select SAGAR.GetUserPanelAB_apex() From dual) Is Null Or x.Panel=(Select SAGAR.GetUserPanelAB_apex() From dual)))
 Order By 1","","",""
937,"Purchase Bill 360","PURCHASE-BILL-360",30,"P937_FROMDATE","From Date","NATIVE_DATE_PICKER_APEX","ALWAYS_NULL","","Select to_char(FinancialYearBegin,'DD-MM-RRRR')
  From FinancialYear
 Where trunc(sysdate) Between FinancialYearBegin And FinancialYearEnd
   And rownum = 1","SQL_QUERY","","","",""
937,"Purchase Bill 360","PURCHASE-BILL-360",40,"P937_TODATE","To Date","NATIVE_DATE_PICKER_APEX","ALWAYS_NULL","","to_char(trunc(sysdate),'DD-MM-RRRR')","EXPRESSION","","","",""
937,"Purchase Bill 360","PURCHASE-BILL-360",50,"P937_TNO","Purchase Bill","NATIVE_POPUP_LOV","ALWAYS_NULL","","","","Select nvl(h.PurchaseBillNo,'Incomplete bill (TNO '||h.TNo||')') || ' - ' || to_char(h.PurchaseBillDate,'DD-MM-RRRR') || ' - ' || nvl(GetPartyName(h.PartyCode),'supplier not recorded') d, h.TNo r
  From PCC_PurchaseBill h
 Where ((Select SAGAR.GetUserPanelAB_apex() From dual) Is Null Or h.Panel=(Select SAGAR.GetUserPanelAB_apex() From dual))
   And (:P937_COMPANY Is Null Or h.CompanyCode=:P937_COMPANY)
   And (:P937_LOCATION Is Null Or h.LocationCode=:P937_LOCATION)
   And (:P937_SUPPLIER Is Null Or h.PartyCode=:P937_SUPPLIER)
   And (:P937_FROMDATE Is Null Or h.PurchaseBillDate>=to_date(:P937_FROMDATE,'DD-MM-RRRR'))
   And (:P937_TODATE Is Null Or h.PurchaseBillDate<to_date(:P937_TODATE,'DD-MM-RRRR')+1)
 Order By h.PurchaseBillDate Desc, 1","","",""
937,"Purchase Bill 360","PURCHASE-BILL-360",60,"P937_SUPPLIER","Supplier","NATIVE_POPUP_LOV","ALWAYS_NULL","","","","Select Distinct GetPartyName(x.PartyCode) d, x.PartyCode r
  From PCC_PurchaseBill x
 Where ((Select SAGAR.GetUserPanelAB_apex() From dual) Is Null Or x.Panel=(Select SAGAR.GetUserPanelAB_apex() From dual))
   And (:P937_COMPANY Is Null Or x.CompanyCode=:P937_COMPANY)
   And (:P937_LOCATION Is Null Or x.LocationCode=:P937_LOCATION)
 Order By 1","","",""
939,"Purchase Order 360","PURCHASE-ORDER-360",10,"P939_TNO","","NATIVE_HIDDEN","ALWAYS_NULL","","","","","","",""
941,"Trading Operations Control Tower","TRADING-OPERATIONS-CONTROL-TOWER",10,"P941_FINANCIALYEAR","Financial year","NATIVE_SELECT_LIST","ALWAYS_NULL","","v('GLOBAL_FINANCIALYEARCODE')","EXPRESSION","select financialyearcode d,financialyearcode r from financialyear order by financialyearbegin desc","","",""
941,"Trading Operations Control Tower","TRADING-OPERATIONS-CONTROL-TOWER",10,"P941_FROMDATE","From date","NATIVE_DATE_PICKER_APEX","ALWAYS_NULL","","to_char(trunc(sysdate,'MM'),'DD-MM-YYYY')","EXPRESSION","","","",""
941,"Trading Operations Control Tower","TRADING-OPERATIONS-CONTROL-TOWER",20,"P941_CUSTOMER","Customer","NATIVE_SELECT_LIST","ALWAYS_NULL","","","","select distinct p.partyname d,p.partycode r from party p join salesorder s on s.partycode=p.partycode join moduleprivilege mp on mp.companycode=s.companycode and mp.modulecode='SALESORDER' join bossuser b on b.bossusercode=mp.bossusercode where upper(b.bossusername)=upper(:APP_USER) and mp.viewprivilege='YES' and (:P941_COMPANY is null or s.companycode=:P941_COMPANY) order by 1","","",""
941,"Trading Operations Control Tower","TRADING-OPERATIONS-CONTROL-TOWER",20,"P941_TODATE","Cutoff / to date","NATIVE_DATE_PICKER_APEX","ALWAYS_NULL","","to_char(trunc(sysdate),'DD-MM-YYYY')","EXPRESSION","","","",""
941,"Trading Operations Control Tower","TRADING-OPERATIONS-CONTROL-TOWER",30,"P941_COMPANY","Company","NATIVE_SELECT_LIST","ALWAYS_NULL","","v('GLOBAL_COMPANYCODE')","EXPRESSION","select distinct c.companyname d,c.companycode r from company c join moduleprivilege p on p.companycode=c.companycode join bossuser b on b.bossusercode=p.bossusercode where upper(b.bossusername)=upper(:APP_USER) and p.viewprivilege='YES' and p.modulecode in ('SALESORDER','PURCHASEORDER','CCINVOICE','STOCKSTATEMENT','ACCOUNTLEDGERREVISED') order by 1","","",""
941,"Trading Operations Control Tower","TRADING-OPERATIONS-CONTROL-TOWER",30,"P941_SUPPLIER","Supplier","NATIVE_SELECT_LIST","ALWAYS_NULL","","","","select distinct p.partyname d,p.partycode r from party p join purchaseorder s on s.partycode=p.partycode join moduleprivilege mp on mp.companycode=s.companycode and mp.modulecode='PURCHASEORDER' join bossuser b on b.bossusercode=mp.bossusercode where upper(b.bossusername)=upper(:APP_USER) and mp.viewprivilege='YES' and (:P941_COMPANY is null or s.companycode=:P941_COMPANY) order by 1","","",""
941,"Trading Operations Control Tower","TRADING-OPERATIONS-CONTROL-TOWER",40,"P941_ITEM","Item","NATIVE_SELECT_LIST","ALWAYS_NULL","","","","select itemname||' ('||itemcode||')' d,itemcode r from item where itemtype='MATERIAL' order by 1","","",""
941,"Trading Operations Control Tower","TRADING-OPERATIONS-CONTROL-TOWER",40,"P941_LOCATION","Branch / Location","NATIVE_SELECT_LIST","ALWAYS_NULL","","","","select distinct l.locationname d,l.locationcode r from location l where exists(select 1 from moduleprivilege p join bossuser b on b.bossusercode=p.bossusercode where upper(b.bossusername)=upper(:APP_USER) and p.viewprivilege='YES' and p.companycode=:P941_COMPANY and (not exists(select 1 from moduleprivilegelocation pl where pl.tno=p.tno) or exists(select 1 from moduleprivilegelocation pl where pl.tno=p.tno and pl.locationcode in (select x.locationcode from location x start with x.locationcode=l.locationcode connect by nocycle x.locationcode=prior x.parentcode)))) order by 1","","",""
941,"Trading Operations Control Tower","TRADING-OPERATIONS-CONTROL-TOWER",50,"P941_ROUTE","Fulfilment evidence type","NATIVE_SELECT_LIST","ALWAYS_NULL","","","","STATIC:Direct evidence;DIRECT,Warehouse evidence;WAREHOUSE,Processed evidence;PROCESSED,Unclassified;UNCLASSIFIED","","",""
941,"Trading Operations Control Tower","TRADING-OPERATIONS-CONTROL-TOWER",50,"P941_SPECIFICATION","Specification","NATIVE_SELECT_LIST","ALWAYS_NULL","","","","select itemspecificationname d,itemspecificationcode r from itemspecification order by 1","","",""
941,"Trading Operations Control Tower","TRADING-OPERATIONS-CONTROL-TOWER",60,"P941_ITEMCATEGORY","Item category","NATIVE_SELECT_LIST","ALWAYS_NULL","","","","select itemcategoryname d,itemcategorycode r from itemcategory order by 1","","",""
941,"Trading Operations Control Tower","TRADING-OPERATIONS-CONTROL-TOWER",70,"P941_STORAGELOCATION","Storage location","NATIVE_SELECT_LIST","ALWAYS_NULL","","","","select storagelocationname d,storagelocationcode r from storagelocation union all select 'Unassigned storage','~UNASSIGNED~' from dual","","",""
941,"Trading Operations Control Tower","TRADING-OPERATIONS-CONTROL-TOWER",80,"P941_SALESEXECUTIVE","Sales executive","NATIVE_SELECT_LIST","ALWAYS_NULL","","","","select employeename d,employeecode r from employee order by 1","","",""
941,"Trading Operations Control Tower","TRADING-OPERATIONS-CONTROL-TOWER",200,"P941_DRILL_KIND","","NATIVE_HIDDEN","ALWAYS_NULL","","","","","","",""
941,"Trading Operations Control Tower","TRADING-OPERATIONS-CONTROL-TOWER",201,"P941_DOCUMENT_TNO","","NATIVE_HIDDEN","ALWAYS_NULL","","","","","","",""
941,"Trading Operations Control Tower","TRADING-OPERATIONS-CONTROL-TOWER",202,"P941_ITEM_CODE","","NATIVE_HIDDEN","ALWAYS_NULL","","","","","","",""
941,"Trading Operations Control Tower","TRADING-OPERATIONS-CONTROL-TOWER",203,"P941_SPECIFICATION_CODE","","NATIVE_HIDDEN","ALWAYS_NULL","","","","","","",""
941,"Trading Operations Control Tower","TRADING-OPERATIONS-CONTROL-TOWER",204,"P941_REFRESH_KEY","","NATIVE_HIDDEN","ALWAYS_NULL","","","","","","",""
941,"Trading Operations Control Tower","TRADING-OPERATIONS-CONTROL-TOWER",205,"P941_SCOPE_TOKEN","","NATIVE_HIDDEN","ALWAYS_NULL","","","","","","",""
941,"Trading Operations Control Tower","TRADING-OPERATIONS-CONTROL-TOWER",206,"P941_UPDATED","","NATIVE_HIDDEN","ALWAYS_NULL","","","","","","",""
