"PAGE_ID","PAGE_NAME","PAGE_ALIAS","ITEM_SEQUENCE","ITEM_NAME","PROMPT","DISPLAY_AS","SOURCE_TYPE","SOURCE","ITEM_DEFAULT","ITEM_DEFAULT_TYPE"
510,"Customer","CUSTOMER",10,"P510_RUNDATE","","NATIVE_HIDDEN","QUERY","SELECT
     TO_CHAR(LASTRUNDATE,'DD-MM-YYYY HH:MI AM') LASTRUNDATE
FROM D_CUSTOMER_360VIEW","SELECT
     TO_CHAR(LASTRUNDATE,'DD-MM-YYYY HH:MI AM') LASTRUNDATE
FROM D_CUSTOMER_360VIEW","SQL_QUERY"
511,"D Customer Dashboard","D-CUSTOMER-DASHBOARD",10,"P511_CUSTOMERNAME","New","NATIVE_DISPLAY_ONLY","ALWAYS_NULL","","",""
511,"D Customer Dashboard","D-CUSTOMER-DASHBOARD",10,"P511_CYCLEDAYS","Cycle Days :","NATIVE_DISPLAY_ONLY","ALWAYS_NULL","","",""
511,"D Customer Dashboard","D-CUSTOMER-DASHBOARD",20,"P511_CREDITDAYS","Credit Days :","NATIVE_DISPLAY_ONLY","ALWAYS_NULL","","",""
511,"D Customer Dashboard","D-CUSTOMER-DASHBOARD",20,"P511_CUSTOMERCODE","","NATIVE_HIDDEN","ALWAYS_NULL","","",""
511,"D Customer Dashboard","D-CUSTOMER-DASHBOARD",20,"P511_IMAGE","Image","NATIVE_DISPLAY_IMAGE","ALWAYS_NULL","","#APP_FILES#home.svg","STATIC_TEXT_WITH_SUBSTITUTIONS"
511,"D Customer Dashboard","D-CUSTOMER-DASHBOARD",30,"P511_CREDITLIMIT","Credit Limit :","NATIVE_DISPLAY_ONLY","ALWAYS_NULL","","",""
511,"D Customer Dashboard","D-CUSTOMER-DASHBOARD",30,"P511_LASTRUN","","NATIVE_HIDDEN","QUERY","SELECT
     TO_CHAR(LASTRUNDATE,'DD-MM-YYYY HH:MI AM') LASTRUNDATE
FROM D_CUSTOMER_360VIEW","",""
511,"D Customer Dashboard","D-CUSTOMER-DASHBOARD",30,"P511_PARTYCODE","Code:","NATIVE_DISPLAY_ONLY","ALWAYS_NULL","","",""
511,"D Customer Dashboard","D-CUSTOMER-DASHBOARD",40,"P511_OVERUNDER","Over Under :","NATIVE_DISPLAY_ONLY","ALWAYS_NULL","","",""
511,"D Customer Dashboard","D-CUSTOMER-DASHBOARD",40,"P511_STATUS","Status :","NATIVE_DISPLAY_ONLY","ALWAYS_NULL","","",""
511,"D Customer Dashboard","D-CUSTOMER-DASHBOARD",50,"P511_ADDRESS","Address :","NATIVE_DISPLAY_ONLY","ALWAYS_NULL","","",""
511,"D Customer Dashboard","D-CUSTOMER-DASHBOARD",50,"P511_UNPAIDINVOICE","Unpaid Invoice :","NATIVE_DISPLAY_ONLY","ALWAYS_NULL","","",""
511,"D Customer Dashboard","D-CUSTOMER-DASHBOARD",60,"P511_PANNO","PAN No :","NATIVE_DISPLAY_ONLY","ALWAYS_NULL","","",""
511,"D Customer Dashboard","D-CUSTOMER-DASHBOARD",60,"P511_PENDINGORDER","Pending Order :","NATIVE_DISPLAY_ONLY","ALWAYS_NULL","","",""
511,"D Customer Dashboard","D-CUSTOMER-DASHBOARD",70,"P511_GSTNO","GST No :","NATIVE_DISPLAY_ONLY","ALWAYS_NULL","","",""
511,"D Customer Dashboard","D-CUSTOMER-DASHBOARD",70,"P511_UNPOSTEDINVOICE","Unposted Invoice :","NATIVE_DISPLAY_ONLY","ALWAYS_NULL","","",""
511,"D Customer Dashboard","D-CUSTOMER-DASHBOARD",80,"P511_LEDGERBALANCE","Ledger Balance :","NATIVE_DISPLAY_ONLY","ALWAYS_NULL","","",""
511,"D Customer Dashboard","D-CUSTOMER-DASHBOARD",90,"P511_UNPOSTEDRETURN","Unposted Return :","NATIVE_DISPLAY_ONLY","ALWAYS_NULL","","",""
512,"Customer  Detail","CUSTOMER-DETAIL",10,"P512_TNO","","NATIVE_HIDDEN","ALWAYS_NULL","","",""
512,"Customer  Detail","CUSTOMER-DETAIL",20,"P512_PARTYCODE","Party Code","NATIVE_DISPLAY_ONLY","ALWAYS_NULL","","",""
512,"Customer  Detail","CUSTOMER-DETAIL",30,"P512_GSTNO","GST No","NATIVE_DISPLAY_ONLY","ALWAYS_NULL","","",""
512,"Customer  Detail","CUSTOMER-DETAIL",50,"P512_PARTYNAME","Party Name","NATIVE_DISPLAY_ONLY","ALWAYS_NULL","","",""
512,"Customer  Detail","CUSTOMER-DETAIL",60,"P512_PANNO","Pan No","NATIVE_DISPLAY_ONLY","ALWAYS_NULL","","",""
512,"Customer  Detail","CUSTOMER-DETAIL",70,"P512_PARTYTYPECODE","","NATIVE_HIDDEN","ALWAYS_NULL","","",""
512,"Customer  Detail","CUSTOMER-DETAIL",80,"P512_PRINTNAME","","NATIVE_HIDDEN","ALWAYS_NULL","","",""
512,"Customer  Detail","CUSTOMER-DETAIL",90,"P512_PARTYSHORTNAME","Short Name","NATIVE_DISPLAY_ONLY","ALWAYS_NULL","","",""
512,"Customer  Detail","CUSTOMER-DETAIL",100,"P512_PARENTGROUP","Parent Group","NATIVE_DISPLAY_ONLY","ALWAYS_NULL","","",""
512,"Customer  Detail","CUSTOMER-DETAIL",110,"P512_CONTACTPERSON","Contact Person","NATIVE_DISPLAY_ONLY","ALWAYS_NULL","","",""
512,"Customer  Detail","CUSTOMER-DETAIL",120,"P512_CONTACTNO","Contact No","NATIVE_DISPLAY_ONLY","ALWAYS_NULL","","",""
512,"Customer  Detail","CUSTOMER-DETAIL",130,"P512_OFFICEADDRESS","Office Address","NATIVE_DISPLAY_ONLY","ALWAYS_NULL","","",""
512,"Customer  Detail","CUSTOMER-DETAIL",140,"P512_WORKSADDRESS","Works Address","NATIVE_DISPLAY_ONLY","ALWAYS_NULL","","",""
512,"Customer  Detail","CUSTOMER-DETAIL",150,"P512_OFFICECITY","Office City","NATIVE_DISPLAY_ONLY","ALWAYS_NULL","","",""
512,"Customer  Detail","CUSTOMER-DETAIL",160,"P512_OFFICESTATE","Office State","NATIVE_DISPLAY_ONLY","ALWAYS_NULL","","",""
512,"Customer  Detail","CUSTOMER-DETAIL",170,"P512_WORKSCITY","Works City","NATIVE_DISPLAY_ONLY","ALWAYS_NULL","","",""
512,"Customer  Detail","CUSTOMER-DETAIL",180,"P512_WORKSSTATE","Works State","NATIVE_DISPLAY_ONLY","ALWAYS_NULL","","",""
512,"Customer  Detail","CUSTOMER-DETAIL",190,"P512_OFFICEPINCODE","Office Pin Code","NATIVE_DISPLAY_ONLY","ALWAYS_NULL","","",""
512,"Customer  Detail","CUSTOMER-DETAIL",200,"P512_OFFICEPHONENO","Office Phone No","NATIVE_DISPLAY_ONLY","ALWAYS_NULL","","",""
512,"Customer  Detail","CUSTOMER-DETAIL",210,"P512_WORKSPINCODE","Works  Pin Code","NATIVE_DISPLAY_ONLY","ALWAYS_NULL","","",""
512,"Customer  Detail","CUSTOMER-DETAIL",220,"P512_WORKSPHONENO","Works Phone No","NATIVE_DISPLAY_ONLY","ALWAYS_NULL","","",""
512,"Customer  Detail","CUSTOMER-DETAIL",230,"P512_OFFICEEMAIL","Office Email","NATIVE_DISPLAY_ONLY","ALWAYS_NULL","","",""
512,"Customer  Detail","CUSTOMER-DETAIL",240,"P512_WORKSEMAIL","Works Email","NATIVE_DISPLAY_ONLY","ALWAYS_NULL","","",""
512,"Customer  Detail","CUSTOMER-DETAIL",250,"P512_OWNERNAME","","NATIVE_HIDDEN","ALWAYS_NULL","","",""
513,"Supplier","SUPPLIER",10,"P513_RUNDATE","","NATIVE_HIDDEN","QUERY","SELECT
     TO_CHAR(LASTRUNDATE,'DD-MM-YYYY HH:MI AM') LASTRUNDATE
FROM D_SUPPLIER_360VIEW","",""
514,"Supplier Detail","SUPPLIER-DETAIL",10,"P514_SUPPLIERCODE","","NATIVE_HIDDEN","ALWAYS_NULL","","",""
514,"Supplier Detail","SUPPLIER-DETAIL",20,"P514_TNO","","NATIVE_HIDDEN","ALWAYS_NULL","","",""
514,"Supplier Detail","SUPPLIER-DETAIL",30,"P514_PARTYCODE","Party Code","NATIVE_DISPLAY_ONLY","ALWAYS_NULL","","",""
514,"Supplier Detail","SUPPLIER-DETAIL",40,"P514_GSTNO","GST No","NATIVE_DISPLAY_ONLY","ALWAYS_NULL","","",""
514,"Supplier Detail","SUPPLIER-DETAIL",50,"P514_PARTYNAME","Party Name","NATIVE_DISPLAY_ONLY","ALWAYS_NULL","","",""
514,"Supplier Detail","SUPPLIER-DETAIL",60,"P514_PANNO","Pan No","NATIVE_DISPLAY_ONLY","ALWAYS_NULL","","",""
514,"Supplier Detail","SUPPLIER-DETAIL",70,"P514_PARTYTYPECODE","","NATIVE_HIDDEN","ALWAYS_NULL","","",""
514,"Supplier Detail","SUPPLIER-DETAIL",80,"P514_PRINTNAME","","NATIVE_HIDDEN","ALWAYS_NULL","","",""
514,"Supplier Detail","SUPPLIER-DETAIL",90,"P514_PARTYSHORTNAME","Short Name","NATIVE_DISPLAY_ONLY","ALWAYS_NULL","","",""
514,"Supplier Detail","SUPPLIER-DETAIL",100,"P514_PARENTGROUP","Parent Group","NATIVE_DISPLAY_ONLY","ALWAYS_NULL","","",""
514,"Supplier Detail","SUPPLIER-DETAIL",110,"P514_CONTACTPERSON","Contact Person","NATIVE_DISPLAY_ONLY","ALWAYS_NULL","","",""
514,"Supplier Detail","SUPPLIER-DETAIL",120,"P514_CONTACTNO","Contact No","NATIVE_DISPLAY_ONLY","ALWAYS_NULL","","",""
514,"Supplier Detail","SUPPLIER-DETAIL",130,"P514_OFFICEADDRESS","Office Address","NATIVE_DISPLAY_ONLY","ALWAYS_NULL","","",""
514,"Supplier Detail","SUPPLIER-DETAIL",140,"P514_WORKSADDRESS","Works Address","NATIVE_DISPLAY_ONLY","ALWAYS_NULL","","",""
514,"Supplier Detail","SUPPLIER-DETAIL",150,"P514_OFFICECITY","Office City","NATIVE_DISPLAY_ONLY","ALWAYS_NULL","","",""
514,"Supplier Detail","SUPPLIER-DETAIL",160,"P514_OFFICESTATE","Office State","NATIVE_DISPLAY_ONLY","ALWAYS_NULL","","",""
514,"Supplier Detail","SUPPLIER-DETAIL",170,"P514_WORKSCITY","Works City","NATIVE_DISPLAY_ONLY","ALWAYS_NULL","","",""
514,"Supplier Detail","SUPPLIER-DETAIL",180,"P514_WORKSSTATE","Works State","NATIVE_DISPLAY_ONLY","ALWAYS_NULL","","",""
514,"Supplier Detail","SUPPLIER-DETAIL",190,"P514_OFFICEPINCODE","Office Pin Code","NATIVE_DISPLAY_ONLY","ALWAYS_NULL","","",""
514,"Supplier Detail","SUPPLIER-DETAIL",200,"P514_OFFICEPHONENO","Office Phone No","NATIVE_DISPLAY_ONLY","ALWAYS_NULL","","",""
514,"Supplier Detail","SUPPLIER-DETAIL",210,"P514_WORKSPINCODE","Works  Pin Code","NATIVE_DISPLAY_ONLY","ALWAYS_NULL","","",""
514,"Supplier Detail","SUPPLIER-DETAIL",220,"P514_WORKSPHONENO","Works Phone No","NATIVE_DISPLAY_ONLY","ALWAYS_NULL","","",""
514,"Supplier Detail","SUPPLIER-DETAIL",230,"P514_OFFICEEMAIL","Office Email","NATIVE_DISPLAY_ONLY","ALWAYS_NULL","","",""
514,"Supplier Detail","SUPPLIER-DETAIL",240,"P514_WORKSEMAIL","Works Email","NATIVE_DISPLAY_ONLY","ALWAYS_NULL","","",""
514,"Supplier Detail","SUPPLIER-DETAIL",250,"P514_OWNERNAME","","NATIVE_HIDDEN","ALWAYS_NULL","","",""
515,"Supplier Dashboard","SUPPLIER-DASHBOARD",10,"P515_OUTSTANDINGAMOUNT","Outstanding Amount :","NATIVE_DISPLAY_ONLY","ALWAYS_NULL","","",""
515,"Supplier Dashboard","SUPPLIER-DASHBOARD",10,"P515_SUPPLIERNAME","New","NATIVE_DISPLAY_ONLY","ALWAYS_NULL","","",""
515,"Supplier Dashboard","SUPPLIER-DASHBOARD",20,"P515_IMAGE","Image","NATIVE_DISPLAY_IMAGE","ALWAYS_NULL","","",""
515,"Supplier Dashboard","SUPPLIER-DASHBOARD",20,"P515_OVERDUEAMOUNT","Overdue Amount :","NATIVE_DISPLAY_ONLY","ALWAYS_NULL","","",""
515,"Supplier Dashboard","SUPPLIER-DASHBOARD",20,"P515_SUPPLIERCODE","","NATIVE_HIDDEN","ALWAYS_NULL","","",""
515,"Supplier Dashboard","SUPPLIER-DASHBOARD",30,"P515_LASTRUN","","NATIVE_HIDDEN","QUERY","SELECT
     TO_CHAR(LASTRUNDATE,'DD-MM-YYYY HH:MI AM') LASTRUNDATE
FROM D_SUPPLIER_360VIEW","",""
515,"Supplier Dashboard","SUPPLIER-DASHBOARD",30,"P515_LEDGERBALANCE","Ledger Balance :","NATIVE_DISPLAY_ONLY","ALWAYS_NULL","","",""
515,"Supplier Dashboard","SUPPLIER-DASHBOARD",30,"P515_PARTYCODE","Code:","NATIVE_DISPLAY_ONLY","ALWAYS_NULL","","",""
515,"Supplier Dashboard","SUPPLIER-DASHBOARD",40,"P515_STATUS","Status :","NATIVE_DISPLAY_ONLY","ALWAYS_NULL","","",""
515,"Supplier Dashboard","SUPPLIER-DASHBOARD",40,"P515_TOTALRETURNVALUE","Return Value :","NATIVE_DISPLAY_ONLY","ALWAYS_NULL","","",""
515,"Supplier Dashboard","SUPPLIER-DASHBOARD",50,"P515_ADDRESS","Address :","NATIVE_DISPLAY_ONLY","ALWAYS_NULL","","",""
515,"Supplier Dashboard","SUPPLIER-DASHBOARD",50,"P515_TOTALDISCOUNTVALUE","Discount Value :","NATIVE_DISPLAY_ONLY","ALWAYS_NULL","","",""
515,"Supplier Dashboard","SUPPLIER-DASHBOARD",60,"P515_ACTIVEPO","Active PO :","NATIVE_DISPLAY_ONLY","ALWAYS_NULL","","",""
515,"Supplier Dashboard","SUPPLIER-DASHBOARD",60,"P515_PANNO","PAN No :","NATIVE_DISPLAY_ONLY","ALWAYS_NULL","","",""
515,"Supplier Dashboard","SUPPLIER-DASHBOARD",70,"P515_GSTNO","GST No :","NATIVE_DISPLAY_ONLY","ALWAYS_NULL","","",""
515,"Supplier Dashboard","SUPPLIER-DASHBOARD",70,"P515_ORDERCOMPLETED","Order Completed :","NATIVE_DISPLAY_ONLY","ALWAYS_NULL","","",""
515,"Supplier Dashboard","SUPPLIER-DASHBOARD",80,"P515_DELIVEREDONTIME","Delivered on Time :","NATIVE_DISPLAY_ONLY","ALWAYS_NULL","","",""
515,"Supplier Dashboard","SUPPLIER-DASHBOARD",90,"P515_PENDINGGRN","Pending GRN:","NATIVE_DISPLAY_ONLY","ALWAYS_NULL","","",""
522,"Customer Pending Orders","CUSTOMER-PENDING-ORDERS",10,"P522_CUSTOMERCODE","","NATIVE_HIDDEN","ALWAYS_NULL","","",""
522,"Customer Pending Orders","CUSTOMER-PENDING-ORDERS",20,"P522_ITEMCODE","","NATIVE_HIDDEN","ALWAYS_NULL","","",""
522,"Customer Pending Orders","CUSTOMER-PENDING-ORDERS",30,"P522_ITEMSPECIFICATIONCODE","","NATIVE_HIDDEN","ALWAYS_NULL","","",""
524,"Customer Overdue Invoices","CUSTOMER-OVERDUE-INVOICES",10,"P524_CUSTOMERCODE","","NATIVE_HIDDEN","ALWAYS_NULL","","",""
525,"Customer Billed Invoices","CUSTOMER-BILLED-INVOICES",10,"P525_CUSTOMERCODE","","NATIVE_HIDDEN","ALWAYS_NULL","","",""
525,"Customer Billed Invoices","CUSTOMER-BILLED-INVOICES",20,"P525_MONTH","","NATIVE_HIDDEN","ALWAYS_NULL","","",""
525,"Customer Billed Invoices","CUSTOMER-BILLED-INVOICES",30,"P525_FROMAGE","","NATIVE_HIDDEN","ALWAYS_NULL","","",""
525,"Customer Billed Invoices","CUSTOMER-BILLED-INVOICES",40,"P525_TOAGE","","NATIVE_HIDDEN","ALWAYS_NULL","","",""
526,"Customer Active Invoices","CUSTOMER-ACTIVE-INVOICES",10,"P526_CUSTOMERCODE","","NATIVE_HIDDEN","ALWAYS_NULL","","",""
526,"Customer Active Invoices","CUSTOMER-ACTIVE-INVOICES",20,"P526_MONTH","","NATIVE_HIDDEN","ALWAYS_NULL","","",""
527,"Customer Inactive Invoices","CUSTOMER-INACTIVE-INVOICES",10,"P527_CUSTOMERCODE","","NATIVE_HIDDEN","ALWAYS_NULL","","",""
528,"Supplier Overdue Amount","SUPPLIER-OVERDUE-AMOUNT",10,"P528_SUPPLIERCODE","","NATIVE_HIDDEN","ALWAYS_NULL","","",""
528,"Supplier Overdue Amount","SUPPLIER-OVERDUE-AMOUNT",20,"P528_MONTH","","NATIVE_HIDDEN","ALWAYS_NULL","","",""
528,"Supplier Overdue Amount","SUPPLIER-OVERDUE-AMOUNT",30,"P528_FROMAGE","","NATIVE_HIDDEN","ALWAYS_NULL","","",""
528,"Supplier Overdue Amount","SUPPLIER-OVERDUE-AMOUNT",40,"P528_TOAGE","","NATIVE_HIDDEN","ALWAYS_NULL","","",""
529,"Supplier Outstanding Amount","SUPPLIER-OUTSTANDING-AMOUNT",10,"P529_SUPPLIERCODE","","NATIVE_HIDDEN","ALWAYS_NULL","","",""
529,"Supplier Outstanding Amount","SUPPLIER-OUTSTANDING-AMOUNT",20,"P529_MONTH","","NATIVE_HIDDEN","ALWAYS_NULL","","",""
529,"Supplier Outstanding Amount","SUPPLIER-OUTSTANDING-AMOUNT",30,"P529_FROMAGE","","NATIVE_HIDDEN","ALWAYS_NULL","","",""
529,"Supplier Outstanding Amount","SUPPLIER-OUTSTANDING-AMOUNT",40,"P529_TOAGE","","NATIVE_HIDDEN","ALWAYS_NULL","","",""
530,"Supplier Active PO","SUPPLIER-ACTIVE-PO",10,"P530_SUPPLIERCODE","","NATIVE_HIDDEN","ALWAYS_NULL","","",""
531,"Supplier Pending for GRN","SUPPLIER-PENDING-FOR-GRN",10,"P531_SUPPLIERCODE","","NATIVE_HIDDEN","ALWAYS_NULL","","",""
532,"Supplier Orders Completed","SUPPLIER-ORDERS-COMPLETED",10,"P532_SUPPLIERCODE","","NATIVE_HIDDEN","ALWAYS_NULL","","",""
533,"Supplier Orders Delivered on Time","SUPPLIER-ORDERS-DELIVERED-ON-TIME",10,"P533_SUPPLIERCODE","","NATIVE_HIDDEN","ALWAYS_NULL","","",""
536,"Product Stock Group by Storage Location","PRODUCT-STOCK-GROUP-BY-STORAGE-LOCATION",10,"P536_PARTYCODE","","NATIVE_HIDDEN","ALWAYS_NULL","","",""
536,"Product Stock Group by Storage Location","PRODUCT-STOCK-GROUP-BY-STORAGE-LOCATION",20,"P536_MONTH","","NATIVE_HIDDEN","ALWAYS_NULL","","",""
536,"Product Stock Group by Storage Location","PRODUCT-STOCK-GROUP-BY-STORAGE-LOCATION",30,"P536_FROMAGE","","NATIVE_HIDDEN","ALWAYS_NULL","","",""
536,"Product Stock Group by Storage Location","PRODUCT-STOCK-GROUP-BY-STORAGE-LOCATION",40,"P536_TOAGE","","NATIVE_HIDDEN","ALWAYS_NULL","","",""
536,"Product Stock Group by Storage Location","PRODUCT-STOCK-GROUP-BY-STORAGE-LOCATION",50,"P536_ITEMCODE","","NATIVE_HIDDEN","ALWAYS_NULL","","",""
536,"Product Stock Group by Storage Location","PRODUCT-STOCK-GROUP-BY-STORAGE-LOCATION",60,"P536_ITEMSPECIFICATIONCODE","","NATIVE_HIDDEN","ALWAYS_NULL","","",""
537,"Product Pipeline Stock group by Module","PRODUCT-PIPELINE-STOCK-GROUP-BY-MODULE",10,"P537_PARTYCODE","","NATIVE_HIDDEN","ALWAYS_NULL","","",""
537,"Product Pipeline Stock group by Module","PRODUCT-PIPELINE-STOCK-GROUP-BY-MODULE",20,"P537_MONTH","","NATIVE_HIDDEN","ALWAYS_NULL","","",""
537,"Product Pipeline Stock group by Module","PRODUCT-PIPELINE-STOCK-GROUP-BY-MODULE",30,"P537_FROMAGE","","NATIVE_HIDDEN","ALWAYS_NULL","","",""
537,"Product Pipeline Stock group by Module","PRODUCT-PIPELINE-STOCK-GROUP-BY-MODULE",40,"P537_TOAGE","","NATIVE_HIDDEN","ALWAYS_NULL","","",""
537,"Product Pipeline Stock group by Module","PRODUCT-PIPELINE-STOCK-GROUP-BY-MODULE",50,"P537_ITEMCODE","","NATIVE_HIDDEN","ALWAYS_NULL","","",""
537,"Product Pipeline Stock group by Module","PRODUCT-PIPELINE-STOCK-GROUP-BY-MODULE",60,"P537_ITEMSPECIFICATIONCODE","","NATIVE_HIDDEN","ALWAYS_NULL","","",""
538,"Product Stock Storage Location wise","PRODUCT-STOCK-STORAGE-LOCATION-WISE",10,"P538_PARTYCODE","","NATIVE_HIDDEN","ALWAYS_NULL","","",""
538,"Product Stock Storage Location wise","PRODUCT-STOCK-STORAGE-LOCATION-WISE",20,"P538_MONTH","","NATIVE_HIDDEN","ALWAYS_NULL","","",""
538,"Product Stock Storage Location wise","PRODUCT-STOCK-STORAGE-LOCATION-WISE",30,"P538_FROMAGE","","NATIVE_HIDDEN","ALWAYS_NULL","","",""
538,"Product Stock Storage Location wise","PRODUCT-STOCK-STORAGE-LOCATION-WISE",40,"P538_TOAGE","","NATIVE_HIDDEN","ALWAYS_NULL","","",""
538,"Product Stock Storage Location wise","PRODUCT-STOCK-STORAGE-LOCATION-WISE",50,"P538_ITEMCODE","","NATIVE_HIDDEN","ALWAYS_NULL","","",""
538,"Product Stock Storage Location wise","PRODUCT-STOCK-STORAGE-LOCATION-WISE",60,"P538_ITEMSPECIFICATIONCODE","","NATIVE_HIDDEN","ALWAYS_NULL","","",""
538,"Product Stock Storage Location wise","PRODUCT-STOCK-STORAGE-LOCATION-WISE",70,"P538_STORAGELOCATION","","NATIVE_HIDDEN","ALWAYS_NULL","","",""
541,"Customer Billed Invoices","CUSTOMER-BILLED-INVOICES1",10,"P541_CUSTOMERCODE","","NATIVE_HIDDEN","ALWAYS_NULL","","",""
541,"Customer Billed Invoices","CUSTOMER-BILLED-INVOICES1",20,"P541_MONTH","","NATIVE_HIDDEN","ALWAYS_NULL","","",""
541,"Customer Billed Invoices","CUSTOMER-BILLED-INVOICES1",30,"P541_FROMAGE","","NATIVE_HIDDEN","ALWAYS_NULL","","",""
541,"Customer Billed Invoices","CUSTOMER-BILLED-INVOICES1",40,"P541_TOAGE","","NATIVE_HIDDEN","ALWAYS_NULL","","",""
542,"Supplier Active Purchase Bill Pass","SUPPLIER-ACTIVE-PURCHASE-BILL-PASS",10,"P542_SUPPLIERCODE","","NATIVE_HIDDEN","ALWAYS_NULL","","",""
542,"Supplier Active Purchase Bill Pass","SUPPLIER-ACTIVE-PURCHASE-BILL-PASS",20,"P542_MONTH","","NATIVE_HIDDEN","ALWAYS_NULL","","",""
542,"Supplier Active Purchase Bill Pass","SUPPLIER-ACTIVE-PURCHASE-BILL-PASS",30,"P542_FROMAGE","","NATIVE_HIDDEN","ALWAYS_NULL","","",""
542,"Supplier Active Purchase Bill Pass","SUPPLIER-ACTIVE-PURCHASE-BILL-PASS",40,"P542_TOAGE","","NATIVE_HIDDEN","ALWAYS_NULL","","",""
543,"Supplier Active PO","SUPPLIER-ACTIVE-PO1",10,"P543_SUPPLIERCODE","","NATIVE_HIDDEN","ALWAYS_NULL","","",""
724,"Vehicle 360","VEHICLE-360",10,"P724_VEHICLE","","NATIVE_HIDDEN","ALWAYS_NULL","","",""
725,"Category 360","CATEGORY-360",10,"P725_CATEGORY","","NATIVE_HIDDEN","ALWAYS_NULL","","",""
726,"Item Sales Analysis","ITEM-SALES-ANALYSIS",10,"P726_ITEMCODE","","NATIVE_HIDDEN","ALWAYS_NULL","","",""
906,"Location Profitability","LOCATION-PROFITABILITY",10,"P906_FROMDATE","From Date","NATIVE_DATE_PICKER_APEX","ALWAYS_NULL","","Select to_char(FinancialYearBegin,'DD-MM-RRRR')
  From FinancialYear
 Where trunc(sysdate) Between FinancialYearBegin And FinancialYearEnd
   And rownum = 1","SQL_QUERY"
906,"Location Profitability","LOCATION-PROFITABILITY",20,"P906_TODATE","To Date","NATIVE_DATE_PICKER_APEX","ALWAYS_NULL","","Select to_char(trunc(sysdate),'DD-MM-RRRR') From dual","SQL_QUERY"
906,"Location Profitability","LOCATION-PROFITABILITY",30,"P906_COMPANY","Company","NATIVE_SELECT_LIST","ALWAYS_NULL","","",""
908,"Party-wise Outstanding","AR-PARTY-OUTSTANDING",10,"P908_FROMDATE","From Date","NATIVE_DATE_PICKER_APEX","ALWAYS_NULL","","Select to_char(FinancialYearBegin,'DD-MM-RRRR')
  From FinancialYear
 Where trunc(sysdate) Between FinancialYearBegin And FinancialYearEnd
   And rownum = 1","SQL_QUERY"
908,"Party-wise Outstanding","AR-PARTY-OUTSTANDING",20,"P908_TODATE","To Date / As-of","NATIVE_DATE_PICKER_APEX","ALWAYS_NULL","","Select to_char(trunc(sysdate),'DD-MM-RRRR') From dual","SQL_QUERY"
908,"Party-wise Outstanding","AR-PARTY-OUTSTANDING",30,"P908_COMPANY","Company","NATIVE_SELECT_LIST","ALWAYS_NULL","","",""
908,"Party-wise Outstanding","AR-PARTY-OUTSTANDING",40,"P908_LOCATION","Location","NATIVE_SELECT_LIST","ALWAYS_NULL","","",""
908,"Party-wise Outstanding","AR-PARTY-OUTSTANDING",60,"P908_AGEBASIS","","NATIVE_HIDDEN","ALWAYS_NULL","","DUE","STATIC_TEXT_WITH_SUBSTITUTIONS"
908,"Party-wise Outstanding","AR-PARTY-OUTSTANDING",70,"P908_FOCUS","","NATIVE_HIDDEN","ALWAYS_NULL","","ALL","STATIC_TEXT_WITH_SUBSTITUTIONS"
909,"Bill-wise Outstanding","AR-OPEN-ITEMS",10,"P909_FROMDATE","From Date","NATIVE_DATE_PICKER_APEX","ALWAYS_NULL","","Select to_char(FinancialYearBegin,'DD-MM-RRRR')
  From FinancialYear
 Where trunc(sysdate) Between FinancialYearBegin And FinancialYearEnd
   And rownum = 1","SQL_QUERY"
909,"Bill-wise Outstanding","AR-OPEN-ITEMS",20,"P909_TODATE","To Date / As-of","NATIVE_DATE_PICKER_APEX","ALWAYS_NULL","","Select to_char(trunc(sysdate),'DD-MM-RRRR') From dual","SQL_QUERY"
909,"Bill-wise Outstanding","AR-OPEN-ITEMS",30,"P909_COMPANY","Company","NATIVE_SELECT_LIST","ALWAYS_NULL","","",""
909,"Bill-wise Outstanding","AR-OPEN-ITEMS",40,"P909_LOCATION","Location","NATIVE_SELECT_LIST","ALWAYS_NULL","","",""
909,"Bill-wise Outstanding","AR-OPEN-ITEMS",60,"P909_BUCKET","Show","NATIVE_SELECT_LIST","ALWAYS_NULL","","ALL","STATIC_TEXT_WITH_SUBSTITUTIONS"
909,"Bill-wise Outstanding","AR-OPEN-ITEMS",70,"P909_AGEBASIS","","NATIVE_HIDDEN","ALWAYS_NULL","","DUE","STATIC_TEXT_WITH_SUBSTITUTIONS"
921,"Vendor-wise Payable","AP-VENDOR-OUTSTANDING",10,"P921_FROMDATE","From Date","NATIVE_DATE_PICKER_APEX","ALWAYS_NULL","","Select to_char(FinancialYearBegin,'DD-MM-RRRR')
  From FinancialYear
 Where trunc(sysdate) Between FinancialYearBegin And FinancialYearEnd
   And rownum = 1","SQL_QUERY"
921,"Vendor-wise Payable","AP-VENDOR-OUTSTANDING",20,"P921_TODATE","To Date / As-of","NATIVE_DATE_PICKER_APEX","ALWAYS_NULL","","Select to_char(trunc(sysdate),'DD-MM-RRRR') From dual","SQL_QUERY"
921,"Vendor-wise Payable","AP-VENDOR-OUTSTANDING",30,"P921_COMPANY","Company","NATIVE_SELECT_LIST","ALWAYS_NULL","","",""
921,"Vendor-wise Payable","AP-VENDOR-OUTSTANDING",40,"P921_LOCATION","Location","NATIVE_SELECT_LIST","ALWAYS_NULL","","",""
921,"Vendor-wise Payable","AP-VENDOR-OUTSTANDING",60,"P921_AGEBASIS","","NATIVE_HIDDEN","ALWAYS_NULL","","DUE","STATIC_TEXT_WITH_SUBSTITUTIONS"
921,"Vendor-wise Payable","AP-VENDOR-OUTSTANDING",70,"P921_FOCUS","","NATIVE_HIDDEN","ALWAYS_NULL","","ALL","STATIC_TEXT_WITH_SUBSTITUTIONS"
922,"Bill-wise Payable","AP-OPEN-ITEMS",10,"P922_FROMDATE","From Date","NATIVE_DATE_PICKER_APEX","ALWAYS_NULL","","Select to_char(FinancialYearBegin,'DD-MM-RRRR')
  From FinancialYear
 Where trunc(sysdate) Between FinancialYearBegin And FinancialYearEnd
   And rownum = 1","SQL_QUERY"
922,"Bill-wise Payable","AP-OPEN-ITEMS",20,"P922_TODATE","To Date / As-of","NATIVE_DATE_PICKER_APEX","ALWAYS_NULL","","Select to_char(trunc(sysdate),'DD-MM-RRRR') From dual","SQL_QUERY"
922,"Bill-wise Payable","AP-OPEN-ITEMS",30,"P922_COMPANY","Company","NATIVE_SELECT_LIST","ALWAYS_NULL","","",""
922,"Bill-wise Payable","AP-OPEN-ITEMS",40,"P922_LOCATION","Location","NATIVE_SELECT_LIST","ALWAYS_NULL","","",""
922,"Bill-wise Payable","AP-OPEN-ITEMS",60,"P922_BUCKET","Show","NATIVE_SELECT_LIST","ALWAYS_NULL","","ALL","STATIC_TEXT_WITH_SUBSTITUTIONS"
922,"Bill-wise Payable","AP-OPEN-ITEMS",70,"P922_AGEBASIS","","NATIVE_HIDDEN","ALWAYS_NULL","","DUE","STATIC_TEXT_WITH_SUBSTITUTIONS"
923,"Creditor 360","CREDITOR-360",10,"P923_PARTY","Vendor","NATIVE_SELECT_LIST","ALWAYS_NULL","","",""
923,"Creditor 360","CREDITOR-360",20,"P923_FROMDATE","From Date","NATIVE_DATE_PICKER_APEX","ALWAYS_NULL","","Select to_char(FinancialYearBegin,'DD-MM-RRRR')
  From FinancialYear
 Where trunc(sysdate) Between FinancialYearBegin And FinancialYearEnd
   And rownum = 1","SQL_QUERY"
923,"Creditor 360","CREDITOR-360",30,"P923_TODATE","To Date / As-of","NATIVE_DATE_PICKER_APEX","ALWAYS_NULL","","Select to_char(trunc(sysdate),'DD-MM-RRRR') From dual","SQL_QUERY"
923,"Creditor 360","CREDITOR-360",40,"P923_COMPANY","Company","NATIVE_SELECT_LIST","ALWAYS_NULL","","",""
923,"Creditor 360","CREDITOR-360",50,"P923_LOCATION","Location","NATIVE_SELECT_LIST","ALWAYS_NULL","","",""
923,"Creditor 360","CREDITOR-360",70,"P923_AGEBASIS","","NATIVE_HIDDEN","ALWAYS_NULL","","DUE","STATIC_TEXT_WITH_SUBSTITUTIONS"
935,"Supplier 360","SUPPLIER-360",10,"P935_COMPANY","Company","NATIVE_POPUP_LOV","ALWAYS_NULL","","",""
935,"Supplier 360","SUPPLIER-360",20,"P935_LOCATION","Location","NATIVE_POPUP_LOV","ALWAYS_NULL","","",""
935,"Supplier 360","SUPPLIER-360",30,"P935_FROMDATE","From Date","NATIVE_DATE_PICKER_APEX","ALWAYS_NULL","","Select to_char(FinancialYearBegin,'DD-MM-RRRR')
  From FinancialYear
 Where trunc(sysdate) Between FinancialYearBegin And FinancialYearEnd
   And rownum = 1","SQL_QUERY"
935,"Supplier 360","SUPPLIER-360",40,"P935_TODATE","To Date","NATIVE_DATE_PICKER_APEX","ALWAYS_NULL","","to_char(trunc(sysdate),'DD-MM-RRRR')","EXPRESSION"
935,"Supplier 360","SUPPLIER-360",50,"P935_SUPPLIER","Supplier","NATIVE_POPUP_LOV","ALWAYS_NULL","","",""
935,"Supplier 360","SUPPLIER-360",60,"P935_PANEL","","NATIVE_HIDDEN","ALWAYS_NULL","","",""
936,"Item 360","ITEM-360",10,"P936_COMPANY","Company","NATIVE_POPUP_LOV","ALWAYS_NULL","","",""
936,"Item 360","ITEM-360",20,"P936_LOCATION","Location","NATIVE_POPUP_LOV","ALWAYS_NULL","","",""
936,"Item 360","ITEM-360",30,"P936_FROMDATE","From Date","NATIVE_DATE_PICKER_APEX","ALWAYS_NULL","","Select to_char(FinancialYearBegin,'DD-MM-RRRR')
  From FinancialYear
 Where trunc(sysdate) Between FinancialYearBegin And FinancialYearEnd
   And rownum = 1","SQL_QUERY"
936,"Item 360","ITEM-360",40,"P936_TODATE","To Date","NATIVE_DATE_PICKER_APEX","ALWAYS_NULL","","to_char(trunc(sysdate),'DD-MM-RRRR')","EXPRESSION"
936,"Item 360","ITEM-360",50,"P936_ITEMCODE","Item","NATIVE_POPUP_LOV","ALWAYS_NULL","","",""
936,"Item 360","ITEM-360",60,"P936_UOM","Unit","NATIVE_POPUP_LOV","ALWAYS_NULL","","",""
936,"Item 360","ITEM-360",70,"P936_SPEC","Specification","NATIVE_POPUP_LOV","ALWAYS_NULL","","",""
936,"Item 360","ITEM-360",80,"P936_SUPPLIER","Supplier","NATIVE_POPUP_LOV","ALWAYS_NULL","","",""
936,"Item 360","ITEM-360",90,"P936_PANEL","","NATIVE_HIDDEN","ALWAYS_NULL","","",""
937,"Purchase Bill 360","PURCHASE-BILL-360",10,"P937_COMPANY","Company","NATIVE_POPUP_LOV","ALWAYS_NULL","","",""
937,"Purchase Bill 360","PURCHASE-BILL-360",20,"P937_LOCATION","Location","NATIVE_POPUP_LOV","ALWAYS_NULL","","",""
937,"Purchase Bill 360","PURCHASE-BILL-360",30,"P937_FROMDATE","From Date","NATIVE_DATE_PICKER_APEX","ALWAYS_NULL","","Select to_char(FinancialYearBegin,'DD-MM-RRRR')
  From FinancialYear
 Where trunc(sysdate) Between FinancialYearBegin And FinancialYearEnd
   And rownum = 1","SQL_QUERY"
937,"Purchase Bill 360","PURCHASE-BILL-360",40,"P937_TODATE","To Date","NATIVE_DATE_PICKER_APEX","ALWAYS_NULL","","to_char(trunc(sysdate),'DD-MM-RRRR')","EXPRESSION"
937,"Purchase Bill 360","PURCHASE-BILL-360",50,"P937_TNO","Purchase Bill","NATIVE_POPUP_LOV","ALWAYS_NULL","","",""
937,"Purchase Bill 360","PURCHASE-BILL-360",60,"P937_SUPPLIER","Supplier","NATIVE_POPUP_LOV","ALWAYS_NULL","","",""
939,"Purchase Order 360","PURCHASE-ORDER-360",10,"P939_TNO","","NATIVE_HIDDEN","ALWAYS_NULL","","",""
