"PAGE_ID","PAGE_NAME","PROCESS_SEQUENCE","PROCESS_POINT","PROCESS_TYPE","PROCESS_NAME","PROCESS_SOURCE_01","PROCESS_SOURCE_02","PROCESS_SOURCE_03"
511,"D Customer Dashboard",10,"BEFORE_BOX_BODY","NATIVE_PLSQL","Fetch Customer Detail","Select
          a.PartyCode,
          a.PartyName,
          dsd.DocumentStatusCode,
          a.OfficeAddress1||''||a.OfficeAddress2||''||GetCityName(a.OfficeCityCode)||', '||GetStateName(a.OfficeStateCode) ,
          GetPartyAttributeValue(a.PartyCode,'PANNO'),
          GetPartyAttributeValue(a.PartyCode,'GSTINNO')
          into :P511_PARTYCODE,:P511_CUSTOMERNAME,:P511_STATUS,:P511_ADDRESS, :P511_PANNO,:P511_GSTNO
    From  Party a, DocumentStatusDetail dsd
    Where PartyCode = :P511_CUSTOMERCODE
      and dsd.modulecode='PARTY'
      and a.TNo = dsd.ModuleTNo(+)
;

Select
      nvl(a.CreditDays,0),
      nvl(a.CreditAmount,0),
      Case When round(sum(b.TotalAmount),2) > nvl(a.CreditAmount,0) then round(sum(b.TotalAmount),2) - nvl(a.CreditAmount,0)||' (Over)'
           else round(sum(b.TotalAmount),2) - nvl(a.CreditAmount,0)||' (Under)'
      end OverUnder
      into
      :P511_CREDITDAYS,
      :P511_CREDITLIMIT,
      :P511_OVERUNDER
From  Party a, D_CUSTOMER_360VIEW_INVOICE b
Where a.PartyCode = :P511_CUSTOMERCODE
  and a.PartyCode = b.PartyCode(+)
Group by a.CreditDays,
      a.CreditAmount
;

Select
      round(nvl(a.LEDGERBALANCE,0),2),
      round(nvl(a.PENDINGORDERS,0),2)
      into
      :P511_LEDGERBALANCE,
      :P511_PENDINGORDER
From  D_CUSTOMER_360VIEW a, PARTY B
Where b.partycode = a.customerCode(+)
  and b.PARTYCODE = :P511_CUSTOMERCODE
;

Select
      round(nvl(sum(TOTALAMOUNT),0),2) into :P511_UNPOSTEDINVOICE
From  D_CUSTOMER_360VIEW_INACTIVEINVOICE a, Party b
Where b.partycode = a.partycode(+)
  and b.PartyCode = :P511_CUSTOMERCODE
;

Select
      round(nvl(sum(TOTALAMOUNT),0),2) into :P511_UNPAIDINVOICE
From  D_CUSTOMER_360VIEW_PENDINGINVOICE a, party b
Where b.partycode = a.partycode(+)
  and b.PartyCode = :P511_CUSTOMERCODE
;
","",""
512,"Customer  Detail",10,"BEFORE_BOX_BODY","NATIVE_PLSQL","Fetch Customer Detail","Select
      a.TNo,
      a.PartyCode,
      a.PartyName,
      a.PartyTypeCode,
      a.PrintName,
      a.PartyShortName,
      GetPartyName(a.ParentCode) as ParentGroup,
      a.OfficeAddress1||''||a.OfficeAddress2 as OfficeAddress,
      GetCityName(a.OfficeCityCode) as OfficeCity,
      GetStateName(a.OfficeStateCode) as OfficeState,
      a.OfficePinCode,
      a.OfficePhoneNo,
      a.OfficeEmail,
      a.WorksAddress1||''||a.WorksAddress2 as WorksAddress,
      GetCityName(a.WorksCityCode) as WorksCity,
      GetStateName(a.WorksStateCode) as WorksState,
      a.WorksPinCode,
      a.WorksPhoneNo,
      a.WorksEmail,
      GetPartyAttributeValue(a.PartyCode,'GSTINNO') as GSTNO,
      GetPartyAttributeValue(a.PartyCode,'PANNO') as PANNO,
      a.ContactPerson,
      a.ContactNo,
      a.OwnerName
      into
      :P512_TNO,
      :P512_PARTYCODE,
      :P512_PARTYNAME,
      :P512_PARTYTYPECODE,
      :P512_PRINTNAME,
      :P512_PARTYSHORTNAME,
      :P512_PARENTGROUP,
      :P512_OFFICEADDRESS,
      :P512_OFFICECITY,
      :P512_OFFICESTATE,
      :P512_OFFICEPINCODE,
      :P512_OFFICEPHONENO,
      :P512_OFFICEEMAIL,
      :P512_WORKSADDRESS,
      :P512_WORKSCITY,
      :P512_WORKSSTATE,
      :P512_WORKSPINCODE,
      :P512_WORKSPHONENO,
      :P512_WORKSEMAIL,
      :P512_GSTNO,
      :P512_PANNO,
      :P512_CONTACTPERSON,
      :P512_CONTACTNO,
      :P512_OWNERNAME
From  Party a
Where a.PartyCode = :P512_PARTYCODE;","",""
514,"Supplier Detail",10,"BEFORE_BOX_BODY","NATIVE_PLSQL","Fetch Supplier Detail","Select
      a.TNo,
      a.PartyCode,
      a.PartyName,
      a.PartyTypeCode,
      a.PrintName,
      a.PartyShortName,
      GetPartyName(a.ParentCode) as ParentGroup,
      a.OfficeAddress1||''||a.OfficeAddress2 as OfficeAddress,
      GetCityName(a.OfficeCityCode) as OfficeCity,
      GetStateName(a.OfficeStateCode) as OfficeState,
      a.OfficePinCode,
      a.OfficePhoneNo,
      a.OfficeEmail,
      a.WorksAddress1||''||a.WorksAddress2 as WorksAddress,
      GetCityName(a.WorksCityCode) as WorksCity,
      GetStateName(a.WorksStateCode) as WorksState,
      a.WorksPinCode,
      a.WorksPhoneNo,
      a.WorksEmail,
      GetPartyAttributeValue(a.PartyCode,'GSTINNO') as GSTNO,
      GetPartyAttributeValue(a.PartyCode,'PANNO') as PANNO,
      a.ContactPerson,
      a.ContactNo,
      a.OwnerName
      into
      :P514_TNO,
      :P514_PARTYCODE,
      :P514_PARTYNAME,
      :P514_PARTYTYPECODE,
      :P514_PRINTNAME,
      :P514_PARTYSHORTNAME,
      :P514_PARENTGROUP,
      :P514_OFFICEADDRESS,
      :P514_OFFICECITY,
      :P514_OFFICESTATE,
      :P514_OFFICEPINCODE,
      :P514_OFFICEPHONENO,
      :P514_OFFICEEMAIL,
      :P514_WORKSADDRESS,
      :P514_WORKSCITY,
      :P514_WORKSSTATE,
      :P514_WORKSPINCODE,
      :P514_WORKSPHONENO,
      :P514_WORKSEMAIL,
      :P514_GSTNO,
      :P514_PANNO,
      :P514_CONTACTPERSON,
      :P514_CONTACTNO,
      :P514_OWNERNAME
From  Party a
Where a.PartyCode = :P514_SUPPLIERCODE;","",""
515,"Supplier Dashboard",10,"BEFORE_BOX_BODY","NATIVE_PLSQL","Fetch Supplier Detail","Select
          a.PartyCode,
          a.PartyName,
          dsd.DocumentStatusCode,
          a.OfficeAddress1||''||a.OfficeAddress2||''||GetCityName(a.OfficeCityCode)||', '||GetStateName(a.OfficeStateCode) ,
          GetPartyAttributeValue(a.PartyCode,'PANNO'),
          GetPartyAttributeValue(a.PartyCode,'GSTINNO')
          into :P515_PARTYCODE,:P515_SUPPLIERNAME,:P515_STATUS,:P515_ADDRESS, :P515_PANNO,:P515_GSTNO
    From  Party a, DocumentStatusDetail dsd
    Where PartyCode = :P515_SUPPLIERCODE
      and a.TNo = dsd.ModuleTNo(+)
;

Select
      nvl(OutStandingAmount,0),
      nvl(OverdueAmount,0),
      nvl(ledgerBalance,0),
      nvl(TotalReturnValue,0),
      nvl(TotalDiscountValue,0),
      nvl(ActivePOValue,0),
      nvl(PendingForGRN,0),
      nvl(OrdersCompleted,0),
      nvl(OrdersDeliveredonTime,0)
      into
      :P515_OUTSTANDINGAMOUNT,
      :P515_OVERDUEAMOUNT,
      :P515_LEDGERBALANCE,
      :P515_TOTALRETURNVALUE,
      :P515_TOTALDISCOUNTVALUE,
      :P515_ACTIVEPO,
      :P515_PENDINGGRN,
      :P515_ORDERCOMPLETED,
      :P515_DELIVEREDONTIME
From  D_SUPPLIER_360VIEW
Where SupplierCode = :P515_SUPPLIERCODE
;","",""
906,"Location Profitability",10,"ON_SUBMIT_BEFORE_COMPUTATION","NATIVE_PLSQL","Download Location Profitability","/* The grid as a file, headed and styled like the Trial Balance download.
   The location is the plain name, not the on-screen anchor, and a blank
   percentage is empty rather than the &mdash; the screen shows - both
   were reaching the CSV as HTML. Styles inline, number format
   single-quoted so the style attribute survives. */
Declare
    Cursor cL Is
    With Carry As (Select v.Tno From Voucher v Where v.VoucherNo = 'OPENING'),
        Src As (
          Select p.PartyCode Acct,
                 Connect_By_Root p.NatureOfAccountCode RootNat,
                 regexp_substr(Sys_Connect_By_Path(p.PartyCode,'/'),'[^/]+',1,2) L2,
                 regexp_substr(Sys_Connect_By_Path(p.PartyCode,'/'),'[^/]+',1,3) Bucket
            From Party p Start With p.ParentCode Is Null
          Connect By Prior p.PartyCode = p.ParentCode),
        Mv As (
          Select d.LocationCode Loc, d.AccountCode Acct, Sum(nvl(d.Amount,0)) Amt
            From VoucherDetail d
           Where d.VoucherDate >= to_date(:P906_FROMDATE,'DD-MM-RRRR')
             And d.VoucherDate <  to_date(:P906_TODATE,'DD-MM-RRRR') + 1
             And d.Tno Not In (Select Tno From Carry)
             And (cast(null as varchar2(100)) Is Null Or cast(null as varchar2(100)) = cast(null as varchar2(100)))
             And (null   Is Null Or cast(null as varchar2(100))       = null)
             And (:P906_COMPANY Is Null Or d.CompanyCode = :P906_COMPANY)
           Group By d.LocationCode, d.AccountCode),
        B As (
          Select m.Loc,
                 Case When s.L2 = 'INCOME'       Or s.RootNat = 'INCOME'    Then 'REVENUE'
                      When s.Bucket = 'DIRECTCOST'                         Then 'DIRECT'
                      When s.Bucket = 'DEPRECIATION'                       Then 'DEPN'
                      When s.Bucket = '4892'                               Then 'FIN'
                      When s.Bucket = '7481'                               Then 'TAX'
                      When s.L2 = 'EXPENDITURES' Or s.RootNat = 'EXPENSES' Then 'OPEX'
                 End Bkt, m.Amt
            From Mv m Join Src s On s.Acct = m.Acct),
        P As (
          Select Loc,
                 nvl(Sum(Case When Bkt='REVENUE' Then Amt End),0) Rev,
                 nvl(Sum(Case When Bkt='DIRECT'  Then Amt End),0) Dir,
                 nvl(Sum(Case When Bkt='OPEX'    Then Amt End),0) Opx,
                 nvl(Sum(Case When Bkt='DEPN'    Then Amt End),0) Dep,
                 nvl(Sum(Case When Bkt='FIN'     Then Amt End),0) Fin,
                 nvl(Sum(Case When Bkt='TAX'     Then Amt End),0) Tax
            From B Where Bkt Is Not Null Group By Loc),
        /* the Total row is computed from the same set, not by adding up
           the printed rows - rounding to two decimals eleven times over
           would not foot */
        R As (
          Select 1 Ord, p.Loc, nvl(l.LocationName, nvl(p.Loc,'(no location)')) Nm,
                 p.Rev, p.Dir, p.Opx, p.Dep, p.Fin, p.Tax
            From P p Left Join Location l On l.LocationCode = p.Loc
          Union All
          Select 2, Cast(Null As Varchar2(30)), 'TOTAL',
                 Sum(Rev), Sum(Dir), Sum(Opx), Sum(Dep), Sum(Fin), Sum(Tax)
            From P)
    Select r.Ord, r.Loc, r.Nm, r.Rev, r.Dir, r.Opx, r.Dep, r.Fin, r.Tax
      From R r Order By r.Ord, r.Rev Desc;
    cB  Constant Varchar2(200) := 'font-family:Calibri,Arial,sans-serif;font-size:11pt;border:0.5pt solid #E3E8EF;';
    cT  Constant Varchar2(240) := cB || 'mso-number-format:''\@'';';
    cN  Constant Varchar2(240) := cB || 'mso-number-format:''\#\,\#\#0\.00'';text-align:right;';
    cH  Constant Varchar2(300) := cB || 'background:#1F2A3B;color:#FFFFFF;font-weight:bold;text-align:center;';
Begin
    owa_util.mime_header('application/vnd.ms-excel', FALSE);
    htp.p('Content-Disposition: attachment; filename=""location-profitability-'
          || t","o_char(sysdate,'YYYYMMDD-HH24MI') || '.xls""');
    owa_util.http_header_close();
    htp.prn('<html xmlns:x=""urn:schemas-microsoft-com:office:excel""><head>');
    htp.prn('<meta http-equiv=""Content-Type"" content=""text/html; charset=UTF-8""/>');
    htp.prn('<!--[if gte mso 9]><xml><x:ExcelWorkbook><x:ExcelWorksheets><x:ExcelWorksheet>'
            || '<x:Name>Location Profitability</x:Name><x:WorksheetOptions><x:Selected/>'
            || '<x:FreezePanes/><x:FrozenNoSplit/><x:SplitHorizontalPosition>4</x:SplitHorizontalPosition>'
            || '<x:TopRowBottomPane>4</x:TopRowBottomPane><x:ActivePane>2</x:ActivePane>'
            || '<x:Panes><x:Pane><x:Number>3</x:Number></x:Pane>'
            || '<x:Pane><x:Number>2</x:Number></x:Pane></x:Panes>'
            || '</x:WorksheetOptions></x:ExcelWorksheet></x:ExcelWorksheets></x:ExcelWorkbook></xml><![endif]-->');
    htp.prn('</head><body><table cellspacing=""0"">');
    htp.prn('<tr><td style=""font-family:Calibri,Arial,sans-serif;font-size:15pt;font-weight:bold;color:#1F2A3B;"" colspan=""12"">Location Profitability</td></tr>');
    htp.prn('<tr><td style=""font-family:Calibri,Arial,sans-serif;font-size:9pt;color:#4A5568;"" colspan=""12"">'
            || apex_escape.html(:P906_FROMDATE) || ' to ' || apex_escape.html(:P906_TODATE)
            || ' &middot; Rs Cr &middot; base currency (INR)</td></tr>');
    htp.prn('<tr><td colspan=""12""></td></tr>');
    htp.prn('<tr>'
            || '<th style=""' || cH || '"">Location</th>'
            || '<th style=""' || cH || '"">Revenue</th>'
            || '<th style=""' || cH || '"">Direct Cost</th>'
            || '<th style=""' || cH || '"">Contribution</th>'
            || '<th style=""' || cH || '"">Contr %</th>'
            || '<th style=""' || cH || '"">Operating Exp</th>'
            || '<th style=""' || cH || '"">EBITDA</th>'
            || '<th style=""' || cH || '"">EBITDA %</th>'
            || '<th style=""' || cH || '"">Depreciation</th>'
            || '<th style=""' || cH || '"">Finance Cost</th>'
            || '<th style=""' || cH || '"">PBT</th>'
            || '<th style=""' || cH || '"">PBT %</th>'
            || '</tr>');
    For r In cL Loop
        htp.prn('<tr>');
        htp.prn('<td style=""' || cT || '"">' || apex_escape.html(trim(r.Nm)) || '</td>');
        htp.prn('<td style=""' || cN || '"">' || to_char(Round(r.Rev/10000000,2),'FM99999990.00') || '</td>');
        htp.prn('<td style=""' || cN || '"">' || to_char(Round(-r.Dir/10000000,2),'FM99999990.00') || '</td>');
        htp.prn('<td style=""' || cN || '"">' || to_char(Round((r.Rev+r.Dir)/10000000,2),'FM99999990.00') || '</td>');
        htp.prn('<td style=""' || cN || '"">' || Case When (Case When r.Rev > 100000 And Abs((r.Rev+r.Dir)/r.Rev) < 10 Then Round((r.Rev+r.Dir)/r.Rev*100,1) End) Is Not Null Then to_char(Case When r.Rev > 100000 And Abs((r.Rev+r.Dir)/r.Rev) < 10 Then Round((r.Rev+r.Dir)/r.Rev*100,1) End,'FM9990.0') End || '</td>');
        htp.prn('<td style=""' || cN || '"">' || to_char(Round(-r.Opx/10000000,2),'FM99999990.00') || '</td>');
        htp.prn('<td style=""' || cN || '"">' || to_char(Round((r.Rev+r.Dir+r.Opx)/10000000,2),'FM99999990.00') || '</td>');
        htp.prn('<td style=""' || cN || '"">' || Case When (Case When r.Rev > 100000 And Abs((r.Rev+r.Dir+r.Opx)/r.Rev) < 10 Then Round((r.Rev+r.Dir+r.Opx)/r.Rev*100,1) End) Is Not Null Then to_char(Case When r.Rev > 100000 And Abs((r.Rev+r.Dir+r.Opx)/r.Rev) < 10 Then Round((r.Rev+r.Dir+r.Opx)/r.Rev*100,1) End,'FM9990.0') End || '</td>');
        htp.prn('<td style=""' || cN || '"">' || to_char(Round(-r.Dep/10000000,2),'FM99999990.00') || '</td>');
        htp.prn('<td style=""' || cN || '"">' || to_char(Round(-r.Fin/10000000,2),'FM99999990.00') || '</td>');
        htp.prn('<td style=""' || cN || '"">' || to_char(Round((r.Rev+r.Dir+r.Opx+r.Dep+r.Fin)/10000000,2),'FM99999990.00') || '</td>');
        htp.prn('<td style=""' || cN || '"">' || Cas","e When (Case When r.Rev > 100000 And Abs((r.Rev+r.Dir+r.Opx+r.Dep+r.Fin)/r.Rev) < 10 Then Round((r.Rev+r.Dir+r.Opx+r.Dep+r.Fin)/r.Rev*100,1) End) Is Not Null Then to_char(Case When r.Rev > 100000 And Abs((r.Rev+r.Dir+r.Opx+r.Dep+r.Fin)/r.Rev) < 10 Then Round((r.Rev+r.Dir+r.Opx+r.Dep+r.Fin)/r.Rev*100,1) End,'FM9990.0') End || '</td>');
        htp.prn('</tr>');
    End Loop;
    htp.prn('</table></body></html>');
    apex_application.stop_apex_engine;
End;"
923,"Creditor 360",10,"AFTER_SUBMIT","NATIVE_PLSQL","Download Supplier Statement Excel","/* A native SpreadsheetML statement.  Values come from the same
   AP voucher and allocation layer used by this Creditor 360 page. */
Declare
    lFrom        Date := to_date(:P923_FROMDATE,'DD-MM-RRRR');
    lTo          Date := to_date(:P923_TODATE,'DD-MM-RRRR');
    lParty       Varchar2(100) := :P923_PARTY;
    lPartyName   Varchar2(500);
    lOpening     Number := 0;
    lBills       Number := 0;
    lPayments    Number := 0;
    lClosing     Number := 0;
    lOpenBills   Number := 0;
    lAdvances    Number := 0;
    lOpenRows    Number := 0;
    lPaymentRows Number := 0;

    Procedure TextCell(pValue Varchar2, pStyle Varchar2 Default 'Text') Is
    Begin
        htp.prn('<Cell ss:StyleID=""'||pStyle||'""><Data ss:Type=""String"">'||apex_escape.html(nvl(pValue,''))||'</Data></Cell>');
    End;
    Procedure NumCell(pValue Number, pStyle Varchar2 Default 'Number') Is
    Begin
        htp.prn('<Cell ss:StyleID=""'||pStyle||'""><Data ss:Type=""Number"">');
        If pValue Is Not Null Then
            htp.prn(to_char(pValue,'FM9999999999999990D00','NLS_NUMERIC_CHARACTERS=''.,'''));
        End If;
        htp.prn('</Data></Cell>');
    End;
    Procedure BlankCells(pCount PLS_INTEGER, pStyle Varchar2 Default 'Text') Is
    Begin
        For i In 1..pCount Loop TextCell(null,pStyle); End Loop;
    End;
    Procedure SheetStart(pName Varchar2, pTitle Varchar2, pSpan PLS_INTEGER) Is
    Begin
        htp.prn('<Worksheet ss:Name=""'||apex_escape.html(pName)||'""><Table>');
        htp.prn('<Row ss:Height=""24""><Cell ss:StyleID=""Title"" ss:MergeAcross=""'||(pSpan-1)||'""><Data ss:Type=""String"">AMBIKAH PARBOILED PRODUCTS PRIVATE LIMITED</Data></Cell></Row>');
        htp.prn('<Row ss:Height=""20""><Cell ss:StyleID=""SubTitle"" ss:MergeAcross=""'||(pSpan-1)||'""><Data ss:Type=""String"">'||apex_escape.html(upper(pTitle))||'</Data></Cell></Row>');
        htp.prn('<Row><Cell ss:StyleID=""Context"" ss:MergeAcross=""'||(pSpan-1)||'""><Data ss:Type=""String"">'||apex_escape.html(lPartyName||'  |  Period: '||to_char(lFrom,'DD-MM-RRRR')||' to '||to_char(lTo,'DD-MM-RRRR')||'  |  Company: '||Case When :P923_COMPANY Is Null Then 'All' Else to_char(:P923_COMPANY) End)||'</Data></Cell></Row>');
    End;
    Procedure SheetEnd Is
    Begin
        htp.prn('</Table><WorksheetOptions xmlns=""urn:schemas-microsoft-com:office:excel""><FreezePanes/><FrozenNoSplit/><SplitHorizontal>4</SplitHorizontal><TopRowBottomPane>4</TopRowBottomPane><PageSetup><Layout x:Orientation=""Landscape""/></PageSetup><Print><FitWidth>1</FitWidth><FitHeight>0</FitHeight></Print></WorksheetOptions></Worksheet>');
    End;
Begin
    If lParty Is Null Then
        raise_application_error(-20001,'Select a vendor before downloading the supplier statement.');
    End If;
    Select nvl(Max(PartyName),lParty) Into lPartyName From Party Where PartyCode=lParty;

    With Asof As (Select lTo D From dual),
         Alc As (
           Select a.DrVoucherTno Tno,a.DrVoucherSno Sno,-Sum(a.Amount) Amt
             From DrCrAllocation a Join Voucher dv On dv.Tno=a.DrVoucherTno Join Voucher cv On cv.Tno=a.CrVoucherTno Cross Join Asof
            Where dv.VoucherDate<=Asof.D And cv.VoucherDate<=Asof.D Group By a.DrVoucherTno,a.DrVoucherSno
           Union All
           Select a.CrVoucherTno,a.CrVoucherSno,Sum(a.Amount)
             From DrCrAllocation a Join Voucher dv On dv.Tno=a.DrVoucherTno Join Voucher cv On cv.Tno=a.CrVoucherTno Cross Join Asof
            Where dv.VoucherDate<=Asof.D And cv.VoucherDate<=Asof.D Group By a.CrVoucherTno,a.CrVoucherSno),
         Al As (Select Tno,Sno,Sum(Amt) Amt From Alc Group By Tno,Sno)
    Select nvl(Sum(Case When d.VoucherDate<lFrom Then d.Amount Else 0 End),0),
           nvl(Sum(Case When d.VoucherDate>=lFrom And d.VoucherDate<lTo+1 And d.Amount>0 Then d.Amount Else 0 End),0),
           nvl(Sum(Case When d.VoucherDate>=lFrom And d.VoucherDate<lTo+1 And v.DocTypeCode In ('","PAYMENT','CASHPAYMENT','BANKPAYMENT') And d.Amount<0 Then -d.Amount Else 0 End),0),
           nvl(Sum(d.Amount),0),
           nvl(Sum(Greatest(d.Amount-nvl(al.Amt,0),0)),0),
           nvl(Sum(-Least(d.Amount-nvl(al.Amt,0),0)),0)
      Into lOpening,lBills,lPayments,lClosing,lOpenBills,lAdvances
      From VoucherDetail d Join Voucher v On v.Tno=d.Tno Left Join Al al On al.Tno=d.Tno And al.Sno=d.Sno
     Where d.AccountCode=lParty And d.VoucherDate<=lTo
       And (cast(null as varchar2(100)) Is Null Or cast(null as varchar2(100))=cast(null as varchar2(100)))
       And (null Is Null Or cast(null as varchar2(100))=null)
       And (:P923_COMPANY Is Null Or d.CompanyCode=:P923_COMPANY)
       And (:P923_LOCATION Is Null Or d.LocationCode=:P923_LOCATION);

    owa_util.mime_header('application/vnd.ms-excel',false);
    htp.p('Content-Disposition: attachment; filename=""supplier-statement-'||to_char(sysdate,'YYYYMMDD-HH24MISS')||'.xml""');
    owa_util.http_header_close();
    htp.prn('<?xml version=""1.0""?><Workbook xmlns=""urn:schemas-microsoft-com:office:spreadsheet"" xmlns:ss=""urn:schemas-microsoft-com:office:spreadsheet"" xmlns:x=""urn:schemas-microsoft-com:office:excel""><Styles><Style ss:ID=""Title""><Font ss:FontName=""Calibri"" ss:Size=""15"" ss:Bold=""1"" ss:Color=""#FFFFFF""/><Interior ss:Color=""#7C2D12"" ss:Pattern=""Solid""/></Style><Style ss:ID=""SubTitle""><Font ss:FontName=""Calibri"" ss:Size=""12"" ss:Bold=""1"" ss:Color=""#431407""/><Interior ss:Color=""#FDBA74"" ss:Pattern=""Solid""/></Style><Style ss:ID=""Context""><Font ss:FontName=""Calibri"" ss:Size=""9"" ss:Color=""#4A2A1A""/><Interior ss:Color=""#FFF7ED"" ss:Pattern=""Solid""/></Style><Style ss:ID=""Header""><Font ss:FontName=""Calibri"" ss:Bold=""1"" ss:Color=""#FFFFFF""/><Interior ss:Color=""#C2410C"" ss:Pattern=""Solid""/><Alignment ss:Horizontal=""Center""/></Style><Style ss:ID=""Text""><Font ss:FontName=""Calibri"" ss:Size=""10""/><Alignment ss:Vertical=""Top""/></Style><Style ss:ID=""Number""><Font ss:FontName=""Calibri"" ss:Size=""10""/><NumberFormat ss:Format=""#\\,##0.00""/><Alignment ss:Horizontal=""Right""/></Style><Style ss:ID=""Total""><Font ss:FontName=""Calibri"" ss:Size=""10"" ss:Bold=""1""/><Interior ss:Color=""#FFEDD5"" ss:Pattern=""Solid""/><NumberFormat ss:Format=""#\\,##0.00""/><Alignment ss:Horizontal=""Right""/></Style></Styles>');

    SheetStart('Summary','Supplier Statement of Account',6);
    htp.prn('<Row>'); TextCell('Particulars','Header'); TextCell('Amount (₹)','Header'); TextCell('Particulars','Header'); TextCell('Amount (₹)','Header'); TextCell('As-of Position','Header'); TextCell('Amount (₹)','Header'); htp.prn('</Row>');
    htp.prn('<Row>'); TextCell('Opening payable'); NumCell(lOpening); TextCell('Bills booked in period'); NumCell(lBills); TextCell('Open payable bills'); NumCell(lOpenBills); htp.prn('</Row>');
    htp.prn('<Row>'); TextCell('Payments in period'); NumCell(lPayments); TextCell('Closing payable'); NumCell(lClosing); TextCell('Vendor advances / debit'); NumCell(lAdvances); htp.prn('</Row>');
    htp.prn('<Row>'); TextCell('Statement basis','Total'); TextCell('Voucher + allocation ledger','Total'); TextCell('Confirmation','Total'); TextCell('Please reconcile within 7 days','Total'); TextCell('Balance type','Total'); TextCell(Case When lClosing>0 Then 'Payable' When lClosing<0 Then 'Advance / debit' Else 'Settled' End,'Total'); htp.prn('</Row>');
    SheetEnd;

    SheetStart('Ledger','Supplier Ledger',8);
    htp.prn('<Row>'); TextCell('Date','Header'); TextCell('Voucher','Header'); TextCell('Reference','Header'); TextCell('Document Type','Header'); TextCell('Narration','Header'); TextCell('Payment / Debit (₹)','Header'); TextCell('Bill / Credit (₹)','Header'); TextCell('Payable Balance (₹)','Header'); htp.prn('</Row>');
    htp.prn('<Row>'); TextCell(to_char(lFrom-1,'DD-MM-RRRR')); TextCell('OPENING'); TextCell(''); TextCell('Opening balance'); TextCell('Balance before selected period'); NumCell(Cas","e When lOpening<0 Then -lOpening End); NumCell(Case When lOpening>0 Then lOpening End); NumCell(abs(lOpening)); htp.prn('</Row>');
    Declare lRun Number:=lOpening; Begin
      For r In (Select d.VoucherDate,v.VoucherNo,coalesce(pb.PartyBillNo,ao.BillNo,v.VoucherNo) Reference,nvl(v.ModuleCode,v.DocTypeCode) SourceType,substr(d.Narration,1,300) Narration,Case When d.Amount<0 Then -d.Amount Else 0 End Debit,Case When d.Amount>0 Then d.Amount Else 0 End Credit From VoucherDetail d Join Voucher v On v.Tno=d.Tno Left Join PBPass pp On v.ModuleCode='PBPASS' And pp.Tno=v.ModuleTno Left Join PurchaseBill pb On pb.Tno=pp.PurchaseBillTno Left Join AccountOpening ao On v.VoucherNo='OPENING' And ao.Tno=d.ModuleTno Where d.AccountCode=lParty And d.VoucherDate>=lFrom And d.VoucherDate<lTo+1 And (cast(null as varchar2(100)) Is Null Or cast(null as varchar2(100))=cast(null as varchar2(100))) And (null Is Null Or cast(null as varchar2(100))=null) And (:P923_COMPANY Is Null Or d.CompanyCode=:P923_COMPANY) And (:P923_LOCATION Is Null Or d.LocationCode=:P923_LOCATION) Order By d.VoucherDate,d.Tno,d.Sno) Loop
        lRun:=lRun+nvl(r.Credit,0)-nvl(r.Debit,0); htp.prn('<Row>'); TextCell(to_char(r.VoucherDate,'DD-MM-RRRR')); TextCell(r.VoucherNo); TextCell(r.Reference); TextCell(r.SourceType); TextCell(r.Narration); NumCell(r.Debit); NumCell(r.Credit); NumCell(abs(lRun)); htp.prn('</Row>');
      End Loop;
    End;
    htp.prn('<Row>'); TextCell('Closing balance','Total'); BlankCells(6,'Total'); NumCell(abs(lClosing),'Total'); htp.prn('</Row>'); SheetEnd;

    SheetStart('Pending Bills','Pending Supplier Bills',8);
    htp.prn('<Row>'); TextCell('Voucher','Header'); TextCell('Bill Reference','Header'); TextCell('Document Date','Header'); TextCell('Due Date','Header'); TextCell('Bill Amount (₹)','Header'); TextCell('Allocated (₹)','Header'); TextCell('Outstanding (₹)','Header'); TextCell('Days Overdue','Header'); htp.prn('</Row>');
    For r In (With Asof As (Select lTo D From dual),Alc As (Select a.DrVoucherTno Tno,a.DrVoucherSno Sno,-Sum(a.Amount) Amt From DrCrAllocation a Join Voucher dv On dv.Tno=a.DrVoucherTno Join Voucher cv On cv.Tno=a.CrVoucherTno Cross Join Asof Where dv.VoucherDate<=Asof.D And cv.VoucherDate<=Asof.D Group By a.DrVoucherTno,a.DrVoucherSno Union All Select a.CrVoucherTno,a.CrVoucherSno,Sum(a.Amount) From DrCrAllocation a Join Voucher dv On dv.Tno=a.DrVoucherTno Join Voucher cv On cv.Tno=a.CrVoucherTno Cross Join Asof Where dv.VoucherDate<=Asof.D And cv.VoucherDate<=Asof.D Group By a.CrVoucherTno,a.CrVoucherSno),Al As (Select Tno,Sno,Sum(Amt) Amt From Alc Group By Tno,Sno),Pt As (Select pp.Tno,coalesce(Max(pb.PartyBillDate),Max(pb.PurchaseBillDate)) DocDt,Max(pb.PurchaseBillDate)+coalesce(Max(po.CreditDays),Max(pty.CreditDays)) DueDt,Max(pb.PartyBillNo) BillNo From PBPass pp Join PurchaseBill pb On pb.Tno=pp.PurchaseBillTno Left Join PurchaseBillDetail pbd On pbd.Tno=pb.Tno Left Join PurchaseOrder po On po.Tno=pbd.PurchaseOrderTno Left Join Party pty On pty.PartyCode=pb.PartyCode Group By pp.Tno),Jt As (Select jp.Tno,coalesce(Max(jb.PartyBillDate),Max(jb.JobBillDate)) DocDt,Max(jb.JobBillDate)+nvl(Max(jo.CreditDays),0) DueDt From JBPass jp Join JobBill jb On jb.Tno=jp.JobBillTno Left Join JobOrder jo On jo.Tno=jb.JobOrderTno Group By jp.Tno) Select v.VoucherNo,coalesce(pt.BillNo,ao.BillNo,v.VoucherNo) BillRef,coalesce(pt.DocDt,jt.DocDt,ao.BillDate,d.VoucherDate) DocDate,coalesce(pt.DueDt,jt.DueDt,ao.BillDueDate) DueDate,d.Amount BillAmount,nvl(al.Amt,0) Allocated,d.Amount-nvl(al.Amt,0) Outstanding,Case When coalesce(pt.DueDt,jt.DueDt,ao.BillDueDate) Is Not Null Then Greatest(lTo-coalesce(pt.DueDt,jt.DueDt,ao.BillDueDate),0) End DaysOverdue From VoucherDetail d Join Voucher v On v.Tno=d.Tno Left Join Al al On al.Tno=d.Tno And al.Sno=d.Sno Left Join Pt pt On v.ModuleCode='PBPASS' And pt.Tno=v.ModuleTno Left Join Jt jt On v.Module"
935,"Supplier 360",90,"ON_DEMAND","NATIVE_PLSQL","DS360_NAVIGATION","begin
case apex_application.g_x01
when 'BACKTOHUB' then
apex_json.open_object;apex_json.write('url',apex_page.get_url(p_page=>'934',p_clear_cache=>'934',p_items=>'P934_FROMDATE,P934_TODATE,P934_COMPANY,P934_LOCATION,P934_PANEL',p_values=>:P935_FROMDATE||','||:P935_TODATE||','||:P935_COMPANY||','||:P935_LOCATION||','||:P935_PANEL));apex_json.close_object;
when 'SUPPLIERLEDGER' then
apex_json.open_object;apex_json.write('url',apex_page.get_url(p_page=>'11',p_clear_cache=>'11',p_items=>'P11_PARTY,P11_FROMDATE,P11_TODATE,P11_LOCATION',p_values=>:P935_SUPPLIER||','||:P935_FROMDATE||','||:P935_TODATE||','||:P935_LOCATION));apex_json.close_object;
else raise_application_error(-20001,'Unknown navigation action');end case;end;","",""
936,"Item 360",90,"ON_DEMAND","NATIVE_PLSQL","DS360_NAVIGATION","begin
case apex_application.g_x01
when 'BACKTOANALYTICS' then
apex_json.open_object;apex_json.write('url',apex_page.get_url(p_page=>'940',p_clear_cache=>'940',p_items=>'P940_FROMDATE,P940_TODATE,P940_COMPANY,P940_LOCATION,P940_PANEL',p_values=>:P936_FROMDATE||','||:P936_TODATE||','||:P936_COMPANY||','||:P936_LOCATION||','||:P936_PANEL));apex_json.close_object;
else raise_application_error(-20001,'Unknown navigation action');end case;end;","",""
