"PAGE_ID","PAGE_NAME","PAGE_ALIAS","PAGE_MODE","LAST_UPDATED_ON","LAST_UPDATED_BY"
510,"Customer","CUSTOMER","NORMAL",29-09-26,""
511,"D Customer Dashboard","D-CUSTOMER-DASHBOARD","NORMAL",29-09-26,""
512,"Customer  Detail","CUSTOMER-DETAIL","NORMAL",29-09-26,""
513,"Supplier","SUPPLIER","NORMAL",29-09-26,""
514,"Supplier Detail","SUPPLIER-DETAIL","NORMAL",29-09-26,""
515,"Supplier Dashboard","SUPPLIER-DASHBOARD","NORMAL",29-09-26,""
516,"Finished Products","FINISHED-PRODUCTS","NORMAL",29-09-26,""
517,"Product Detail","PRODUCT-DETAIL","NORMAL",29-09-26,""
518,"Product Dashboard","PRODUCT-DASHBOARD","NORMAL",29-09-26,""
519,"360 View","360-VIEW","NORMAL",29-09-26,""
520,"Account Dashboard","ACCOUNT-DASHBOARD","NORMAL",29-09-26,""
521,"Trade Analysis","TRADE-ANALYSIS","NORMAL",29-09-26,""
522,"Customer Pending Orders","CUSTOMER-PENDING-ORDERS","NORMAL",29-09-26,""
523,"Creditors Aging Detail Report","CREDITORS-AGING-DETAIL-REPORT","NORMAL",29-09-26,""
524,"Customer Overdue Invoices","CUSTOMER-OVERDUE-INVOICES","NORMAL",29-09-26,""
525,"Customer Billed Invoices","CUSTOMER-BILLED-INVOICES","NORMAL",29-09-26,""
526,"Customer Active Invoices","CUSTOMER-ACTIVE-INVOICES","NORMAL",29-09-26,""
527,"Customer Inactive Invoices","CUSTOMER-INACTIVE-INVOICES","NORMAL",29-09-26,""
528,"Supplier Overdue Amount","SUPPLIER-OVERDUE-AMOUNT","NORMAL",29-09-26,""
529,"Supplier Outstanding Amount","SUPPLIER-OUTSTANDING-AMOUNT","NORMAL",29-09-26,""
530,"Supplier Active PO","SUPPLIER-ACTIVE-PO","NORMAL",29-09-26,""
531,"Supplier Pending for GRN","SUPPLIER-PENDING-FOR-GRN","NORMAL",29-09-26,""
532,"Supplier Orders Completed","SUPPLIER-ORDERS-COMPLETED","NORMAL",29-09-26,""
533,"Supplier Orders Delivered on Time","SUPPLIER-ORDERS-DELIVERED-ON-TIME","NORMAL",29-09-26,""
534,"Product Pending Sales Order","PRODUCT-PENDING-SALES-ORDER","NORMAL",29-09-26,""
535,"Product Pending Purchase Order","PRODUCT-PENDING-PURCHASE-ORDER","NORMAL",29-09-26,""
536,"Product Stock Group by Storage Location","PRODUCT-STOCK-GROUP-BY-STORAGE-LOCATION","NORMAL",29-09-26,""
537,"Product Pipeline Stock group by Module","PRODUCT-PIPELINE-STOCK-GROUP-BY-MODULE","NORMAL",29-09-26,""
538,"Product Stock Storage Location wise","PRODUCT-STOCK-STORAGE-LOCATION-WISE","NORMAL",29-09-26,""
539,"Product Stock","PRODUCT-STOCK","NORMAL",29-09-26,""
540,"Products 12 Months Detail","PRODUCTS-12-MONTHS-DETAIL","NORMAL",29-09-26,""
541,"Customer Billed Invoices","CUSTOMER-BILLED-INVOICES1","NORMAL",29-09-26,""
542,"Supplier Active Purchase Bill Pass","SUPPLIER-ACTIVE-PURCHASE-BILL-PASS","NORMAL",29-09-26,""
543,"Supplier Active PO","SUPPLIER-ACTIVE-PO1","NORMAL",29-09-26,""
722,"Sales Quotation 360","SALES-QUOTATION-360","NORMAL",29-09-26,""
723,"Sales Order 360","SALES-ORDER-360","NORMAL",29-09-26,""
724,"Vehicle 360","VEHICLE-360","NORMAL",29-09-26,""
725,"Category 360","CATEGORY-360","NORMAL",29-09-26,""
726,"Item Sales Analysis","ITEM-SALES-ANALYSIS","NORMAL",29-09-26,""
906,"Location Profitability","LOCATION-PROFITABILITY","NORMAL",29-09-26,""
907,"Accounts Receivable Command Centre","AR-COMMAND-CENTRE","NORMAL",30-09-26,""
908,"Party-wise Outstanding","AR-PARTY-OUTSTANDING","NORMAL",29-09-26,""
909,"Bill-wise Outstanding","AR-OPEN-ITEMS","NORMAL",29-09-26,""
910,"Debtor 360","DEBTOR-360","NORMAL",29-09-26,""
911,"Receipts and Collections","AR-COLLECTIONS","NORMAL",29-09-26,""
912,"Advances and Unapplied Cash","AR-ADVANCES","NORMAL",29-09-26,""
913,"AR Exceptions and Controls","AR-EXCEPTIONS-CONTROLS","NORMAL",29-09-26,""
914,"AR Reconciliation and Data Health","AR-RECONCILIATION","NORMAL",29-09-26,""
915,"Bill Detail","AR-BILL-DETAIL","NORMAL",29-09-26,""
916,"AR Trend Analysis","AR-TREND-ANALYSIS","NORMAL",29-09-26,""
917,"Daily Collection MIS","AR-DAILY-MIS","NORMAL",29-09-26,""
918,"Weekly AR Review","AR-WEEKLY-MIS","NORMAL",29-09-26,""
919,"Monthly AR Management MIS","AR-MONTHLY-MIS","NORMAL",29-09-26,""
920,"Accounts Payable Command Centre","AP-COMMAND-CENTRE","NORMAL",30-09-26,""
921,"Vendor-wise Payable","AP-VENDOR-OUTSTANDING","NORMAL",29-09-26,""
922,"Bill-wise Payable","AP-OPEN-ITEMS","NORMAL",29-09-26,""
923,"Creditor 360","CREDITOR-360","NORMAL",29-09-26,""
924,"Payments and Settlement","AP-PAYMENTS","NORMAL",29-09-26,""
925,"Advances and Unapplied Payments","AP-ADVANCES","NORMAL",29-09-26,""
926,"Unbilled Liability (GRNI)","AP-GRNI","NORMAL",29-09-26,""
927,"AP Exceptions and Controls","AP-EXCEPTIONS-CONTROLS","NORMAL",29-09-26,""
928,"AP Reconciliation and Data Health","AP-RECONCILIATION","NORMAL",29-09-26,""
929,"Bill Detail","AP-BILL-DETAIL","NORMAL",29-09-26,""
930,"AP Trends and Cash Forecast","AP-TREND-ANALYSIS","NORMAL",29-09-26,""
931,"Daily Payment MIS","AP-DAILY-MIS","NORMAL",29-09-26,""
932,"Weekly AP Review","AP-WEEKLY-MIS","NORMAL",29-09-26,""
933,"Monthly AP Management MIS","AP-MONTHLY-MIS","NORMAL",29-09-26,""
934,"Purchase Command Centre","PURCHASE-COMMAND-CENTRE","NORMAL",29-09-26,""
935,"Supplier 360","SUPPLIER-360","NORMAL",29-09-26,""
936,"Item 360","ITEM-360","NORMAL",29-09-26,""
937,"Purchase Bill 360","PURCHASE-BILL-360","NORMAL",29-09-26,""
938,"Specification 360","SPECIFICATION-360","NORMAL",29-09-26,""
939,"Purchase Order 360","PURCHASE-ORDER-360","NORMAL",29-09-26,""
