"TABLE_NAME","COLUMN_ID","COLUMN_NAME","DATA_TYPE","DATA_LENGTH"
"BI_RECEIVABLE",1,"LOCATIONCODE","VARCHAR2",30
"BI_RECEIVABLE",2,"PARTYNAME","VARCHAR2",100
"BI_RECEIVABLE",3,"BILLNO","VARCHAR2",100
"BI_RECEIVABLE",4,"VOUCHERDATE","DATE",7
"BI_RECEIVABLE",5,"BILLAGE","NUMBER",22
"BI_RECEIVABLE",6,"VOUCHERAMOUNT","NUMBER",22
"BI_RECEIVABLE",7,"ALLOCATEDAMOUNT","NUMBER",22
"BI_RECEIVABLE",8,"TOTALBALANCE","NUMBER",22
"BI_RECEIVABLE",9,"ACCOUNTCODE","VARCHAR2",30
"BI_RECEIVABLE",10,"PARTYTYPECODE","VARCHAR2",30
"BI_SALES_AGENT",1,"PARTYCODE","VARCHAR2",30
"BI_SALES_AGENT",2,"PARTYNAME","VARCHAR2",100
"BI_SALES_AGENT",3,"ADDRESS","VARCHAR2",300
"BI_SALES_AGENT",4,"CITYNAME","VARCHAR2",100
"BI_SALES_AGENT",5,"CITYCODE","VARCHAR2",30
"BI_SALES_AGENT",6,"STATECODE","VARCHAR2",30
"BI_SALES_AGENT",7,"STATENAME","VARCHAR2",100
"BI_SALES_AGENT",8,"GSTSTATECODE","VARCHAR2",2
"BI_SALES_AGENT",9,"COUNTRY","CHAR",5
"PCC_FREIGHTADVICE",1,"TNO","NUMBER",22
"PCC_FREIGHTADVICE",2,"COMPANYCODE","VARCHAR2",30
"PCC_FREIGHTADVICE",3,"FINANCIALYEARCODE","VARCHAR2",30
"PCC_FREIGHTADVICE",4,"LOCATIONCODE","VARCHAR2",30
"PCC_FREIGHTADVICE",5,"DOCTYPECODE","VARCHAR2",30
"PCC_FREIGHTADVICE",6,"FREIGHTADVICENO","VARCHAR2",100
"PCC_FREIGHTADVICE",7,"FREIGHTADVICEDATE","DATE",7
"PCC_FREIGHTADVICE",8,"TRANSPORTERCODE","VARCHAR2",30
"PCC_FREIGHTADVICE",9,"FREIGHTTYPECODE","VARCHAR2",30
"PCC_FREIGHTADVICE",10,"PARTYBILLNO","VARCHAR2",100
"PCC_FREIGHTADVICE",11,"PARTYBILLDATE","DATE",7
"PCC_FREIGHTADVICE",12,"MONEYTRANSFERMODECODE","VARCHAR2",30
"PCC_FREIGHTADVICE",13,"MONEYTRANSFERREFERENCENO","VARCHAR2",100
"PCC_FREIGHTADVICE",14,"DEBITACCOUNTCODE","VARCHAR2",30
"PCC_FREIGHTADVICE",15,"CREDITACCOUNTCODE","VARCHAR2",30
"PCC_FREIGHTADVICE",16,"TDSMASTERCODE","VARCHAR2",30
"PCC_FREIGHTADVICE",17,"ITEMWISEFOOTER","VARCHAR2",3
"PCC_FREIGHTADVICE",18,"REMARK","VARCHAR2",100
"PCC_FREIGHTADVICE",19,"SUMOFAMOUNT","NUMBER",22
"PCC_FREIGHTADVICE",20,"SUMOFFOOTERAMOUNT","NUMBER",22
"PCC_FREIGHTADVICE",21,"FREIGHTADVICEAMOUNT","NUMBER",22
"PCC_FREIGHTADVICE",22,"SUMOFTDSAMOUNT","NUMBER",22
"PCC_FREIGHTADVICE",23,"SUMOFDEDUCTIONAMOUNT","NUMBER",22
"PCC_FREIGHTADVICE",24,"SUMOFADVANCEAMOUNT","NUMBER",22
"PCC_FREIGHTADVICE",25,"SUMOFPAYMENTCOMMISSION","NUMBER",22
"PCC_FREIGHTADVICE",26,"SUMOFNETPAYABLEAMOUNT","NUMBER",22
"PCC_FREIGHTADVICE",27,"AMOUNTAFTERTDS","NUMBER",22
"PCC_FREIGHTADVICE",28,"TDSDEDUCTABLEAMOUNT","NUMBER",22
"PCC_FREIGHTADVICE",29,"TDSALREADYDEDUCTEDON","NUMBER",22
"PCC_FREIGHTADVICE",30,"PAIDTO","VARCHAR2",100
"PCC_FREIGHTADVICE",31,"NARRATION","VARCHAR2",2000
"PCC_FREIGHTADVICE",32,"CREATOR","VARCHAR2",30
"PCC_FREIGHTADVICE",33,"CREATIONTIME","DATE",7
"PCC_FREIGHTADVICE",34,"BANKACCOUNTNO","VARCHAR2",30
"PCC_FREIGHTADVICE",35,"TRANSACTIONTYPECODE","VARCHAR2",30
"PCC_FREIGHTADVICE",36,"REVERSECHARGEIFAPPLICABLE","VARCHAR2",3
"PCC_FREIGHTADVICE",37,"NATUREOFSUPPLYCODE","VARCHAR2",30
"PCC_FREIGHTADVICE",38,"DUEDATE","DATE",7
"PCC_FREIGHTADVICE",39,"REVERSECHARGEFOOTERNATURECODE","VARCHAR2",30
"PCC_FREIGHTADVICE",40,"TDSNATURECODE","VARCHAR2",30
"PCC_FREIGHTADVICE",41,"TDSPAYEECATEGORYCODE","VARCHAR2",30
"PCC_FREIGHTADVICE",42,"PANNO","VARCHAR2",10
"PCC_FREIGHTADVICE",43,"TDSTAXCATEGORYCODE","VARCHAR2",30
"PCC_FREIGHTADVICE",44,"TDSTHRESHOLD","NUMBER",22
"PCC_FREIGHTADVICE",45,"TDSTRANSACTIONTHRESHOLD","NUMBER",22
"PCC_FREIGHTADVICE",46,"TOTALTDSPERCENT","NUMBER",22
"PCC_FREIGHTADVICE",47,"ADVANCEORBILL","VARCHAR2",10
"PCC_FREIGHTADVICE",48,"THRESHOLDPLUSMINUS","NUMBER",22
"PCC_FREIGHTADVICE",49,"TDSDEDUCTEDINADVANCE","NUMBER",22
"PCC_FREIGHTADVICE",50,"PAIDAMOUNT","NUMBER",22
"PCC_FREIGHTADVICE",51,"PAIDINADVANCE","NUMBER",22
"PCC_FREIGHTADVICE",52,"TDSCERTIFICATENO","VARCHAR2",30
"PCC_FREIGHTADVICE",53,"TDSCERTIFICATEFILENAME","VARCHAR2",30
"PCC_FREIGHTADVICE",54,"TDSLOWERRATEAPPLICABLE","VARCHAR2",3
"PCC_FREIGHTADVICE",55,"TDSLOWERRATE","NUMBER",22
"PCC_FREIGHTADVICE",56,"CESSLOWERRATE","NUMBER",22
"PCC_FREIGHTADVICE",57,"SURCHARGELOWERRATE","NUMBER",22
"PCC_FREIGHTADVICE",58,"FOOTERNATURECODE","VARCHAR2",30
"PCC_FREIGHTADVICE",59,"BANKCODE","VARCHAR2",30
"PCC_FREIGHTADVICE",60,"PAIDTOCODE","VARCHAR2",30
"PCC_FREIGHTADVICE",61,"CHANGEFREIGHTRATE","NUMBER",22
"PCC_FREIGHTADVICE",62,"SUMOFGPSDEDUCTIONAMOUNT","NUMBER",22
"PCC_FREIGHTADVICE",63,"IFSCCODE","VARCHAR2",30
"PCC_FREIGHTADVICE",64,"PAYMENTMETHODCODE","VARCHAR2",30
"PCC_FREIGHTADVICE",65,"SMSFLAG","VARCHAR2",3
"PCC_FREIGHTADVICE",66,"LOANAMOUNT","NUMBER",22
"PCC_FREIGHTADVICE",67,"LOANTOTRANSPORTERTNO","NUMBER",22
"PCC_FREIGHTADVICE",68,"NOOFLR","NUMBER",22
"PCC_FREIGHTADVICE",69,"NETPAYABLEAFTERLOAN","NUMBER",22
"PCC_FREIGHTADVICE",70,"PASSONQUANTITYCODE","VARCHAR2",30
"PCC_FREIGHTADVICE",71,"BILLEDONQUANTITYCODE","VARCHAR2",30
"PCC_FREIGHTADVICE",72,"SUMOFBILLEDAMOUNT","NUMBER",22
"PCC_FREIGHTADVICE",73,"SUMOFBILLEDFOOTERAMOUNT","NUMBER",22
"PCC_FREIGHTADVICE",74,"BILLEDFREIGHTADVICEAMOUNT","NUMBER",22
"PCC_FREIGHTADVICE",75,"SUMOFFREIGHTDEDUCTIONAMOUNT","NUMBER",22
"PCC_FREIGHTADVICE",76,"SUMOFTRIPSHEETAMOUNT","NUMBER",22
"PCC_FREIGHTADVICE",77,"SUMOFPODOTHERAMOUNT","NUMBER",22
"PCC_FREIGHTADVICE",78,"SUMOFTRIPSHEETOTHERAMOUNT","NUMBER",22
"PCC_FREIGHTADVICE",79,"SUMOFUNLOADINGFREIGHTAMOUNT","NUMBER",22
"PCC_FREIGHTADVICE",80,"SUMOFTRIPSHEETTDSAMOUNT","NUMBER",22
"PCC_FREIGHTADVICE",81,"BILLINROUNDFIGURE","VARCHAR2",3
"PCC_FREIGHTADVICE",82,"FREIGHTAMOUNTBEFOREROUND","NUMBER",22
"PCC_FREIGHTADVICE",83,"ROUNDOFF","NUMBER",22
"PCC_FREIGHTADVICE",84,"PANEL","VARCHAR2",10
"PCC_PURCHASEBILL",1,"TNO","NUMBER",22
"PCC_PURCHASEBILL",2,"COMPANYCODE","VARCHAR2",30
"PCC_PURCHASEBILL",3,"FINANCIALYEARCODE","VARCHAR2",30
"PCC_PURCHASEBILL",4,"LOCATIONCODE","VARCHAR2",30
"PCC_PURCHASEBILL",5,"DOCTYPECODE","VARCHAR2",30
"PCC_PURCHASEBILL",6,"PURCHASEBILLNO","VARCHAR2",100
"PCC_PURCHASEBILL",7,"PURCHASEBILLDATE","DATE",7
"PCC_PURCHASEBILL",8,"PARTYBILLNO","VARCHAR2",100
"PCC_PURCHASEBILL",9,"PARTYBILLDATE","DATE",7
"PCC_PURCHASEBILL",10,"PURCHASEORDERTNO","NUMBER",22
"PCC_PURCHASEBILL",11,"CURRENCYUNITCODE","VARCHAR2",30
"PCC_PURCHASEBILL",12,"CURRENCYVALUE","NUMBER",22
"PCC_PURCHASEBILL",13,"PARTYCODE","VARCHAR2",30
"PCC_PURCHASEBILL",14,"SUMOFAMOUNT","NUMBER",22
"PCC_PURCHASEBILL",15,"SUMOFFOOTERAMOUNT","NUMBER",22
"PCC_PURCHASEBILL",16,"PURCHASEBILLAMOUNT","NUMBER",22
"PCC_PURCHASEBILL",17,"REMARK","VARCHAR2",100
"PCC_PURCHASEBILL",18,"ITEMWISEFOOTER","VARCHAR2",3
"PCC_PURCHASEBILL",19,"SUPPLIERCODE","VARCHAR2",30
"PCC_PURCHASEBILL",20,"MANUFACTURERCODE","VARCHAR2",30
"PCC_PURCHASEBILL",21,"SUMOFFOOTERAMOUNTWITHRATE","NUMBER",22
"PCC_PURCHASEBILL",22,"JOBORDERTNO","NUMBER",22
"PCC_PURCHASEBILL",23,"DELIVERYORDERTNO","NUMBER",22
"PCC_PURCHASEBILL",24,"RAKETNO","NUMBER",22
"PCC_PURCHASEBILL",25,"CREATOR","VARCHAR2",30
"PCC_PURCHASEBILL",26,"BILLEDON","VARCHAR2",30
"PCC_PURCHASEBILL",27,"EXCISEBILLNO","VARCHAR2",100
"PCC_PURCHASEBILL",28,"EXCISEBILLDATE","DATE",7
"PCC_PURCHASEBILL",29,"BILLEDITEM","VARCHAR2",30
"PCC_PURCHASEBILL",30,"UPDATELANDINGIFSUPPLEMENTARY","VARCHAR2",3
"PCC_PURCHASEBILL",31,"TRANCTIONTYPECODE","VARCHAR2",30
"PCC_PURCHASEBILL",32,"TRANSACTIONTYPECODE","VARCHAR2",30
"PCC_PURCHASEBILL",33,"NATUREOFSUPPLYCODE","VARCHAR2",30
"PCC_PURCHASEBILL",34,"PORTCODE","VARCHAR2",6
"PCC_PURCHASEBILL",35,"BILLOFENTRYTNO","NUMBER",22
"PCC_PURCHASEBILL",36,"CREATIONTIME","DATE",7
"PCC_PURCHASEBILL",37,"FREIGHTADVANCEAMOUNT","NUMBER",22
"PCC_PURCHASEBILL",38,"TDSPAYEECATEGORYCODE","VARCHAR2",30
"PCC_PURCHASEBILL",39,"FREIGHTPOSTEDTOSTOCK","NUMBER",22
"PCC_PURCHASEBILL",40,"INCLUDEINPURCHASEBILL","VARCHAR2",3
"PCC_PURCHASEBILL",41,"TAXINROUND","VARCHAR2",3
"PCC_PURCHASEBILL",42,"BILLINROUNDFIGURE","VARCHAR2",3
"PCC_PURCHASEBILL",43,"PURCHASEBILLAMOUNTBEFOREROUND","NUMBER",22
"PCC_PURCHASEBILL",44,"ROUNDOFF","NUMBER",22
"PCC_PURCHASEBILL",45,"PANEL","VARCHAR2",10
"PCC_PURCHASEORDER",1,"TNO","NUMBER",22
"PCC_PURCHASEORDER",2,"COMPANYCODE","VARCHAR2",30
"PCC_PURCHASEORDER",3,"FINANCIALYEARCODE","VARCHAR2",30
"PCC_PURCHASEORDER",4,"LOCATIONCODE","VARCHAR2",30
"PCC_PURCHASEORDER",5,"DOCTYPECODE","VARCHAR2",30
"PCC_PURCHASEORDER",6,"DEPARTMENTCODE","VARCHAR2",30
"PCC_PURCHASEORDER",7,"EMPLOYEECODE","VARCHAR2",30
"PCC_PURCHASEORDER",8,"PURCHASEORDERNO","VARCHAR2",100
"PCC_PURCHASEORDER",9,"PURCHASEORDERDATE","DATE",7
"PCC_PURCHASEORDER",10,"DELIVERYDATE","DATE",7
"PCC_PURCHASEORDER",11,"CURRENCYUNITCODE","VARCHAR2",30
"PCC_PURCHASEORDER",12,"CURRENCYVALUE","NUMBER",22
"PCC_PURCHASEORDER",13,"WORKORDERTNO","NUMBER",22
"PCC_PURCHASEORDER",14,"PARTYCODE","VARCHAR2",30
"PCC_PURCHASEORDER",15,"QUOTATIONTNO","NUMBER",22
"PCC_PURCHASEORDER",16,"RATECONTRACTTNO","NUMBER",22
"PCC_PURCHASEORDER",17,"DELIVERYORDERTNO","NUMBER",22
"PCC_PURCHASEORDER",18,"INDENTTNO","NUMBER",22
"PCC_PURCHASEORDER",19,"PURCHASEORDERAMOUNT","NUMBER",22
"PCC_PURCHASEORDER",20,"SUBJECTTEXT","VARCHAR2",1000
"PCC_PURCHASEORDER",21,"REFERENCETEXT","VARCHAR2",1000
"PCC_PURCHASEORDER",22,"LETTERTEXT","VARCHAR2",2000
"PCC_PURCHASEORDER",23,"TITLETEXT","VARCHAR2",1000
"PCC_PURCHASEORDER",24,"REMARK","VARCHAR2",100
"PCC_PURCHASEORDER",25,"ITEMWISEFOOTER","VARCHAR2",3
"PCC_PURCHASEORDER",26,"SUMOFAMOUNT","NUMBER",22
"PCC_PURCHASEORDER",27,"SUMOFFOOTERAMOUNT","NUMBER",22
"PCC_PURCHASEORDER",28,"AGENTCODE","VARCHAR2",30
"PCC_PURCHASEORDER",29,"CREDITDAYS","NUMBER",22
"PCC_PURCHASEORDER",30,"STORAGELOCATIONCODE","VARCHAR2",30
"PCC_PURCHASEORDER",31,"STOCKDATE","DATE",7
"PCC_PURCHASEORDER",32,"COMMISSIONRATE","NUMBER",22
"PCC_PURCHASEORDER",33,"CREATOR","VARCHAR2",30
"PCC_PURCHASEORDER",34,"FREIGHTTYPECODE","VARCHAR2",30
"PCC_PURCHASEORDER",35,"FREIGHTCONTRACTTNO","NUMBER",22
"PCC_PURCHASEORDER",36,"FREIGHTRATE","NUMBER",22
"PCC_PURCHASEORDER",37,"ISEVENTRANSACTION","VARCHAR2",3
"PCC_PURCHASEORDER",38,"COMPARATIVESTATEMENTTNO","NUMBER",22
"PCC_PURCHASEORDER",39,"XPLANT","VARCHAR2",3
"PCC_PURCHASEORDER",40,"EXPARTYPLANT","VARCHAR2",3
"PCC_PURCHASEORDER",41,"LIFTINGFROMCITYCODE","VARCHAR2",30
"PCC_PURCHASEORDER",42,"UNLOADINGCITYCODE","VARCHAR2",30
"PCC_PURCHASEORDER",43,"TRANCTIONTYPECODE","VARCHAR2",30
"PCC_PURCHASEORDER",44,"TRANSACTIONTYPECODE","VARCHAR2",30
"PCC_PURCHASEORDER",45,"PAYMENTBYLC","VARCHAR2",3
"PCC_PURCHASEORDER",46,"NATUREOFSUPPLYCODE","VARCHAR2",3
"PCC_PURCHASEORDER",47,"PREDI","VARCHAR2",3
"PCC_PURCHASEORDER",48,"DELIVERYSCHEDULEWITHPO","VARCHAR2",3
"PCC_PURCHASEORDER",49,"ITEMWISESCHEDULE","VARCHAR2",3
"PCC_PURCHASEORDER",50,"REFERENCEPURCHASEORDERTNO","NUMBER",22
"PCC_PURCHASEORDER",51,"CREATIONTIME","DATE",7
"PCC_PURCHASEORDER",52,"PAIDAMOUNT","NUMBER",22
"PCC_PURCHASEORDER",53,"ROYALTYPERCENTAGE","NUMBER",22
"PCC_PURCHASEORDER",54,"ROYALTYPENALTYPERUNIT","NUMBER",22
"PCC_PURCHASEORDER",55,"ISFULLADVANCE","VARCHAR2",3
"PCC_PURCHASEORDER",56,"POADVANCEAMOUNT","NUMBER",22
"PCC_PURCHASEORDER",57,"PAYMENTADVICELOCATIONCODE","VARCHAR2",30
"PCC_PURCHASEORDER",58,"MARINEINSURANCETNO","NUMBER",22
"PCC_PURCHASEORDER",59,"MARINEINSURANCEAMOUNT","NUMBER",22
"PCC_PURCHASEORDER",60,"SAUDAPATRAKNO","VARCHAR2",30
"PCC_PURCHASEORDER",61,"SAUDAPATRAKDATE","DATE",7
"PCC_PURCHASEORDER",62,"LENDINGONGROSS","VARCHAR2",3
"PCC_PURCHASEORDER",63,"SHIPTO","VARCHAR2",30
"PCC_PURCHASEORDER",64,"CUSTOMERCODE","VARCHAR2",30
"PCC_PURCHASEORDER",65,"PENDINGSOTNO","NUMBER",22
"PCC_PURCHASEORDER",66,"ISOPENSPEC","VARCHAR2",3
"PCC_PURCHASEORDER",67,"QUANTITY","NUMBER",22
"PCC_PURCHASEORDER",68,"MAILSTATUS","VARCHAR2",20
"PCC_PURCHASEORDER",69,"MAILID","NUMBER",22
"PCC_PURCHASEORDER",70,"PANEL","VARCHAR2",10
"PENDINGBILLS",1,"REFERENCEMODULETNO","NUMBER",22
"PENDINGBILLS",2,"COMPANYCODE","VARCHAR2",30
"PENDINGBILLS",3,"REFERENCEMODULENO","VARCHAR2",100
"PENDINGBILLS",4,"REFERENCEMODULEDATE","DATE",7
"PENDINGBILLS",5,"REFERENCEMODULEAMOUNT","NUMBER",22
"PENDINGBILLS",6,"PBPASSAMOUNT","NUMBER",22
"PENDINGBILLS",7,"PAIDAMOUNT","NUMBER",22
"PENDINGBILLS",8,"BALANCEAMOUNT","NUMBER",22
"PENDINGBILLS",9,"ADVANCEAMOUNT","NUMBER",22
"PENDINGBILLS",10,"INVOICEDATE","DATE",7
"PENDINGBILLS",11,"REFERENCEMODULECODE","VARCHAR2",12
"PENDINGBILLS",12,"PARTYCODE","VARCHAR2",30
"PENDINGBILLS",13,"DUEDATE","DATE",7
"PENDINGBILLS",14,"LOCATIONCODE","VARCHAR2",30
"PENDINGBILLS",15,"ITEMNATURE","VARCHAR2",100
"PENDINGBILLS",16,"UNLOADINGDATE","DATE",7
"PENDINGBILLS",17,"AGENTNAME","VARCHAR2",4000
"PENDINGBILLS",18,"ITEMNAME","VARCHAR2",100
"PENDINGBILLS",19,"PASSQUANTITY","NUMBER",22
"PENDINGBILLS",20,"PODETAIL","VARCHAR2",4000
"PENDINGBILLS",21,"PONO","VARCHAR2",143
"SLC_SALESCONFIRM",1,"TNO","NUMBER",22
"SLC_SALESCONFIRM",2,"COMPANYCODE","VARCHAR2",30
"SLC_SALESCONFIRM",3,"FINANCIALYEARCODE","VARCHAR2",30
"SLC_SALESCONFIRM",4,"LOCATIONCODE","VARCHAR2",30
"SLC_SALESCONFIRM",5,"DOCTYPECODE","VARCHAR2",30
"SLC_SALESCONFIRM",6,"PARTYQUOTATIONNO","VARCHAR2",100
"SLC_SALESCONFIRM",7,"PARTYQUOTATIONDATE","DATE",7
"SLC_SALESCONFIRM",8,"PARTYCODE","VARCHAR2",30
"SLC_SALESCONFIRM",9,"EMPLOYEECODE","VARCHAR2",30
"SLC_SALESCONFIRM",10,"VALIDITYDATE","DATE",7
"SLC_SALESCONFIRM",11,"CURRENCYUNITCODE","VARCHAR2",30
"SLC_SALESCONFIRM",12,"CURRENCYVALUE","NUMBER",22
"SLC_SALESCONFIRM",13,"SUMOFAMOUNT","NUMBER",22
"SLC_SALESCONFIRM",14,"SUMOFFOOTER","NUMBER",22
"SLC_SALESCONFIRM",15,"SUBJECTTEXT","VARCHAR2",1000
"SLC_SALESCONFIRM",16,"REFERENCETEXT","VARCHAR2",1000
"SLC_SALESCONFIRM",17,"LETTERTEXT","VARCHAR2",4000
"SLC_SALESCONFIRM",18,"TITLETEXT","VARCHAR2",1000
"SLC_SALESCONFIRM",19,"ITEMWISEFOOTER","VARCHAR2",3
"SLC_SALESCONFIRM",20,"REMARK","VARCHAR2",100
"SLC_SALESCONFIRM",21,"SUMOFFOOTERAMOUNT","NUMBER",22
"SLC_SALESCONFIRM",22,"SALESQUOTATIONNO","VARCHAR2",100
"SLC_SALESCONFIRM",23,"SALESQUOTATIONDATE","DATE",7
"SLC_SALESCONFIRM",24,"SALESQUOTATIONAMOUNT","NUMBER",22
"SLC_SALESCONFIRM",25,"SALESENQUIRYTNO","NUMBER",22
"SLC_SALESCONFIRM",26,"AGENTCODE","VARCHAR2",30
"SLC_SALESCONFIRM",27,"CONSIGNEECODE","VARCHAR2",30
"SLC_SALESCONFIRM",28,"VALIDITYUPTODATE","DATE",7
"SLC_SALESCONFIRM",29,"CREATIONTIME","DATE",7
"SLC_SALESCONFIRM",30,"CREATOR","VARCHAR2",30
"SLC_SALESCONFIRM",31,"REVISIONSALESQUOTATIONTNO","NUMBER",22
"SLC_SALESCONFIRM",32,"ROUNDINGAMOUNT","NUMBER",22
"SLC_SALESCONFIRM",33,"REASONOFLOSS","VARCHAR2",500
"SLC_SALESCONFIRM",34,"SALESCONFIRMNO","VARCHAR2",100
"SLC_SALESCONFIRM",35,"SALESCONFIRMDATE","DATE",7
"SLC_SALESCONFIRM",36,"SALESCONFIRMAMOUNT","NUMBER",22
"SLC_SALESCONFIRM",37,"PANEL","VARCHAR2",10
"SLC_SALESORDER",1,"TNO","NUMBER",22
"SLC_SALESORDER",2,"COMPANYCODE","VARCHAR2",30
"SLC_SALESORDER",3,"FINANCIALYEARCODE","VARCHAR2",30
"SLC_SALESORDER",4,"LOCATIONCODE","VARCHAR2",30
"SLC_SALESORDER",5,"DOCTYPECODE","VARCHAR2",30
"SLC_SALESORDER",6,"SALESORDERNO","VARCHAR2",100
"SLC_SALESORDER",7,"SALESORDERDATE","DATE",7
"SLC_SALESORDER",8,"DEPARTMENTCODE","VARCHAR2",30
"SLC_SALESORDER",9,"EMPLOYEECODE","VARCHAR2",30
"SLC_SALESORDER",10,"DELIVERYDATE","DATE",7
"SLC_SALESORDER",11,"CURRENCYUNITCODE","VARCHAR2",30
"SLC_SALESORDER",12,"CURRENCYVALUE","NUMBER",22
"SLC_SALESORDER",13,"PARTYCODE","VARCHAR2",30
"SLC_SALESORDER",14,"AGENTCODE","VARCHAR2",30
"SLC_SALESORDER",15,"CONSIGNEECODE","VARCHAR2",30
"SLC_SALESORDER",16,"SALESEXECUTIVECODE","VARCHAR2",30
"SLC_SALESORDER",17,"SUMOFAMOUNT","NUMBER",22
"SLC_SALESORDER",18,"SUMOFFOOTERAMOUNT","NUMBER",22
"SLC_SALESORDER",19,"SALESORDERAMOUNT","NUMBER",22
"SLC_SALESORDER",20,"SUBJECTTEXT","VARCHAR2",1000
"SLC_SALESORDER",21,"REFERENCETEXT","VARCHAR2",1000
"SLC_SALESORDER",22,"LETTERTEXT","VARCHAR2",4000
"SLC_SALESORDER",23,"TITLETEXT","VARCHAR2",1000
"SLC_SALESORDER",24,"REMARK","VARCHAR2",100
"SLC_SALESORDER",25,"ITEMWISEFOOTER","VARCHAR2",3
"SLC_SALESORDER",26,"REFERENCETNO","NUMBER",22
"SLC_SALESORDER",27,"VALIDITYUPTODATE","DATE",7
"SLC_SALESORDER",28,"VALIDITYDAYS","NUMBER",22
"SLC_SALESORDER",29,"CREDITDAYS","NUMBER",22
"SLC_SALESORDER",30,"COMMISSIONRATE","NUMBER",22
"SLC_SALESORDER",31,"TRANSPORTERCODE","VARCHAR2",30
"SLC_SALESORDER",32,"FREIGHTTYPECODE","VARCHAR2",30
"SLC_SALESORDER",33,"DESPATCHCATEGORYCODE","VARCHAR2",30
"SLC_SALESORDER",34,"CREATOR","VARCHAR2",30
"SLC_SALESORDER",35,"CREATIONTIME","DATE",7
"SLC_SALESORDER",36,"FROMCITYCODE","VARCHAR2",30
"SLC_SALESORDER",37,"TOCITYCODE","VARCHAR2",30
"SLC_SALESORDER",38,"TRANSACTIONTYPECODE","VARCHAR2",30
"SLC_SALESORDER",39,"NATUREOFSUPPLYCODE","VARCHAR2",30
"SLC_SALESORDER",40,"PARTYPONO","VARCHAR2",30
"SLC_SALESORDER",41,"PARTYPODATE","DATE",7
"SLC_SALESORDER",42,"EXECUTEDAT","VARCHAR2",30
"SLC_SALESORDER",43,"PORECEIPTTNO","NUMBER",22
"SLC_SALESORDER",44,"ISOPENSPEC","VARCHAR2",3
"SLC_SALESORDER",45,"QUANTITY","NUMBER",22
"SLC_SALESORDER",46,"TRADEDISCOUNTTNO","NUMBER",22
"SLC_SALESORDER",47,"TRADETYPECODE","VARCHAR2",30
"SLC_SALESORDER",48,"REVISIONSALESORDERTNO","NUMBER",22
"SLC_SALESORDER",49,"PURCHASEORDERTNO","NUMBER",22
"SLC_SALESORDER",50,"WORKORDERTNO","NUMBER",22
"SLC_SALESORDER",51,"DELIVERYORDERTNO","NUMBER",22
"SLC_SALESORDER",52,"SALESQUOTATIONTNO","NUMBER",22
"SLC_SALESORDER",53,"SALESCONFIRMTNO","NUMBER",22
"SLC_SALESORDER",54,"VEHICLENO","VARCHAR2",20
"SLC_SALESORDER",55,"PANEL","VARCHAR2",10
"SLC_SCBALANCE",1,"TNO","NUMBER",22
"SLC_SCBALANCE",2,"SALESCONFIRMNO","VARCHAR2",100
"SLC_SCBALANCE",3,"SALESCONFIRMDATE","DATE",7
"SLC_SCBALANCE",4,"PARTYNAME","VARCHAR2",4000
"SLC_SCBALANCE",5,"SCQTY","NUMBER",22
"SLC_SCBALANCE",6,"SOQTY","NUMBER",22
"SLC_SCBALANCE",7,"DAQTY","NUMBER",22
"SLC_SCBALANCE",8,"CCQTY","NUMBER",22
"SLC_SCBALANCE",9,"BALANCEQTY","NUMBER",22
"STOCKCARD",1,"MYTNO","NUMBER",22
"STOCKCARD",2,"TRANSACTIONNO","VARCHAR2",4000
"STOCKCARD",3,"COMMONTNO","NUMBER",22
"STOCKCARD",4,"STOCKTNO","NUMBER",22
"STOCKCARD",5,"USEDSTOCKTNO","NUMBER",22
"STOCKCARD",6,"ITEMCODE","VARCHAR2",30
"STOCKCARD",7,"ITEMSPECIFICATIONCODE","VARCHAR2",30
"STOCKCARD",8,"STOCKTYPE","VARCHAR2",3
"STOCKCARD",9,"TNO","NUMBER",22
"STOCKCARD",10,"TRANSACTIONDATE","DATE",7
"STOCKCARD",11,"MODULECODE","VARCHAR2",30
"STOCKCARD",12,"MODULETNO","NUMBER",22
"STOCKCARD",13,"COMPANYCODE","VARCHAR2",30
"STOCKCARD",14,"FINANCIALYEARCODE","VARCHAR2",30
"STOCKCARD",15,"QUANTITY1","NUMBER",22
"STOCKCARD",16,"QUANTITY2","NUMBER",22
"STOCKCARD",17,"RATE","NUMBER",22
"STOCKCARD",18,"AMOUNT","NUMBER",22
"STOCKCARD",19,"STOCKINQUANTITY1","NUMBER",22
"STOCKCARD",20,"STOCKINQUANTITY2","NUMBER",22
"STOCKCARD",21,"STOCKINAMOUNT","NUMBER",22
"STOCKCARD",22,"STOCKOUTQUANTITY1","NUMBER",22
"STOCKCARD",23,"STOCKOUTQUANTITY2","NUMBER",22
"STOCKCARD",24,"STOCKOUTAMOUNT","NUMBER",22
"STOCKCARD",25,"LOCATIONCODE","VARCHAR2",30
"V_DASHBOARD_SALES_SUMMARY",1,"SALES_ORDER_TNO","NUMBER",22
"V_DASHBOARD_SALES_SUMMARY",2,"FINANCIALYEARCODE","VARCHAR2",30
"V_DASHBOARD_SALES_SUMMARY",3,"COMPANYCODE","VARCHAR2",30
"V_DASHBOARD_SALES_SUMMARY",4,"LOCATIONCODE","VARCHAR2",30
"V_DASHBOARD_SALES_SUMMARY",5,"SO_DOCTYPECODE","VARCHAR2",30
"V_DASHBOARD_SALES_SUMMARY",6,"SALESORDERNO","VARCHAR2",100
"V_DASHBOARD_SALES_SUMMARY",7,"SALESORDERDATE","DATE",7
"V_DASHBOARD_SALES_SUMMARY",8,"PARTYCODE","VARCHAR2",30
"V_DASHBOARD_SALES_SUMMARY",9,"PARTYNAME","VARCHAR2",100
"V_DASHBOARD_SALES_SUMMARY",10,"SALESEXECUTIVECODE","VARCHAR2",30
"V_DASHBOARD_SALES_SUMMARY",11,"EMPLOYEENAME","VARCHAR2",100
"V_DASHBOARD_SALES_SUMMARY",12,"ITEMCODE","VARCHAR2",30
"V_DASHBOARD_SALES_SUMMARY",13,"ITEMSPECIFICATIONCODE","VARCHAR2",30
"V_DASHBOARD_SALES_SUMMARY",14,"ITEMNAME","VARCHAR2",100
"V_DASHBOARD_SALES_SUMMARY",15,"ITEMSPECIFICATIONNAME","VARCHAR2",100
"V_DASHBOARD_SALES_SUMMARY",16,"ITEMCATEGORYCODE","VARCHAR2",30
"V_DASHBOARD_SALES_SUMMARY",17,"ITEMCATEGORYNAME","VARCHAR2",100
"V_DASHBOARD_SALES_SUMMARY",18,"ORDERED_QTY","NUMBER",22
"V_DASHBOARD_SALES_SUMMARY",19,"RATE","NUMBER",22
"V_DASHBOARD_SALES_SUMMARY",20,"BASE_AMOUNT","NUMBER",22
"V_DASHBOARD_SALES_SUMMARY",21,"FOOTERAMOUNT","NUMBER",22
"V_DASHBOARD_SALES_SUMMARY",22,"SO_TOTAL_AMOUNT","NUMBER",22
"V_DASHBOARD_SALES_SUMMARY",23,"SO_STATUS","VARCHAR2",4000
"V_DASHBOARD_SALES_SUMMARY",24,"DESPATCHADVICENO","VARCHAR2",100
"V_DASHBOARD_SALES_SUMMARY",25,"DESPATCHADVICEDATE","DATE",7
"V_DASHBOARD_SALES_SUMMARY",26,"DISPATCHED_QTY","NUMBER",22
"V_DASHBOARD_SALES_SUMMARY",27,"LOADINGADVICENO","VARCHAR2",100
"V_DASHBOARD_SALES_SUMMARY",28,"LOADINGADVICEDATE","DATE",7
"V_DASHBOARD_SALES_SUMMARY",29,"LOADINGADVICE_QTY","NUMBER",22
"V_DASHBOARD_SALES_SUMMARY",30,"PENDING_DESPATCH_QTY","NUMBER",22
"V_DASHBOARD_SALES_SUMMARY",31,"PENDING_LOADING_QTY","NUMBER",22
"V_DASHBOARD_SALES_SUMMARY",32,"BALANCE_PENDING_QTY","NUMBER",22
"V_DASHBOARD_SALES_SUMMARY",33,"CANCELLED_QTY","NUMBER",22
"V_LATEST_ACTIVE_SALESORDERS",1,"TNO","NUMBER",22
"V_LATEST_ACTIVE_SALESORDERS",2,"SO_NO_CLEAN","VARCHAR2",4000
"V_LATEST_ACTIVE_SALESORDERS",3,"SALESORDERDATE","DATE",7
"V_LATEST_ACTIVE_SALESORDERS",4,"SALESORDERNO","VARCHAR2",100
"V_LATEST_ACTIVE_SALESORDERS",5,"PARTYPONO","VARCHAR2",30
"V_LATEST_ACTIVE_SALESORDERS",6,"PARTYPODATE","DATE",7
"V_LATEST_ACTIVE_SALESORDERS",7,"PARTYCODE","VARCHAR2",30
"V_LATEST_ACTIVE_SALESORDERS",8,"AGENTCODE","VARCHAR2",30
"V_LATEST_ACTIVE_SALESORDERS",9,"SALESEXECUTIVECODE","VARCHAR2",30
"V_LATEST_ACTIVE_SALESORDERS",10,"REMARK","VARCHAR2",100
"V_LATEST_ACTIVE_SALESORDERS",11,"ITEMCODE","VARCHAR2",30
"V_LATEST_ACTIVE_SALESORDERS",12,"ITEMSPECIFICATIONCODE","VARCHAR2",30
"V_LATEST_ACTIVE_SALESORDERS",13,"CURRENT_SO_QTY","NUMBER",22
"V_LATEST_ACTIVE_SALESORDERS",14,"RATE","NUMBER",22
"V_LATEST_ACTIVE_SALESORDERS",15,"AMOUNT","NUMBER",22
"V_LATEST_ACTIVE_SALESORDERS",16,"ROOT_SO_TNO","NUMBER",22
"V_LATEST_ACTIVE_SALESORDERS",17,"ROOT_SO_NO","VARCHAR2",100
"V_LATEST_ACTIVE_SALESORDERS",18,"BASE_SO_QTY","NUMBER",22
"V_LATEST_ACTIVE_SALESORDERS",19,"BASE_SO_RATE","NUMBER",22
"V_LATEST_ACTIVE_SALESORDERS",20,"BASE_SO_AMOUNT","NUMBER",22
"V_LATEST_PURCHASE_ORDERS",1,"BASE_PO_TNO","NUMBER",22
"V_LATEST_PURCHASE_ORDERS",2,"LATEST_DETAIL_TNO","NUMBER",22
"V_LATEST_PURCHASE_ORDERS",3,"RECORD_TYPE","VARCHAR2",8
"V_LATEST_PURCHASE_ORDERS",4,"PARTYCODE","VARCHAR2",30
"V_LATEST_PURCHASE_ORDERS",5,"PURCHASEORDERNO","VARCHAR2",100
"V_LATEST_PURCHASE_ORDERS",6,"PURCHASEORDERDATE","DATE",7
"V_LATEST_PURCHASE_ORDERS",7,"PO_AMENDMENT_NO","VARCHAR2",100
"V_LATEST_PURCHASE_ORDERS",8,"PO_AMENDMENT_DATE","DATE",7
"V_LATEST_PURCHASE_ORDERS",9,"ITEMCODE","VARCHAR2",30
"V_LATEST_PURCHASE_ORDERS",10,"ITEMSPECIFICATIONCODE","VARCHAR2",30
"V_LATEST_PURCHASE_ORDERS",11,"QUANTITY1","NUMBER",22
"V_LATEST_PURCHASE_ORDERS",12,"RATE","NUMBER",22
"V_LATEST_PURCHASE_ORDERS",13,"AMOUNT","NUMBER",22
"V_STOCKCARD",1,"MYTNO","NUMBER",22
"V_STOCKCARD",2,"TRANSACTIONNO","VARCHAR2",4000
"V_STOCKCARD",3,"COMMONTNO","NUMBER",22
"V_STOCKCARD",4,"STOCKTNO","NUMBER",22
"V_STOCKCARD",5,"USEDSTOCKTNO","NUMBER",22
"V_STOCKCARD",6,"ITEMCODE","VARCHAR2",30
"V_STOCKCARD",7,"ITEMSPECIFICATIONCODE","VARCHAR2",30
"V_STOCKCARD",8,"STOCKTYPE","VARCHAR2",3
"V_STOCKCARD",9,"TNO","NUMBER",22
"V_STOCKCARD",10,"TRANSACTIONDATE","DATE",7
"V_STOCKCARD",11,"MODULECODE","VARCHAR2",30
"V_STOCKCARD",12,"MODULETNO","NUMBER",22
"V_STOCKCARD",13,"COMPANYCODE","VARCHAR2",30
"V_STOCKCARD",14,"FINANCIALYEARCODE","VARCHAR2",30
"V_STOCKCARD",15,"QUANTITY1","NUMBER",22
"V_STOCKCARD",16,"QUANTITY2","NUMBER",22
"V_STOCKCARD",17,"RATE","NUMBER",22
"V_STOCKCARD",18,"AMOUNT","NUMBER",22
"V_STOCKCARD",19,"STOCKINQUANTITY1","NUMBER",22
"V_STOCKCARD",20,"STOCKINQUANTITY2","NUMBER",22
"V_STOCKCARD",21,"STOCKINAMOUNT","NUMBER",22
"V_STOCKCARD",22,"STOCKOUTQUANTITY1","NUMBER",22
"V_STOCKCARD",23,"STOCKOUTQUANTITY2","NUMBER",22
"V_STOCKCARD",24,"STOCKOUTAMOUNT","NUMBER",22
"V_STOCKCARD",25,"LOCATIONCODE","VARCHAR2",30
