"METRIC","TOTAL_ROWS","USABLE_ROWS","MISSING_CONTEXT_ROWS","MIN_RECORDED_DATE","MAX_RECORDED_DATE"
"AP_PENDING_BILLS",1592,1065,27,26-11-25,29-09-26
"AR_RECEIVABLE",2722,2722,2722,31-03-26,01-09-26
"PO_SUPPLIER_LINK",616,616,1,20-04-26,29-09-26
"PO_GRN_LINK",1230,1225,5,20-04-26,29-09-26
"SO_CUSTOMER_LINK",3232,3232,5,20-04-26,29-09-26
"SO_DISPATCH_LINK",2878,2878,0,20-04-26,29-09-26
"STOCK_RATE_COVERAGE",4283,4279,4,01-04-26,29-09-26
"STOCK_STORAGE_COVERAGE",4283,4283,0,01-04-26,29-09-26
"TRANSPORTER_GRN",1230,1212,18,20-04-26,29-09-26
"TRANSPORTER_DESPATCH",2878,2878,0,20-04-26,29-09-26
"VEHICLE_WEIGHMENT",0,,,,
