"CLASSIFICATION","MODULE_GROUP","MODULE_CODE","MASTER_NAME","PAGE_ID","TABLE_NAME","DB_PRIMARY_KEY","APEX_CONTEXT_ITEM","NAVIGATION_STATUS","MAIN_BUSINESS_ENTITY"
"PARTY","Finance & Accounts","PARTY","Account / Party Master",49,"PARTY","PARTYCODE","P49_TNO","ACTIVE","Party subtypes: Supplier, Customer, Transporter, Agent, Contractor/Service Provider"
"PARTY","Finance & Accounts","VENDOR","Vendor Onboarding Master",350,"VENDOR","TNO","P350_TNO","ACTIVE","Vendor onboarding registry; transactions use PARTY.PARTYCODE"
"ITEM","Asset Management","ASSET","Asset",675,"ASSET","TNO","P675_TNO,P675_SNO","ACTIVE","Asset"
"ITEM","Inventory Control","ITEMSPECIFICATION","Item Specification",13,"ITEMSPECIFICATION","TNO,ITEMSPECIFICATIONCODE","P13_ITEMTNO,P13_SNO","ACTIVE, CUSTOM DML","Material specification"
"ITEM","Inventory Control","ITEMTYPE","Item Group",37,"ITEMTYPE","TNO","P37_TNO","ACTIVE","Material group"
"ITEM","Inventory Control","ITEMCATEGORY","Item Category",55,"ITEMCATEGORY","","P55_TNO","ACTIVE","Material category"
"ITEM","Inventory Control","ITEM","Item / Material Master",59,"ITEM","TNO","P59_TNO","ACTIVE","Material / SKU"
"LOCATION","Inventory Control","STORAGELOCATION","Storage Location",128,"STORAGELOCATION","STORAGELOCATIONCODE","P128_TNO","ACTIVE","Storage bin/location under LOCATION; no standalone warehouse master found"
"LOCATION","Setup & Admin","LOCATION","Location / Branch",25,"LOCATION","LOCATIONCODE","P25_TNO","ACTIVE","Company location; branch is represented by LOCATION flags"
"LOCATION","Setup & Admin","ZONE","Zone",287,"ZONE","","P287_TNO","ACTIVE","Zone"
"LOGISTICS","General Masters","VEHICLETYPE","Vehicle Type",89,"VEHICLETYPE","TNO","P89_TNO","ACTIVE","Vehicle Type"
"LOGISTICS","General Masters","COMPANYVEHICLE","Company Vehicle",91,"COMPANYVEHICLE","TNO","P91_TNO","INACTIVE MODULE","Fleet vehicle; inactive module and transaction linkage not established"
"ORGANISATIONAL","Hire to Retire","DEPARTMENT","Department",83,"DEPARTMENT","DEPARTMENTCODE","P83_TNO","ACTIVE","Department"
"ORGANISATIONAL","Hire to Retire","EMPLOYEE","Employee",85,"EMPLOYEE","TNO","P85_TNO","ACTIVE","Employee"
"ORGANISATIONAL","Hire to Retire","DESIGNATION","Designation",87,"DESIGNATION","","P87_TNO","ACTIVE","Designation"
"ORGANISATIONAL","Job & Services","PRODUCTIONCENTRE","Production Centre",206,"PRODUCTIONCENTRE","","P206_TNO","ACTIVE","Production Centre"
"ORGANISATIONAL","Setup & Admin","COMPANY","Company",4,"COMPANY","COMPANYCODE","P4_COMPANYCODE","ACTIVE","Company"
"ORGANISATIONAL","Setup & Admin","COSTCENTRE","Cost Centre",120,"COSTCENTRE","TNO","P120_TNO","ACTIVE","Cost Centre"
"ORGANISATIONAL","Setup & Admin","ADDITIONALBUSINESSPLACE","Additional Business Place",248,"ADDITIONALBUSINESSPLACE","","P248_TNO,P248_SNO","ACTIVE","Additional Business Place"
"REFERENCE","Asset Management","ASSETCATEGORY","Asset Category",668,"ASSETCATEGORY","","P668_TNO","ACTIVE","Asset Category"
"REFERENCE","Asset Management","ASSETCATEGORYDEPRATE","Asset Category Depreciation Rate",679,"ASSETCATEGORYDEPRATE","","P679_TNO","ACTIVE","Asset Category Depreciation Rate"
"REFERENCE","Finance & Accounts","TDSNATURE","TDS Nature",30,"TDSNATURE","TNO","P30_TNO","ACTIVE","TDS Nature"
"REFERENCE","Finance & Accounts","TDSTAXCATEGORY","TDS Tax Category",32,"TDSTAXCATEGORY","TNO","P32_TNO","ACTIVE","TDS Tax Category"
"REFERENCE","Finance & Accounts","TDSPAYEECATEGORY","TDS Payee Category",34,"TDSPAYEECATEGORY","TNO","P34_TNO","ACTIVE","TDS Payee Category"
"REFERENCE","Finance & Accounts","HSN","HSN",47,"HSN","TNO","P47_TNO","ACTIVE","HSN"
"REFERENCE","Finance & Accounts","PARTYTYPE","Party Type",71,"PARTYTYPE","PARTYTYPECODE","P71_TNO","ACTIVE","Party Type"
"REFERENCE","Finance & Accounts","FOOTERACCOUNT","Footer Account",93,"FOOTERACCOUNT","TNO","P93_TNO","ACTIVE","Footer Account"
"REFERENCE","Finance & Accounts","GROUPOFPARTY","Group of Party",97,"GROUPOFPARTY","TNO","P97_TNO","ACTIVE","Group of Party"
"REFERENCE","Finance & Accounts","JOBTYPEACCOUNT","Service Type Account",99,"JOBTYPEACCOUNT","","P99_TNO","ACTIVE","Service Type Account"
"REFERENCE","Finance & Accounts","FOOTERHEAD","Footer Head",102,"FOOTERHEAD","","P102_TNO","ACTIVE","Footer Head"
"REFERENCE","Finance & Accounts","BANK","Bank",124,"BANK","TNO","P124_TNO","ACTIVE","Bank"
"REFERENCE","Finance & Accounts","TAXRULE","Tax Rule",177,"TAXRULE","","P177_TNO","ACTIVE","Tax Rule"
"REFERENCE","Finance & Accounts","SAC","SAC",326,"SAC","","P326_TNO","ACTIVE","SAC"
"REFERENCE","Finance & Accounts","AGENTCOMMISSIONRATE","Agent Commission Rate",,"AGENTCOMMISSIONRATE","TNO","","ACTIVE, NO APEX PAGE MAP","Agent Commission Rate"
"REFERENCE","Freight Management","FREIGHTTYPE","Freight Type",79,"FREIGHTTYPE","TNO","P79_TNO","ACTIVE","Freight Type"
"REFERENCE","General Masters","CITY","City",8,"CITY","CITYCODE","P8_TNO","ACTIVE","City"
"REFERENCE","General Masters","INDUSTRYSECTOR","Industry Sector",57,"INDUSTRYSECTOR","TNO","P57_TNO","ACTIVE","Industry Sector"
"REFERENCE","General Masters","PACKINGTYPE","Packing Type",73,"PACKINGTYPE","TNO","P73_TNO","ACTIVE","Packing Type"
"REFERENCE","General Masters","ITEMMAKE","Item Make",106,"ITEMMAKE","","P106_TNO","ACTIVE","Item Make"
"REFERENCE","General Masters","TERMSANDCONDITIONHEAD","Terms and Condition Head",173,"TERMSANDCONDITIONHEAD","TERMSANDCONDITIONHEADCODE","P173_TNO","ACTIVE","Terms and Condition Head"
"REFERENCE","General Masters","ITEMGRADE","Item Grade",367,"ITEMGRADE","TNO","P367_TNO","ACTIVE","Item Grade"
"REFERENCE","General Masters","ITEMLENGTH","Item Length",369,"ITEMLENGTH","TNO","P369_TNO","ACTIVE","Item Length"
"REFERENCE","General Masters","ITEMWIDTH","Item Width",371,"ITEMWIDTH","TNO","P371_TNO","ACTIVE","Item Width"
"REFERENCE","General Masters","ITEMTHICKNESS","Item Thickness",373,"ITEMTHICKNESS","TNO","P373_TNO","ACTIVE","Item Thickness"
"REFERENCE","Hire to Retire","SHIFT","Shift",204,"SHIFT","","P204_TNO","ACTIVE","Shift"
"REFERENCE","Hire to Retire","PTSLAB","PT Slab",266,"PTSLAB","TNO","P266_TNO","ACTIVE","PT Slab"
"REFERENCE","Hire to Retire","PFANDESICSETTING","PF and ESIC Setting",332,"PFANDESICSETTING","","P332_TNO","ACTIVE","PF and ESIC Setting"
"REFERENCE","Hire to Retire","CATEGORY","Employee Category",340,"CATEGORY","","P340_TNO","ACTIVE","Employee Category"
"REFERENCE","Hire to Retire","LEAVESCHEME","Leave Scheme",342,"LEAVESCHEME","","P342_TNO","ACTIVE","Leave Scheme"
"REFERENCE","Hire to Retire","STAFFTYPE","Staff Type",602,"STAFFTYPE","STAFFTYPECODE","P602_TNO","ACTIVE","Staff Type"
"REFERENCE","Hire to Retire","SALARYHEAD","Salary Head",604,"SALARYHEAD","","P604_TNO","ACTIVE","Salary Head"
"REFERENCE","Hire to Retire","LOANCATEGORY","Loan Category",608,"LOANCATEGORY","","P608_TNO","ACTIVE","Loan Category"
"REFERENCE","Hire to Retire","LOANTYPE","Loan Type",610,"LOANTYPE","","P610_TNO","ACTIVE","Loan Type"
"REFERENCE","Hire to Retire","SALARYHEADACCOUNT","Salary Head Account",612,"SALARYHEADACCOUNT","","P612_TNO","ACTIVE","Salary Head Account"
"REFERENCE","Hire to Retire","ATTENDENCEHEAD","Attendance Head",616,"ATTENDENCEHEAD","","P616_TNO","ACTIVE","Attendance Head"
"REFERENCE","Hire to Retire","SALARYSCHEME","Salary Scheme",624,"SALARYSCHEME","","P624_TNO","ACTIVE","Salary Scheme"
"REFERENCE","Hire to Retire","LOANSCHEME","Loan Scheme",628,"LOANSCHEME","","P628_TNO","ACTIVE","Loan Scheme"
"REFERENCE","Hire to Retire","CONVEYANCESCHEME","Reimbursement Policy",649,"CONVEYANCESCHEME","","P649_TNO","ACTIVE","Reimbursement Policy"
"REFERENCE","Hire to Retire","TRAVELINGMODE","Traveling Mode",654,"TRAVELINGMODE","","P654_TNO","ACTIVE","Traveling Mode"
"REFERENCE","Hire to Retire","EXPENSETYPE","Expense Type",656,"EXPENSETYPE","","P656_TNO","ACTIVE","Expense Type"
"REFERENCE","Hire to Retire","CONVEYANCETYPE","Conveyance Type",662,"CONVEYANCETYPE","","P662_TNO","ACTIVE","Conveyance Type"
"REFERENCE","Inventory Control","MEASURINGUNIT","Measuring Unit / UOM",51,"MEASURINGUNIT","TNO","P51_TNO","ACTIVE","Measuring Unit / UOM"
"REFERENCE","Inventory Control","ITEMCHARACTERISTICS","Item Characteristics",53,"ITEMCHARACTERISTICS","TNO","P53_TNO","ACTIVE","Item Characteristics"
"REFERENCE","Inventory Control","ITEMCLASS","Item Class",61,"ITEMCLASS","","P61_TNO","ACTIVE","Item Class"
"REFERENCE","Inventory Control","ITEMNATURE","Item Nature",65,"ITEMNATURE","","P65_TNO","ACTIVE","Item Nature"
"REFERENCE","Inventory Control","ITEMACCOUNT","Item Account",211,"ITEMACCOUNT","","P211_TNO","ACTIVE","Item Account"
"REFERENCE","Job & Services","JOBTYPE","Service Type",95,"JOBTYPE","TNO","P95_TNO","ACTIVE","Service Type"
"REFERENCE","Setup & Admin","DOCTYPE","Document Type",22,"DOCTYPE","DOCTYPECODE","P22_TNO","ACTIVE","Document Type"
"REFERENCE","Setup & Admin","FINANCIALYEAR","Financial Year",28,"FINANCIALYEAR","FINANCIALYEARCODE","P28_TNO","ACTIVE","Financial Year"
"REFERENCE","Setup & Admin","GSTSETUP","GST Setup",308,"GSTSETUP","","P308_TNO","ACTIVE","GST Setup"
"REFERENCE","Setup & Admin","PARTYATTRIBUTE","Party Attribute",664,"PARTYATTRIBUTE","TNO","P664_TNO","ACTIVE","Party Attribute"
"TECHNICAL","Setup & Admin","CODESCHEME","Code Scheme",40,"CODESCHEME","COMPANYCODE,FINANCIALYEARCODE,MODULECODE","P40_TNO","ACTIVE","Code Scheme"
"TECHNICAL","Setup & Admin","CODESCHEMEMASTER","Code Scheme for Master Module",42,"CODESCHEMEMASTER","MODULECODE","P42_MODULECODE","ACTIVE","Code Scheme for Master Module"
"TECHNICAL","Setup & Admin","MODULEGROUP","Module Group",44,"MODULEGROUP","MODULEGROUPCODE","P44_TNO","ACTIVE","Module Group"
"TECHNICAL","Setup & Admin","MODULE","Module",45,"MODULE","MODULECODE","P45_MODULECODE","ACTIVE","Module"
"TECHNICAL","Setup & Admin","MODULEDOCTYPE","Module Document Type",75,"MODULEDOCTYPE","TNO","P75_TNO","ACTIVE","Module Document Type"
"TECHNICAL","Setup & Admin","MODULELOCATION","Module Location",77,"MODULELOCATION","TNO","P77_TNO","ACTIVE","Module Location"
"TECHNICAL","Setup & Admin","BOSSUSER","BOSS User",81,"BOSSUSER","TNO","P81_TNO","ACTIVE","BOSS User"
"TECHNICAL","Setup & Admin","MYPARAMETER","My Parameter",110,"MYPARAMETER","","P110_TNO","ACTIVE","My Parameter"
"TECHNICAL","Setup & Admin","MODULEPRIVILEGE","Module Privilege",136,"MODULEPRIVILEGE","COMPANYCODE,BOSSUSERCODE,MODULECODE","P136_TNO","ACTIVE","Module Privilege"
"TECHNICAL","Setup & Admin","MODULEDOCTYPEWISETAC","Module Document Type Wise TAC",225,"MODULEDOCTYPEWISETAC","","P225_TNO","ACTIVE","Module Document Type Wise TAC"
"TECHNICAL","Setup & Admin","MODULEFLOW","Module Flow",264,"MODULEFLOW","","P264_TNO","ACTIVE","Module Flow"
"TECHNICAL","Setup & Admin","PROCESSROUTING","Process Routing",716,"PROCESSROUTING","","P716_TNO","ACTIVE","Process Routing"
"TECHNICAL","Setup & Admin","PROCESSTAT","Process TAT",718,"PROCESSTAT","TNO","P718_TNO","ACTIVE","Process TAT"
"TECHNICAL","Setup & Admin","PROCESSESCALATION","Process Escalation",720,"PROCESSESCALATION","TNO","P720_TNO,P720_SNO","ACTIVE","Process Escalation"
