"COLUMN_ID","COLUMN_NAME","DATA_TYPE","DATA_LENGTH"
1,"MODULECODE","VARCHAR2",30
2,"MODULENAME","VARCHAR2",100
3,"FORMNAME","VARCHAR2",100
4,"MODULETYPE","VARCHAR2",100
5,"MODULETYPECODE","VARCHAR2",30
6,"MODULEGROUPCODE","VARCHAR2",30
7,"MODULESHORTNAME","VARCHAR2",10
8,"MASTERTABLENAME","VARCHAR2",30
9,"LOCATIONAPPLIED","VARCHAR2",3
10,"TRANSACTIONDATECOLUMN","VARCHAR2",30
11,"ICONNAME","VARCHAR2",30
12,"LABELCOLUMNNAME","VARCHAR2",30
13,"DEVELOPMENTREMARK","VARCHAR2",4000
14,"MODULESUBTYPECODE","VARCHAR2",30
15,"DETAILTABLENAME","VARCHAR2",30
16,"ITEMWISESTATUSAPPLIED","VARCHAR2",3
17,"SERIALNO","NUMBER",22
18,"FREEZEDATE","DATE",7
19,"ALLOWBACKDATEENTRY","VARCHAR2",3
20,"PAYMENTADVICECOLUMNNAME","VARCHAR2",100
21,"PAYMENTADVICEAMOUNTCOLUMN","VARCHAR2",100
22,"PAYMENTADVICEFORDOCTYPECODE","VARCHAR2",30
23,"VOUCHERPOSTINGDATE","VARCHAR2",30
24,"BASEMODULECODE","VARCHAR2",30
25,"PAGENO","VARCHAR2",10
26,"ENTRYPAGENO","VARCHAR2",10
27,"ISACTIVE","VARCHAR2",3
