"MODULEGROUPNAME","MODULECODE","MODULENAME","MASTERTABLENAME","DETAILTABLENAME","REGISTER_PAGE","FORM_PAGE","ISACTIVE"
" Setup & Admin","COMPANY","Company","COMPANY","","3","4","YES"
" Setup & Admin","LOCATION","Location","LOCATION","","24","25","YES"
" Setup & Admin","MODULELOCATION","Module Location","MODULELOCATION","","76","77","YES"
" Setup & Admin","MODULEGROUP","Module Group","MODULEGROUP","","43","44","YES"
" Setup & Admin","PARTYATTRIBUTE","Attribute","PARTYATTRIBUTE","ATTRIBUTEDETAIL","663","664","YES"
" Setup & Admin","CODESCHEMEMASTER","Code Scheme For Master Module","CODESCHEMEMASTER","","41","42","YES"
" Setup & Admin","BOSSUSEREMPLOYEE","Boss User Employee","","WORKREQUEST","267","267","YES"
" Setup & Admin","COSTCENTRE","Cost Centre","COSTCENTRE","COSTCENTRE","119","120","YES"
"General Masters","CITY","City","CITY","","7","8","YES"
"General Masters","COMPANYVEHICLE","Vehicle","COMPANYVEHICLE","","90","91","NO"
"General Masters","PACKINGTYPE","Packing Type","PACKINGTYPE","","72","73","YES"
"General Masters","VEHICLETYPE","Vehicle Type","VEHICLETYPE","","88","89","YES"
"General Masters","INDUSTRYSECTOR","Industry Sector","INDUSTRYSECTOR","","56","57","YES"
"General Masters","ITEMGRADE","Item Grade","ITEMGRADE","","366","367","YES"
"General Masters","ITEMLENGTH","Item Length","ITEMLENGTH","","368","369","YES"
"General Masters","ITEMMAKE","Item Make","ITEMMAKE","","105","106","YES"
"General Masters","ITEMTHICKNESS","Item Thickness","ITEMTHICKNESS","","372","373","YES"
"General Masters","ITEMWIDTH","Item Width","ITEMWIDTH","","370","371","YES"
"Procure to Pay","COMPARATIVESTATEMENT","Comparative Statement","COMPARATIVESTATEMENT","COMPARATIVESTATEMENTDETAIL","711","712","YES"
"Procure to Pay","MATERIALIN","Material In","MATERIALIN","MATERIALINDETAIL","68","69","YES"
"Order to Cash","MATERIALOUT","Material Out","MATERIALOUT","MATERIALOUTDETAIL","167","168","YES"
"Freight Management","FREIGHTTYPE","Freight Type","FREIGHTTYPE","FREIGHTADVICEDETAIL","78","79","YES"
"Finance & Accounts","AGENTCOMMISSIONRATE","Agent Commission Rate","AGENTCOMMISSIONRATE","AGENTCOMMISSIONRATEDETAIL","","","YES"
"Finance & Accounts","BANK","Bank","BANK","","123","124","YES"
"Finance & Accounts","BANKBOOK","Bank /  Cash Book","BANK","","252","252","YES"
"Finance & Accounts","BANKRECONSILATION","Bank Reconsilation","","","673","673","YES"
"Finance & Accounts","GROUPOFPARTY","Group Of Party","GROUPOFPARTY","","96","97","YES"
"Finance & Accounts","PARTY","Account Master","PARTY","","48","49","YES"
"Finance & Accounts","PARTYTYPE","Party Type","PARTYTYPE","","70","71","YES"
"Finance & Accounts","TDSPAYEECATEGORY","Tds Payee Category","TDSPAYEECATEGORY","","33","34","YES"
"Finance & Accounts","TDSTAXCATEGORY","Tds Tax Category","TDSTAXCATEGORY","","31","32","YES"
"Finance & Accounts","VENDOR","Vendor Master","VENDOR","","349","350","YES"
"Asset-Management","ASSETCATEGORY","Asset Category","ASSETCATEGORY","","667","668","YES"
"Asset-Management","ASSETCATEGORYDEPRATE","Asset Category Depriciation Rate","ASSETCATEGORYDEPRATE","","678","679","YES"
"Job & Services","PRODUCTIONCENTRE","Production Centre","PRODUCTIONCENTRE","","205","206","YES"
"Visitor Management","EMPLOYEEGATEPASS","Employee Gate Pass","EMPLOYEEGATEPASS","","284","285","YES"
"Inventory Control","ITEM","Item Master","ITEM","","58","59","YES"
"Inventory Control","ITEMCATEGORY","Item Category Master","ITEMCATEGORY","","54","55","YES"
"Inventory Control","ITEMCHARACTERISTICS","Item Characteristics","ITEMCHARACTERISTICS","","52","53","YES"
"Inventory Control","ITEMCLASS","Item Class Master","ITEMCLASS","","60","61","YES"
"Inventory Control","ITEMNATURE","Item Nature Master","ITEMNATURE","","64","65","YES"
"Inventory Control","ITEMOPENING","Item Opening","ITEMOPENING","ITEMOPENINGDETAIL","192","193","YES"
"Inventory Control","ITEMSPECIFICATION","Item Specification","ITEMSPECIFICATIONDETAIL","","20","13","YES"
"Inventory Control","ITEMTYPE","Item Group","ITEMTYPE","","36","37","YES"
"Inventory Control","MEASURINGUNIT","Measuring Unit","MEASURINGUNIT","","50","51","YES"
"Inventory Control","STORAGELOCATION","Storage Location","STORAGELOCATION","","127","128","YES"
"Inventory Control","CHARTOFITEMS","Chart Of Items","","","279","279","YES"
"Inventory Control","ITEMACCOUNT","Item Account","ITEMACCOUNT","ITEMACCOUNT","209","211","YES"
"Hire to Retire","EMPLOYEE","Employee Master","EMPLOYEE","","84","85","YES"
"Hire to Retire","EMPLOYEESALARY","Employee Salary","EMPLOYEESALARY","EMPLOYEESALARYDETAIL","621","622","YES"
"Hire to Retire","LOANCATEGORY","Loan Category","LOANCATEGORY","","607","608","YES"
"Hire to Retire","CHANGEINEMPLOYEE","Change In Employee","CHANGEINEMPLOYEE","","335","336","YES"
"Hire to Retire","EMPLOYEEDEDUCTIONEARNING","Employee Deduction Earning","EMPLOYEEDEDUCTIONEARNING","EMPLOYEEDEDUCTIONEARNINGDETAIL","625","626","YES"
"Hire to Retire","RESIGNATION","Employee Separation","Resignation","","337","338","YES"
"Hire to Retire","CATEGORY","Employee Category","CATEGORY","","339","340","YES"
"Hire to Retire","FULLANDFINAL","Employee Full And Final","FULLANDFINAL","null","695","696","YES"
"Hire to Retire","DEPARTMENT","Department","DEPARTMENT","","82","83","YES"
"Hire to Retire","DESIGNATION","Designation","DESIGNATION","","86","87","YES"
"Reports","FREIGHTADVANCEREGISTER","Payment Of Transporter Advance","","","283","283","YES"
"Reports","ITEMLEDGER","Item Ledger","ITEMLEDGER","","10","103","YES"
"Reports","STOCKSLWISE","Stock Storage Location Wise","","","144","144","YES"
"Reports","STOCKSTATEMENT","Stock Statement","","","407","407","YES"
"Reports","ITEMAVGSELLINGRATE","Item Average Selling Rate","","","388","388","YES"
"Reports","PURCHASEPARTYPAYMENTREGISTER","Purchase Party Payment Register","","","291","291","YES"
"","DINSPECTION","Department Inspection","DINSPECTION","DEPARTMENTINSPECTIONDETAIL","1","","YES"
"","COSTCENTRELEDGERWITHACCOUNT","COST CENTRE LEDGER WITH ACCOUNT","","","275","275","YES"
