"PAGE_ID","PAGE_NAME","PAGE_ALIAS","REGION_ID","REGION_NAME","REGION_TYPE","STATIC_ID","KPI_COVERAGE"
4,"Company Master","COMPANY-MASTER",839341932947819008,"Attributes","NATIVE_IR","attributes","MISSING"
7,"City List","CITY-LIST",574790786672748956,"City List","NATIVE_IR","city-list","PRESENT"
13,"Item Specification Master","ITEM-SPECIFICATION-MASTER",585341654375311226,"Item Specification Detail","NATIVE_IG","item-specification-detail","MISSING"
20,"Item Specification List","ITEM-SPECIFICATION-LIST",585394972912631849,"Item Specification List","NATIVE_IR","item-specification-list","MISSING"
21,"Doctype List","DOCTYPE-LIST",577708479865829640,"Doctype List","NATIVE_IR","doctype-list","PRESENT"
24,"Location List","LOCATION-MASTER",743319618504596310,"Location Master","NATIVE_IR","location-master","PRESENT"
25,"Location Master","LOCATION-MASTER1",915203152336029741,"Location Detail","NATIVE_IR","location-detail","MISSING"
25,"Location Master","LOCATION-MASTER1",1084920989532064203,"Attachment","NATIVE_IR","attachment","MISSING"
27,"Financialyear List","FINANCIALYEAR-LIST",577881070437090375,"Financialyear List","NATIVE_IR","financialyear-list","PRESENT"
31,"TDS Tax Category List","TDS-TAX-CATEGORY-LIST",578820915962761142,"TDS Tax Category List","NATIVE_IR","tds-tax-category-list","PRESENT"
32,"TDS Tax Category Master","TDS-TAX-CATEGORY-MASTER",443951070404287934,"Detail","NATIVE_IG","detail","MISSING"
33,"TDS Payee Category List","TDS-PAYEE-CATEGORY-LIST",578974093196552172,"TDS Payee Category List","NATIVE_IR","tds-payee-category-list","PRESENT"
36,"Item Group List","ITEM-TYPE-LIST",579537400972282563,"Item Group List","NATIVE_IR","item-type-list","PRESENT"
41,"Code Scheme Master Report","CODE-SCHEME-MASTER-REPORT",845945385271685761,"Code Scheme Master Report","NATIVE_IR","code-scheme-master-report","PRESENT"
43,"Module Group List","MODULE-GROUP-LIST",831598276746866557,"Module Group List","NATIVE_IR","module-group-list","PRESENT"
46,"HSN List","HSN-LIST",579604261154293435,"Hsn List","NATIVE_IR","hsn-list","PRESENT"
48,"Account Master","ACCOUNT-MASTER",754901961686653551,"Account Master Report","NATIVE_IR","account-master-report","PRESENT"
49,"Account Master","ACCOUNT-MASTER1",867309903131625538,"Packing (Depo Only)","NATIVE_IG","packing-depo-only","MISSING"
49,"Account Master","ACCOUNT-MASTER1",867311329884625553,"Transporter","NATIVE_IG","transporter","MISSING"
49,"Account Master","ACCOUNT-MASTER1",871105671687970738,"Depot","NATIVE_IG","depot","MISSING"
49,"Account Master","ACCOUNT-MASTER1",871105798633970739,"Attributes","NATIVE_IR","attributes","MISSING"
49,"Account Master","ACCOUNT-MASTER1",719859650577852312,"Policy","NATIVE_IG","policy","MISSING"
49,"Account Master","ACCOUNT-MASTER1",871105999670970741,"Depriciation","NATIVE_IG","depriciation","MISSING"
49,"Account Master","ACCOUNT-MASTER1",871106082044970742,"Company","NATIVE_IG","company","MISSING"
49,"Account Master","ACCOUNT-MASTER1",871106135584970743,"Bank","NATIVE_IG","bank","MISSING"
49,"Account Master","ACCOUNT-MASTER1",872645995636037636,"Attachment","NATIVE_IR","attachment","MISSING"
49,"Account Master","ACCOUNT-MASTER1",291344074152538083,"Ship To Address","NATIVE_IG","ship-to-address","MISSING"
50,"Measuring Unit List","MEASURING-UNIT-LIST",579865637102746482,"Measuring Unit List","NATIVE_IR","measuring-unit-list","PRESENT"
52,"Item Characteristics List","ITEM-CHARACTERISTICS-LIST",580031538148169714,"Item Characteristics List","NATIVE_IR","item-characteristics-list","PRESENT"
53,"Item Characteristics Master","ITEM-CHARACTERISTICS-MASTER",579898428309851938,"Detail","NATIVE_IG","detail","MISSING"
54,"Item Category List","ITEM-CATEGORY-LIST",580624887508608713,"Item Category List","NATIVE_IR","item-category-list","PRESENT"
56,"Industry Sector List","INDUSTRY-SECTOR-LIST",580733614104101714,"Industry Sector List","NATIVE_IR","industry-sector-list","PRESENT"
58,"Item Master List","ITEM-MASTER-LIST",473065967489273535,"Item Master","NATIVE_IR","item-master","PRESENT"
59,"Item Master","ITEM-MASTER",579980325303982549,"DETAIL","NATIVE_IG","detail","MISSING"
59,"Item Master","ITEM-MASTER",590605141349368070,"Characteristics","NATIVE_IG","characteristics","MISSING"
60,"Item Class List","ITEM-CLASS-LIST",582521117638290936,"Item Class List","NATIVE_IR","item-class-list","PRESENT"
64,"Item Nature List","ITEM-NATURE-LIST",582770819300752054,"Item Nature List","NATIVE_IR","item-nature-list","PRESENT"
66,"Account Opening List","ACCOUNT-OPENING-LIST",886493536659587176,"Account Opening List","NATIVE_IR","account-opening-list","MISSING"
68,"Material In Register","MATERIAL-IN-REGISTER",467480205903360014,"Report(Material In)","NATIVE_IR","report-material-in","PRESENT"
70,"Party Type List","PARTY-TYPE-LIST",583476101503978175,"Party Type List","NATIVE_IR","party-type-list","PRESENT"
72,"Packing Type List","PACKING-TYPE-LIST",583551953420853975,"Packing Type List","NATIVE_IR","packing-type-list","PRESENT"
74,"Module Doc Type List","MODULE-DOC-TYPE-LIST",583627288861140288,"Module Doc Type List","NATIVE_IR","module-doc-type-list","PRESENT"
75,"Module Doc Type Master","MODULE-DOC-TYPE-MASTER",590602583999368045,"Detail","NATIVE_IG","detail","MISSING"
76,"Module Location List","MODULE-LOCATION-LIST",583680671318364752,"Module Location List","NATIVE_IR","module-location-list","PRESENT"
77,"Module Location Master","MODULE-LOCATION-MASTER",590603838027368057,"Detail","NATIVE_IG","detail","MISSING"
78,"Freight Type List","FREIGHT-TYPE-LIST",584246633316121660,"Freight Type List","NATIVE_IR","freight-type-list","PRESENT"
80,"BOSS User List","BOSS-USER-LIST",584438992329373966,"BOSS User List","NATIVE_IR","boss-user-list","PRESENT"
81,"BOSS User Master","BOSS-USER-MASTER",584485647534406828,"Detail","NATIVE_IG","detail","MISSING"
82,"Department List","DEPARTMENT-LIST",584695714240131874,"Department List","NATIVE_IR","department-list","PRESENT"
84,"Employee List","EMPLOYEE-LIST",584376620407326251,"Employee List","NATIVE_IR","employee-list","PRESENT"
85,"Employee Master","EMPLOYEE-MASTER1",483818153756937383,"Photo","NATIVE_IR","photo","MISSING"
85,"Employee Master","EMPLOYEE-MASTER1",512455930064230281,"Detail","NATIVE_IG","detail","MISSING"
85,"Employee Master","EMPLOYEE-MASTER1",482001520163163523,"Qualification","NATIVE_IG","qualification","MISSING"
85,"Employee Master","EMPLOYEE-MASTER1",483360957062849590,"Experience","NATIVE_IG","experience","MISSING"
85,"Employee Master","EMPLOYEE-MASTER1",483362542724849606,"References","NATIVE_IG","references","MISSING"
85,"Employee Master","EMPLOYEE-MASTER1",483446469085054576,"Loan Account","NATIVE_IG","loan-account","MISSING"
85,"Employee Master","EMPLOYEE-MASTER1",483447570097054587,"Family","NATIVE_IG","family","MISSING"
85,"Employee Master","EMPLOYEE-MASTER1",1224515593087684984,"Attachment","NATIVE_IR","attachment","MISSING"
85,"Employee Master","EMPLOYEE-MASTER1",483449619754054607,"Earned Salary","NATIVE_IG","earned-salary","MISSING"
85,"Employee Master","EMPLOYEE-MASTER1",483592986512279187,"Changes","NATIVE_IG","changes","MISSING"
86,"Designation List","DESIGNATION-LIST",584767688844299572,"Designation List","NATIVE_IR","designation-list","PRESENT"
88,"Vehicle Type List","VEHICLE-TYPE-LIST",585414744620221913,"Vehicle Type List","NATIVE_IR","vehicle-type-list","PRESENT"
90,"Company Vehicle List","COMPANY-VEHICLE-LIST",585482435493463795,"Company Vehicle List","NATIVE_IR","company-vehicle-list","MISSING"
92,"Footer Account List","FOOTER-ACCOUNT-LIST",586073321320249385,"Footer Account List","NATIVE_IR","footer-account-list","PRESENT"
94,"Service Type List","JOB-TYPE-LIST",586199254508231152,"Service Type List","NATIVE_IR","service-type-list","PRESENT"
96,"Group Of Party List","GROUP-OF-PARTY-LIST",586288908506110213,"Group Of Party List","NATIVE_IR","group-of-party-list","PRESENT"
97,"Group Of Party Master","GROUP-OF-PARTY-MASTER",592262839046907958,"Detail","NATIVE_IG","detail","MISSING"
98,"Service Type Account List","JOB-TYPE-ACCOUNT-LIST",586357728787282497,"Service Type Account List","NATIVE_IR","service-type-account-list","PRESENT"
100,"item specification master copy","ITEM-SPECIFICATION-MASTER-COPY",731397529929042315,"Itemsp","NATIVE_IG","itemsp","MISSING"
101,"Footer Head List","FOOTER-HEAD-LIST",587061762255122761,"Footer Head List","NATIVE_IR","footer-head-list","PRESENT"
103,"Employee List","EMPLOYEE-LIST1",587224639552375010,"Employee List","NATIVE_IR","employee-list","MISSING"
105,"Item Make List","ITEM-MAKE-LIST",587568676866001251,"Item Make List","NATIVE_IR","item-make-list","PRESENT"
107,"Indent Register","INDENT-REGISTER",477903160125596064,"Indent Register Report","NATIVE_IR","indent-register-report","PRESENT"
109,"My Parameter List","MY-PARAMETER-LIST",587636554648203366,"My Parameter List","NATIVE_IR","my-parameter-list","PRESENT"
111,"Quality List","QUALITY-LIST",588739501640962044,"Quality List","NATIVE_IR","quality-list","MISSING"
113,"Quality Type List","QUALITY-TYPE-LIST",588806425170150851,"Quality Type List","NATIVE_IR","quality-type-list","MISSING"
115,"Item Quality List","ITEM-QUALITY-LIST",588884606095317622,"Item Quality List","NATIVE_IR","item-quality-list","MISSING"
117,"Purchase Order List","PURCHASE-ORDER-LIST",944894414656371253,"Purchase Order Report","NATIVE_IR","purchase-order-report","PRESENT"
119,"Cost Centre List","COST-CENTRE-LIST",589281362394674427,"Cost Centre List","NATIVE_IR","cost-centre-list","PRESENT"
121,"Currency Unit List","CURRENCY-UNIT-LIST",589363510932892364,"Currency Unit List","NATIVE_IR","currency-unit-list","MISSING"
123,"Bank List","BANK-LIST",593581838480385584,"Bank List","NATIVE_IR","bank-list","PRESENT"
127,"Storage Location List","STORAGE-LOCATION-LIST",593679801670085312,"Storage Location List","NATIVE_IR","storage-location-list","PRESENT"
129,"Requisition Register","REQUISITION-REGISTER",514060478330215751,"Material Requisition Register","NATIVE_IR","material-requisition-register","MISSING"
130,"Requisition Master","REQUISITION-MASTER",595277644062918668,"Requisition Detail","NATIVE_IG","requisition-detail","MISSING"
130,"Requisition Master","REQUISITION-MASTER",1181683001068105075,"Attachment","NATIVE_IR","attachment","MISSING"
130,"Requisition Master","REQUISITION-MASTER",596047658617595343,"Requisition Cost Centre","NATIVE_IG","requisition-cost-centre","MISSING"
132,"Weighment  List","WEIGHMENT-LIST",595188795335788960,"Weighment  List","NATIVE_IR","weighment-list","MISSING"
134,"E-Invoice Report","E-INVOICE-REPORT",613073133236816312,"E-Invoice Report","NATIVE_IR","e-invoice-report","MISSING"
137,"Issue Register","ISSUE-REGISTER",468469204151039622,"Material Issue Report","NATIVE_IR","material-issue-report","MISSING"
139,"Payment Advice Register","PAYMENT-ADVICE-REGISTER",470972124676845228,"New","NATIVE_IR","new","MISSING"
142,"Purchase Bill Register","PURCHASE-BILL-REGISTER",484351041090418341,"Purchase Bill Register Report","NATIVE_IR","purchase-bill-register-report","PRESENT"
145,"GRN Register","GRN-REGISTER",467319924760404589,"GRN Report","NATIVE_IR","grn-report","PRESENT"
147,"PO Amendment Register","PO-AMENDMENT-REGISTER",500104838763311836,"PO Amendment","NATIVE_IR","po-amendment","MISSING"
149,"Issue Return List","ISSUE-RETURN-LIST",601429680349145904,"Issue Return List","NATIVE_IR","issue-return-list","MISSING"
150,"Issue Return Master","ISSUE-RETURN-MASTER",600485184160400672,"Issue Return Detail","NATIVE_IG","issue-return-detail","MISSING"
150,"Issue Return Master","ISSUE-RETURN-MASTER",601491279507281641,"Issue Return Cost Centre","NATIVE_IG","issue-return-cost-centre","MISSING"
150,"Issue Return Master","ISSUE-RETURN-MASTER",601493306352281661,"Issue Return Stock Detail","NATIVE_IG","issue-return-stock-detail","MISSING"
150,"Issue Return Master","ISSUE-RETURN-MASTER",1499777416694481587,"Attachment","NATIVE_IR","attachment","MISSING"
151,"Purchase Bill Pass Register","PURCHASE-BILL-PASS-REGISTER",504438909802769323,"Purchase Bill Pass Register Report","NATIVE_IR","purchase-bill-pass-register-report","PRESENT"
153,"Voucher List","VOUCHER-LIST",845939909901338133,"Voucher Detail List","NATIVE_IG","voucher-detail-list","MISSING"
154,"Loading Advice List","LOADING-ADVICE-LIST",603956119249045018,"Loading Advice List","NATIVE_IR","loading-advice-list","MISSING"
158,"Debit Note List","DEBIT-NOTE-LIST",855475548046099083,"Debit Note List","NATIVE_IR","debit-note-list","MISSING"
160,"Despatch Advice Register","DESPATCH-ADVICE-REGISTER",604865642406184046,"Dispatch Advice Register Report","NATIVE_IR","dispatch-advice-register-report","MISSING"
165,"Credit Note List","CREDIT-NOTE-LIST",801384753786481411,"Report","NATIVE_IR","report","MISSING"
167,"Material Out Register","MATERIAL-OUT-REGISTER",512288033104679057,"Material Out Register","NATIVE_IR","material-out-register","MISSING"
170,"Sales Order Register","SALES-ORDER-REGISTER",578271541182137349,"Sales Order Register","NATIVE_IR","sales-order-register","MISSING"
172,"Terms & Condistion HeadList","TERMS-CONDISTION-HEADLIST",609174684093545011,"Terms & Condistion HeadList","NATIVE_IR","terms-condistion-headlist","PRESENT"
174,"CC Invoice Register","CC-INVOICE-REGISTER",573917201776151631,"CC Invoice Register Report","NATIVE_IR","cc-invoice-register-report","MISSING"
176,"Tax Rule List","TAX-RULE-LIST",611150870194606774,"Tax Rule List","NATIVE_IR","tax-rule-list","PRESENT"
178,"Service Order List","JOB-ORDER-LIST",611898560320615286,"Job Order List","NATIVE_IR","job-order-list","MISSING"
183,"Sales GRN List","SALES-GRN-LIST",613127647354835954,"Sales GRN List","NATIVE_IR","sales-grn-list","MISSING"
192," Item Opening List","ITEM-OPENING-LIST",838938733136155929,"Item Opening List","NATIVE_IR","item-opening-list","MISSING"
194,"Gate Pass Register","GATE-PASS-REGISTER",594028798366656767,"Gate Pass Register Report","NATIVE_IR","gate-pass-register-report","MISSING"
196,"Production List","PRODUCTION-LIST",443319794454722752,"Production List","NATIVE_IR","production-list","MISSING"
198,"Freight Advice List","FREIGHT-ADVICE-LIST",506009576941145204,"Freight Advice List","NATIVE_IR","freight-advice-list","MISSING"
201,"BOM List","BOM-LIST",443539642980668122,"BOM List","NATIVE_IR","bom-list","MISSING"
203,"Shift List","SHIFT-LIST",444065914123070097,"Shift List","NATIVE_IR","shift-list","PRESENT"
205,"Production Centre List","PRODUCTION-CENTRE-LIST",444146032355482444,"Production Centre List","NATIVE_IR","production-centre-list","PRESENT"
207,"Reverse Charge Register","REVERSE-CHARGE-REGISTER",554148487385059110,"Reverse Charge List","NATIVE_IR","reverse-charge-list","MISSING"
209,"Item Account List","ITEMACCOUNT-REPORT",449120996069167789,"Item Account List","NATIVE_IR","item-account-list","PRESENT"
210,"Payable/Receivable Aging Report","PAYABLE-RECEIVABLE-AGING-REPORT",746296597373680276,"Creditors Aging Report","NATIVE_IR","creditors-aging-report","MISSING"
212,"Service Bill Register","JOB-BILL-REGISTER",511865500872423775,"Job Bill Register Report","NATIVE_IR","job-bill-register-report","MISSING"
214,"Agent Commision Rate List","AGENT-COMMISION-RATE-LIST",449994081294410699,"Agent Commision Rate List","NATIVE_IR","agent-commision-rate-list","MISSING"
216,"Sale Incentive Rate Register","SALE-INCENTIVE-RATE-REGISTER",450489618753956748,"Sale Incentive Rate Register","NATIVE_IR","sale-incentive-rate-register","MISSING"
219,"Creditors Aging Detail Report","CREDITORS-AGING-DETAIL-REPORT1",811164723847924758,"Payable/Receivable Ageing Detail Report","NATIVE_IR","payable-receivable-ageing-detail-report","MISSING"
220,"Service Bill Pass Register","JOB-BILL-PASS-REGISTER",533487482412150143,"Service Bill Pass Register Report","NATIVE_IR","service-bill-pass-register-report","MISSING"
222,"MRN List","MRN-LIST",456974392566741723,"MRN List","NATIVE_IR","mrn-list","MISSING"
224,"Module Wise TAC List","MODULE-WISE-TAC-LIST",460787098670416990,"Module Wise TAC List","NATIVE_IR","module-wise-tac-list","MISSING"
229,"GSTR1 Register","GSTR1-REGISTER",479359855431728705,"GSTR1 Register","NATIVE_IR","gstr1-register","MISSING"
231,"GST Input Report As Per Voucher","GST-INPUT-REPORT-AS-PER-VOUCHER",729079355961894289,"GST Input Report","NATIVE_IR","gst-input-report","MISSING"
233,"GST Output Report As Per Voucher","GST-OUTPUT-REPORT-AS-PER-VOUCHER",749010348743988364,"GST Output Report","NATIVE_IR","gst-output-report","MISSING"
243,"Stock Revaluation Register","STOCK-REVALUATION-REGISTER",645271766068777095,"Stock Revaluation","NATIVE_IR","stock-revaluation","MISSING"
245,"Stock Taking Register","STOCK-TAKING-REGISTER",721258456306003468,"Stock Taking","NATIVE_IR","stock-taking","MISSING"
247,"Additional Business Place List","ADDITIONAL-BUSINESS-PLACE-LIST",294800083866940723,"Additional Business Place List","NATIVE_IR","additional-business-place-list","MISSING"
262,"PF Monthly Report","PF-MONTHLY-REPORT",305508777621806326,"PF Monthly Report","NATIVE_IG","pf-monthly-report","MISSING"
263,"Module Flow List","MODULE-FLOW-LIST",448871020061554529,"Module Flow","NATIVE_IR","module-flow","PRESENT"
265,"PT Slab Register","PT-SLAB-REGISTER",601260756642366653,"PT Slab Register","NATIVE_IR","pt-slab-register","PRESENT"
266,"PT Slab Master","PT-SLAB-MASTER",559750893463617669,"Detail","NATIVE_IG","detail","MISSING"
268,"ESIC Monthly Report","ESIC-MONTHLY-REPORT",393556914767604041,"ESIC Monthly Report","NATIVE_IG","esic-monthly-report","MISSING"
269,"Bonus Scheme List","BONUS-SCHEME-LIST",318335536188876697,"Bonus Scheme List","NATIVE_IR","bonus-scheme-list","MISSING"
273,"PO Receipt List","PO-RECEIPT-LIST",209951780917329537,"PO Receipt List","NATIVE_IR","po-receipt-list","MISSING"
276,"Bonus List","BONUS-LIST",218314976053779949,"Bonus List","NATIVE_IR","bonus-list","MISSING"
284,"Employee Gate Pass List","EMPLOYEE-GATE-PASS-LIST",219219779842966370,"Employee Gate Pass List","NATIVE_IR","employee-gate-pass-list","MISSING"
286,"Zone List","ZONE-LIST",584572350524502310,"Zone List","NATIVE_IR","zone-list","PRESENT"
290,"Daily Despatch Report","DAILY-DESPATCH-REPORT",216316007075301282,"Daily Despatch Report","NATIVE_IR","daily-despatch-report","MISSING"
291,"Purchase Party Payment Register","PURCHASE-PARTY-AMOUNT-REPORT",186894187453791355,"Purchase Party Amount Register","NATIVE_IR","purchase-party-amount-register","MISSING"
293,"Fixed Asset Register","FIXED-ASSET-REGISTER",225151042574869792,"Fixed Asset Register","NATIVE_IR","fixed-asset-register-2","MISSING"
294,"Depreciation Register","DEPRECIATION-REGISTER",225162597216874095,"Depreciation","NATIVE_IR","depreciation","MISSING"
295,"Freight Rate Approval Register","FREIGHT-RATE-APPROVAL-REGISTER",217221131360948874,"Freight Advance Register","NATIVE_IR","freight-advance-register","MISSING"
300,"Cheque Receipt List","CHEQUE-RECEIPT-LIST",471118625768211594,"Cheque Receipt List","NATIVE_IR","cheque-receipt-list","MISSING"
302,"Cheque Book Issue List","CHEQUE-BOOK-ISSUE-LIST",471227543258873953,"Cheque Book Issue List","NATIVE_IR","cheque-book-issue-list","MISSING"
304,"Service Bill Register","SERVICE-BILL-REGISTER",523472344189938035,"Service Bill Register Report","NATIVE_IR","service-bill-register-report","MISSING"
307,"GST Setup List","GST-SETUP-LIST",189106227408255764,"GST Setup List","NATIVE_IR","gst-setup-list","MISSING"
310,"location list","LOCATION-LIST",192124335951032243,"location list","NATIVE_IR","location-list","MISSING"
311,"Challan List","CHALLAN-LIST",189408356128780990,"Challan List","NATIVE_IR","challan-list","MISSING"
314,"Payment Advice Report","PAYMENT-ADVICE-ONLY-REPORT",194017613650070977,"Payment Advice Report","NATIVE_IR","payment-advice-report","MISSING"
315,"Account Master Import","ACCOUNT-MASTER-IMPORT",195258833458648376,"Preview","NATIVE_SQL_REPORT","preview","MISSING"
316,"Import Register","IMPORT-REGISTER",539641132128264835,"Import Register","NATIVE_IR","import-register","MISSING"
319,"Footer Formula List","FOOTER-FORMULA-LIST",196082810228355181,"Footer Formula List","NATIVE_IR","footer-formula-list","MISSING"
322,"SAC List","SAC-LIST",612503268491084005,"Sac List","NATIVE_IR","sac-list","PRESENT"
335,"Change In Employee List","CHANGE-IN-EMPLOYEE-LIST",598915441862590639,"Change In Employee","NATIVE_IR","change-in-employee","MISSING"
337,"Employee Separation List","EMPLOYEE-SEPARATION-LIST",642991873717139935,"Employee Separation","NATIVE_IR","employee-separation","MISSING"
341,"Leave Scheme List","LEAVE-SCHEME-LIST",731685944754701785,"Leave Scheme","NATIVE_IR","leave-scheme","MISSING"
347,"Advance Receipt List","ADVANCE-RECEIPT-LIST",506313811322508472,"Advance Receipt List","NATIVE_IR","advance-receipt-list","MISSING"
349,"Vendor Register","VENDOR-REGISTER",627223253812804561,"Vendor List","NATIVE_IR","vendor-list","PRESENT"
351,"GSTR9 Register","GSTR9-REGISTER",521245344516031622,"GSTR9 Register","NATIVE_IR","gstr9-register","MISSING"
364,"Transactional Summary Report","TRANSACTIONAL-SUMMARY-REPORT",51270069056927293,"Transactional Summary","NATIVE_IR","transactional-summary","MISSING"
366,"Item Grade List","ITEM-GRADE-LIST",602895307997478548,"Item Grade List","NATIVE_IR","item-grade-list","PRESENT"
368,"Item Length List","ITEM-LENGTH-LIST",602942157627563191,"Item Length List","NATIVE_IR","item-length-list","PRESENT"
370,"Item Width List","ITEM-WIDTH-LIST",602994696748638546,"Item Width List","NATIVE_IR","item-width-list","PRESENT"
372,"Item Thickness List","ITEM-THICKNESS-LIST",603085912540729520,"Item Thickness List","NATIVE_IR","item-thickness-list","PRESENT"
375,"Pending Dispatch Quantity Register","PENDING-DISPATCH-QUANTITY-REGISTER",57203661423730711,"Pending Dispatch Quantity Register","NATIVE_IR","pending-dispatch-quantity-register","MISSING"
378,"GRN Pending for Purchase Bill Report","GRN-PENDING-PURCHASE-BILL-REPORT",59275451967807191,"Pending Purchase Bill Report","NATIVE_IR","pending-purchase-bill-report","MISSING"
382,"Proforma Invoice Report","PROFORMA-INVOICE-REPORT",19829060650332680,"Proforma Invoice Report","NATIVE_IR","proforma-invoice-report","MISSING"
403,"GST Input Report As Per Transaction","GST-INPUT-REPORT-AS-PER-TRANSACTION",536200138419635956,"GST Input Report","NATIVE_IR","gst-input-report","MISSING"
404,"GST Output Report As Per Transaction","GST-OUTPUT-REPORT-AS-PER-TRANSACTION",556095672323672456,"GST Output Report","NATIVE_IR","gst-output-report","MISSING"
414,"Schedule Register","SCHEDULE-REGISTER",532191270663955582,"Schedule Register","NATIVE_IR","schedule-register","MISSING"
417,"TDS Challan Register","TDS-CHALLAN-REGISTER",488051620533507277,"Report(Material In)","NATIVE_IR","report-material-in","MISSING"
419,"ESIC Challan Register","ESIC-CHALLAN-REGISTER",509341019426674932,"Report ","NATIVE_IR","report","MISSING"
523,"Creditors Aging Detail Report","CREDITORS-AGING-DETAIL-REPORT",691337154239456138,"Creditors Aging Detail Report","NATIVE_IR","creditors-aging-detail-report","MISSING"
601,"Staff Type List","STAFF-TYPE-LIST",599665964251280510,"Staff Type List","NATIVE_IR","staff-type-list","PRESENT"
603,"Salary Head List","SALARY-HEAD-LIST",614601337361369882,"Salary Head List","NATIVE_IR","salary-head-list","PRESENT"
605,"Leave List","LEAVE-LIST",629656715357751485,"Leave List","NATIVE_IR","leave-list","MISSING"
607,"Loan Category List","LOAN-CATEGORY-LIST",614771914320735980,"Loan Category List","NATIVE_IR","loan-category-list","PRESENT"
609,"Loan Type List","LOAN-TYPE-LIST",629930148699266637,"Loan Type List","NATIVE_IR","loan-type-list","PRESENT"
613,"Qualification Type List","QUALIFICATION-TYPE-LIST1",454363655506916258,"Qualification Type List","NATIVE_IR","qualification-type-list","MISSING"
615,"Attendence Head List","ATTENDENCE-HEAD-LIST",629991896040608259,"Attendence Head List","NATIVE_IR","attendence-head-list","PRESENT"
617,"Qualification List","QUALIFICATION-LIST",645485315536975711,"Qualification List","NATIVE_IR","qualification-list","MISSING"
644,"Visitor Gate pass Register","VISITOR-GATE-PASS-REGISTER",477376970416587842,"Visitor Gate pass Register Report","NATIVE_IR","visitor-gate-pass-register-report","MISSING"
648,"Reimbursement Policy list","REIMBURSEMENT-POLICY-LIST",464818680658630333,"Reimbursement Policy list","NATIVE_IR","reimbursement-policy-list","PRESENT"
651,"On Duty Request List","ON-DUTY-REQUEST-LIST",465018788150855294,"On Duty Request List","NATIVE_IR","on-duty-request-list","MISSING"
657,"OD Request On Special Approval List","OD-REQUEST-ON-SPECIAL-APPROVAL-LIST",491334630131997996,"OD Request On Special Approval List","NATIVE_IR","od-request-on-special-approval-list","MISSING"
659,"Reimbursement Claim List","REIMBURSEMENT-CLAIM-LIST1",465962029896663203,"Reimbursement Claim List","NATIVE_IR","reimbursement-claim-list","MISSING"
665,"Asset Opening List","ASSET-OPENING",485593416100137434,"Asset Opening","NATIVE_IR","asset-opening","MISSING"
667,"Asset Category List","ASSET-CATEGORY-LIST",611308076690226660,"Asset Category List","NATIVE_IR","asset-category-list","PRESENT"
669,"Asset Sale List","ASSET-SALE-LIST",516885773362388308,"Asset Opening","NATIVE_IR","asset-opening","MISSING"
674,"Asset List","ASSET-LIST",518296319056504563,"Asset","NATIVE_IR","asset","PRESENT"
676,"Depreciation List","DEPRECIATION-LIST",472523031821017077,"Depreciation List","NATIVE_IR","depreciation-list","MISSING"
678,"Asset Category Depreciation Rate List","ASSET-CATEGORY-DEPRECIATION-RATE-LIST1",473310978527248385,"Asset Category Depreciation Rate List","NATIVE_IR","asset-category-depreciation-rate-list","PRESENT"
679,"Asset Category Depreciation Rate List","ASSET-CATEGORY-DEPRECIATION-RATE-LIST",472486347102399634,"Detail","NATIVE_IG","detail","MISSING"
681,"Salary Voucher List","SALARY-VOUCHER-LIST",480034596034426123,"Salary Voucher List","NATIVE_IR","salary-voucher-list","MISSING"
683,"Salary Payment Advice List","SALARY-PAYMENT-ADVICE-LIST1",480438569233038815,"Salary Payment Advice List","NATIVE_IR","salary-payment-advice-list","MISSING"
684,"Salary Payment Advice List","SALARY-PAYMENT-ADVICE-LIST",480576576027162391,"Detail","NATIVE_IG","detail","MISSING"
685,"Hold Salary List","HOLD-SALARY-LIST",482232375177012831,"Hold Salary List","NATIVE_IR","hold-salary-list","MISSING"
687,"Un-Hold Salary list","UN-HOLD-SALARY-LIST1",483019373770074957,"Un-Hold Salary list","NATIVE_IR","un-hold-salary-list","MISSING"
689,"Opening Leave List","OPENING-LEAVE-LIST",485122376786622092,"Opening Leave List","NATIVE_IR","opening-leave-list","MISSING"
691,"Asset Transfer List","ASSET-TRANSFER-LIST",487625767753841617,"Asset Transfer List","NATIVE_IR","asset-transfer-list","MISSING"
693,"Opening Loan list","OPENING-LOAN-LIST",488091905783777899,"Opening Loan list","NATIVE_IR","opening-loan-list","MISSING"
695,"Full and Final List","FULL-AND-FINAL-LIST",488227292182126200,"Full and Final List","NATIVE_IR","full-and-final-list","MISSING"
701,"Sales Enquiry List","SALES-ENQUIRY-LIST",231408634368176212,"Sales Enquiry List","NATIVE_IR","sales-enquiry-list","MISSING"
704,"Sales Quotation List","SALES-QUOTATION-LIST",232021330335737131,"Sales Quotation List","NATIVE_IR","sales-quotation-list","MISSING"
707,"Enquiry Register","ENQUIRY-REGISTER",416786540566841742,"Enquiry Report","NATIVE_IR","enquiry-report","MISSING"
709,"Quotation Register","QUOTATION-REGISTER",439473576294649698,"Quotation Report","NATIVE_IR","quotation-report","MISSING"
711,"Comparative Statement Register","COMPARATIVE-STATEMENT-REGISTER",462028200917989297,"Comparative Statement Report","NATIVE_IR","comparative-statement-report","MISSING"
713,"Rate Contract List","RATE-CONTRACT-LIST",238367991065946931,"Rate Contrat List","NATIVE_IR","rate-contrat-list","MISSING"
715,"Process Routing List","PROCESS-ROUTING-LIST",816442739666198281,"Process Routing Master","NATIVE_IR","process-routing-master","PRESENT"
716,"Process Routing Master","PROCESS-ROUTING-MASTER",988381580133646949,"Process Routing Detail","NATIVE_IG","process-routing-detail","MISSING"
716,"Process Routing Master","PROCESS-ROUTING-MASTER",1158099417329681411,"Attachment","NATIVE_IR","attachment","MISSING"
717,"Process TAT List","PROCESS-TAT-LIST",824895409028951852,"Process TAT Master","NATIVE_IR","process-tat-master","PRESENT"
718,"Process TAT Master","PROCESS-TAT-MASTER",996840250133404206,"Process TAT Detail","NATIVE_IG","process-tat-detail","MISSING"
718,"Process TAT Master","PROCESS-TAT-MASTER",1166558087329438668,"Attachment","NATIVE_IR","attachment","MISSING"
719,"Process Escalation List","PROCESS-ESCALATION-LIST",239548576856168817,"Process Escalation List","NATIVE_IR","process-escalation-list","MISSING"
943,"Master Overview","MASTER-OVERVIEW",2026100100094300,"Master Overview","NATIVE_IR","mr-results","MISSING"
944,"Master Data Completeness","MASTER-DATA-COMPLETENESS",2026100100094400,"Master Data Completeness","NATIVE_IR","mr-results","MISSING"
945,"Master Duplicate Review","MASTER-DUPLICATE-REVIEW",2026100100094500,"Master Duplicate Review","NATIVE_IR","mr-results","MISSING"
946,"Master Usage","MASTER-USAGE",2026100100094600,"Master Usage","NATIVE_IR","mr-results","MISSING"
947,"Unused Masters","UNUSED-MASTERS",2026100100094700,"Unused Masters","NATIVE_IR","mr-results","MISSING"
948,"Recent Master Changes","RECENT-MASTER-CHANGES",2026100100094800,"Recent Master Changes","NATIVE_IR","mr-results","MISSING"
949,"Master Mapping Exceptions","MASTER-MAPPING-EXCEPTIONS",2026100100094900,"Master Mapping Exceptions","NATIVE_IR","mr-results","MISSING"
950,"Master User Access Matrix","MASTER-USER-ACCESS-MATRIX",2026100100095000,"Master User Access Matrix","NATIVE_IR","mr-results","MISSING"
