"KIND","PAGE_ID","PAGE_NAME","ID","REGION_KEY","COLUMN_NAME","HEADING","SEQUENCE","VISIBLE"
"IR",7,"City List",574793982337748998,574790849174748956,"CREATOR","Creator",8,"Y"
"IR",7,"City List",574777777308405035,574790849174748956,"CREATIONTIME","Creation Time",25,"Y"
"IR",21,"Doctype List",577712191271829651,577708564814829640,"CREATOR","Creator",9,"Y"
"IR",21,"Doctype List",577826164076300428,577708564814829640,"CREATIONTIME","Creation Time",19,"Y"
"IR",24,"Location List",578088235143456827,743319714463596311,"CREATOR","Creator",230,"Y"
"IR",24,"Location List",578088284720456828,743319714463596311,"CREATIONTIME","Creationtime",240,"Y"
"IR",27,"Financialyear List",577883548333090377,577881211654090375,"CREATOR","Creator",6,"Y"
"IR",27,"Financialyear List",577826319660300429,577881211654090375,"CREATIONTIME","Creation Time",16,"Y"
"IR",31,"TDS Tax Category List",578824207055761146,578820992922761143,"CREATOR","Creator",8,"Y"
"IR",31,"TDS Tax Category List",577827481637300441,578820992922761143,"CREATIONTIME","Creation Time",38,"Y"
"IR",33,"TDS Payee Category List",578976185085552174,578974213820552172,"CREATOR","Creator",5,"Y"
"IR",33,"TDS Payee Category List",577828170322300448,578974213820552172,"CREATIONTIME","Creation Time",15,"Y"
"IR",36,"Item Group List",579539857843282567,579537528339282563,"CREATOR","Creator",6,"Y"
"IR",36,"Item Group List",577828944788300455,579537528339282563,"CREATIONTIME","Creation Time",16,"Y"
"IR",43,"Module Group List",831600769578866561,831598326240866557,"CREATOR","Creator",60,"Y"
"IR",43,"Module Group List",578893650646974426,831598326240866557,"CREATIONTIME","Creationtime",90,"Y"
"IR",46,"HSN List",579606789375293438,579604362154293435,"CREATOR","Creator",6,"Y"
"IR",46,"HSN List",577829578830300462,579604362154293435,"CREATIONTIME","Creation Time",18,"Y"
"IR",48,"Account Master",732097262871973034,738383429817333826,"CREATOR","CREATOR",300,"Y"
"IR",48,"Account Master",732097648787973035,738383429817333826,"CREATIONTIME","CREATION TIME",310,"Y"
"IR",50,"Measuring Unit List",579871337012746486,579865669777746482,"CREATOR","Creator",14,"Y"
"IR",50,"Measuring Unit List",577830291263300469,579865669777746482,"CREATIONTIME","Creation Time",24,"Y"
"IR",52,"Item Characteristics List",580033960734169716,580031581141169714,"CREATOR","Creator",6,"Y"
"IR",52,"Item Characteristics List",579978033377982526,580031581141169714,"CREATIONTIME","Creation Time",18,"Y"
"IR",54,"Item Category List",580627345327608719,580625008004608713,"CREATOR","Creator",6,"Y"
"IR",54,"Item Category List",579978702511982533,580625008004608713,"CREATIONTIME","Creationtime",16,"Y"
"IR",56,"Industry Sector List",580735700355101716,580733730452101714,"CREATOR","Creator",5,"Y"
"IR",56,"Industry Sector List",579979173487982538,580733730452101714,"CREATIONTIME","Creation Time",15,"Y"
"IR",58,"Item Master List",456604095876600573,473146202732821686,"ITEMCREATOR","ITEM CREATOR",200,"Y"
"IR",58,"Item Master List",456604207979600574,473146202732821686,"ITEMCREATIONTIME","ITEM CREATION TIME",210,"Y"
"IR",58,"Item Master List",456604252512600575,473146202732821686,"ITEMSPECIFICATIONCREATOR","ITEM SPECIFICATION CREATOR",220,"Y"
"IR",58,"Item Master List",456604375984600576,473146202732821686,"ITEMSPECIFICATIONCREATIONTIME","ITEM SPECIFICATION CREATION TIME",230,"Y"
"IR",60,"Item Class List",582523971853290944,582521167380290936,"CREATOR","Creator",7,"Y"
"IR",60,"Item Class List",581191419701297330,582521167380290936,"CREATIONTIME","Creation Time",21,"Y"
"IR",64,"Item Nature List",582775618942752059,582770890002752054,"CREATOR","Creator",30,"Y"
"IR",64,"Item Nature List",581191850986297335,582770890002752054,"CREATIONTIME","Creation Time",40,"Y"
"IR",66,"Account Opening List",886494305564587184,886493669212587177,"CREATOR","Creator",70,"Y"
"IR",66,"Account Opening List",832490735111733865,886493669212587177,"CREATIONDATE","Creation Date",320,"Y"
"IR",66,"Account Opening List",856292226760474123,886493669212587177,"Creation Time","Creation Time",350,"Y"
"IR",68,"Material In Register",457696817321002523,502443115587056639,"CREATOR","USER (RAISED BY)",390,"Y"
"IR",68,"Material In Register",457697240626002523,502443115587056639,"CREATIONTIME","TIMESTAMP",400,"Y"
"IR",68,"Material In Register",458054108367847677,502443115587056639,"GRNCREATOR","GRN CREATOR",470,"Y"
"IR",68,"Material In Register",458054236529847678,502443115587056639,"GRNCREATIONTIME","GRN CREATION TIME",480,"Y"
"IR",72,"Packing Type List",583555309493853976,583552125206853975,"CREATOR","Creator",8,"Y"
"IR",72,"Packing Type List",581193588981297352,583552125206853975,"CREATIONTIME","Creationtime",21,"Y"
"IR",74,"Module Doc Type List",583629381251140290,583627412991140288,"CREATOR","Creator",5,"Y"
"IR",74,"Module Doc Type List",581194256726297359,583627412991140288,"CREATIONTIME","Creation Time",15,"Y"
"IR",76,"Module Location List",497676834747873411,497676428645873407,"CREATOR","Creator",40,"Y"
"IR",76,"Module Location List",497676934104873412,497676428645873407,"CREATIONTIME","Creationtime",50,"Y"
"IR",80,"BOSS User List",584441863828373969,584439093906373966,"CREATOR","Creator",7,"Y"
"IR",80,"BOSS User List",581195780040297374,584439093906373966,"CREATIONTIME","Creation Time",29,"Y"
"IR",82,"Department List",584699434436131877,584695838627131874,"CREATOR","Creator",9,"Y"
"IR",82,"Department List",584487760891406849,584695838627131874,"CREATIONTIME","Creation Time",21,"Y"
"IR",84,"Employee List",584399006746326262,584376650734326251,"CREATOR","Creator",56,"Y"
"IR",84,"Employee List",584403426687326276,584376650734326251,"CREATIONTIME","Creationtime",67,"Y"
"IR",86,"Designation List",584770947137299574,584767806010299572,"CREATOR","Creator",8,"Y"
"IR",86,"Designation List",584488323973406854,584767806010299572,"CREATIONTIME","Creation Time",18,"Y"
"IR",88,"Vehicle Type List",585417611156221916,585414803362221913,"CREATOR","Creator",7,"Y"
"IR",88,"Vehicle Type List",584488758400406859,585414803362221913,"CREATIONTIME","Creation Time",17,"Y"
"IR",90,"Company Vehicle List",585486111644463803,585482453851463795,"CREATOR","Creator",9,"Y"
"IR",90,"Company Vehicle List",584489468162406866,585482453851463795,"CREATIONTIME","Creation Time",21,"Y"
"IR",92,"Footer Account List",586082241221249406,586073394663249385,"CREATOR","Creator",22,"Y"
"IR",92,"Footer Account List",585541283798617327,586073394663249385,"CREATIONTIME","Creation Time",32,"Y"
"IR",94,"Service Type List",586202225358231155,586199381765231152,"CREATOR","Creator",7,"Y"
"IR",94,"Service Type List",585541974841617334,586199381765231152,"CREATIONTIME","Creationtime",28,"Y"
"IR",96,"Group Of Party List",586290596397110215,586288990114110213,"CREATOR","Creator",4,"Y"
"IR",96,"Group Of Party List",585542300805617337,586288990114110213,"CREATIONTIME","Creation Time",16,"Y"
"IR",98,"Service Type Account List",586361432471282498,586357794254282497,"CREATOR","Creator",9,"Y"
"IR",98,"Service Type Account List",585542814329617342,586357794254282497,"CREATIONTIME","Creation Time",25,"Y"
"IR",101,"Footer Head List",587065933453122783,587061856908122761,"CREATOR","Creator",10,"Y"
"IR",101,"Footer Head List",585543756365617352,587061856908122761,"CREATIONTIME","Creation Time",25,"Y"
"IR",103,"Employee List",587247079087375032,587224656497375010,"CREATOR","Creator",56,"Y"
"IR",103,"Employee List",585544568612617360,587224656497375010,"CREATIONTIME","Creation Time",113,"Y"
"IR",105,"Item Make List",587571200044001255,587568800155001251,"CREATOR","Creator",6,"Y"
"IR",105,"Item Make List",585545918358617373,587568800155001251,"CREATIONTIME","Creation Time",16,"Y"
"IR",107,"Indent Register",456519101305818955,502416900376558771,"CREATOR","CREATOR",280,"Y"
"IR",107,"Indent Register",456519505543818955,502416900376558771,"CREATIONTIME","CREATION TIME",290,"Y"
"IR",109,"My Parameter List",587639465507203367,587636699562203366,"CREATOR","Creator",7,"Y"
"IR",109,"My Parameter List",587575484999017730,587636699562203366,"CREATIONTIME","Creationtime",17,"Y"
"IR",111,"Quality List",588742647093962062,588739570326962044,"CREATOR","Creator",26,"Y"
"IR",111,"Quality List",587576390536017739,588739570326962044,"CREATIONTIME","Creation Time",46,"Y"
"IR",113,"Quality Type List",588808909281150852,588806472707150851,"CREATOR","Creator",6,"Y"
"IR",113,"Quality Type List",587577293340017748,588806472707150851,"CREATIONTIME","Creation Time",17,"Y"
"IR",115,"Item Quality List",588891529543317631,588884703438317622,"CREATOR","Creator",36,"Y"
"IR",115,"Item Quality List",587577959274017755,588884703438317622,"CREATIONTIME","Creation Time",56,"Y"
"IR",117,"Purchase Order List",935347819050166853,980031260131412453,"CREATOR","CREATOR",310,"Y"
"IR",117,"Purchase Order List",935348168071166853,980031260131412453,"CREATIONTIME","CREATION TIME",320,"Y"
"IR",119,"Cost Centre List",589284304441674434,589281462452674427,"CREATOR","Creator",7,"Y"
"IR",119,"Cost Centre List",587578890077017764,589281462452674427,"CREATIONTIME","Creation Time",17,"Y"
"IR",121,"Currency Unit List",589368006533892366,589363575541892364,"CREATOR","Creator",11,"Y"
"IR",121,"Currency Unit List",587579013303017765,589363575541892364,"CREATIONTIME","Creation Time",21,"Y"
"IR",123,"Bank List",593587071563385600,593581918459385584,"CREATOR","Creator",13,"Y"
"IR",123,"Bank List",591699124425086641,593581918459385584,"CREATIONTIME","Creation Time",23,"Y"
"IR",127,"Storage Location List",593683479650085314,593679932325085312,"CREATOR","Creator",9,"Y"
"IR",129,"Requisition Register",457541917857542281,504614475372346370,"CREATOR","USER (RAISED BY)",280,"Y"
"IR",129,"Requisition Register",457542297100542282,504614475372346370,"CREATIONTIME","TIME STAMP",290,"Y"
"IR",132,"Weighment  List",595200092268788970,595188939997788960,"CREATOR","Creator",28,"Y"
"IR",132,"Weighment  List",595201661256788970,595188939997788960,"CREATORFORSECONDWEIGHT","Creator for Second Weight",32,"Y"
"IR",132,"Weighment  List",595202887847788971,595188939997788960,"CREATIONTIME","Creation Time",35,"Y"
"IR",132,"Weighment  List",595203322816788971,595188939997788960,"CREATIONTIMEFORSECONDWEIGHT","Creation Time For Second Weight",36,"Y"
"IR",134,"E-Invoice Report",613075138325816378,613073196345816312,"CREATOR","Creator",5,"Y"
"IR",134,"E-Invoice Report",613075513325816379,613073196345816312,"CREATIONTIME","Creationtime",6,"Y"
"IR",137,"Issue Register",457529779253530331,479396396626284814,"CREATOR","USER (RAISED BY)",220,"Y"
"IR",137,"Issue Register",457531828858530332,479396396626284814,"CREATIONTIME","TIMESTAMP",270,"Y"
"IR",139,"Payment Advice Register",470974939229845256,470972369397845230,"CREATOR","Creator",260,"Y"
"IR",142,"Purchase Bill Register",461549527218383534,502841645582934243,"CREATOR","Creator",370,"Y"
"IR",142,"Purchase Bill Register",462516256417715685,502841645582934243,"CREATIONTIME","Creation Time",380,"Y"
"IR",145,"GRN Register",458087077802943579,478298770291956269,"CREATOR","CREATOR",530,"Y"
"IR",145,"GRN Register",458087114335943580,478298770291956269,"CREATIONTIME","CREATION TIME",540,"Y"
"IR",149,"Issue Return List",601435842395145935,601429844188145904,"CREATOR","Creator",15,"Y"
"IR",149,"Issue Return List",601437361344145936,601429844188145904,"CREATIONTIME","Creation Time",19,"Y"
"IR",151,"Purchase Bill Pass Register",33895969780825745,505900610429866757,"CREATOR","Creator",390,"Y"
"IG",153,"Voucher List",799223636965502341,845939909901338133,"CREATOR","Creator",150,""
"IG",153,"Voucher List",799223654558502342,845939909901338133,"CREATIONTIME","Creation Time",160,""
"IR",154,"Loading Advice List",603965822956045037,603956216441045018,"CREATOR","Creator",24,"Y"
"IR",154,"Loading Advice List",446886391837094089,603956216441045018,"CREATIONTIME","Creation Time",155,"Y"
"IR",158,"Debit Note List",855490405028099103,855475577838099083,"CREATOR","Creator",66,"Y"
"IR",158,"Debit Note List",800815990088511741,855475577838099083,"CREATIONTIME","Creation Time",636,"Y"
"IR",160,"Despatch Advice Register",533452447625857457,627168240093647073,"CREATOR","USER (RAISED BY)",340,"Y"
"IR",160,"Despatch Advice Register",533452811864857457,627168240093647073,"CREATIONTIME","TIMESTAMP",350,"Y"
"IR",165,"Credit Note List",801415573889935395,801384939766481412,"CREATOR","Creator",330,"Y"
"IR",165,"Credit Note List",801415662722935396,801384939766481412,"CREATIONTIME","Creation Time",340,"Y"
"IR",167,"Material Out Register",34782189596793221,502595044546936055,"CREATOR","CREATOR",380,"Y"
"IR",170,"Sales Order Register",457684736330904283,600574138869600376,"CREATOR","USER (RAISED BY)",540,"Y"
"IR",170,"Sales Order Register",457685115074904284,600574138869600376,"CREATIONTIME","TIMESTAMP",550,"Y"
"IR",172,"Terms & Condistion HeadList",609176787130545023,609174762385545011,"CREATOR","Creator",24,"Y"
"IR",172,"Terms & Condistion HeadList",609178037040545024,609174762385545011,"CREATIONTIME","Creation Time",54,"Y"
"IR",174,"CC Invoice Register",456984425162633083,596219799463614658,"CREATOR","USER (RAISED BY)",380,"Y"
"IR",174,"CC Invoice Register",456984811067633083,596219799463614658,"CREATIONTIME","TIMESTAMP",390,"Y"
"IR",176,"Tax Rule List",611154978324606790,611150983851606774,"CREATOR","Creator",10,"Y"
"IR",176,"Tax Rule List",611155394229606790,611150983851606774,"CREATIONTIME","Creation Time",11,"Y"
"IR",178,"Service Order List",611913087767615310,611898717453615286,"CREATOR","Creator",36,"Y"
"IR",178,"Service Order List",611922712795615318,611898717453615286,"CREATIONTIME","Creation Time",60,"Y"
"IR",183,"Sales GRN List",613142455722835964,613127778121835954,"CREATOR","Creator",37,"Y"
"IR",183,"Sales GRN List",613143329915835964,613127778121835954,"CREATIONTIME","Creation Time",39,"Y"
"IR",192," Item Opening List",838939502041155937,838938865689155930,"CREATOR","Creator",70,"Y"
"IR",192," Item Opening List",776377287627584094,838938865689155930,"Creation Time","Creation Time",190,"Y"
"IR",194,"Gate Pass Register",463882033946150183,616331396054119794,"CREATOR","USER (RAISED BY)",540,"Y"
"IR",194,"Gate Pass Register",463882447140150183,616331396054119794,"CREATIONTIME","TIMESTAMP",550,"Y"
"IR",196,"Production List",443335556049722771,443319931421722752,"CREATIONTIME","Creationtime",39,"Y"
"IR",196,"Production List",443337946344722772,443319931421722752,"CREATOR","Creator",45,"Y"
"IR",198,"Freight Advice List",506022473734145226,506009687974145204,"CREATOR","Creator",32,"Y"
"IR",198,"Freight Advice List",225189175120156797,506009687974145204,"CREATIONTIME","Creation Time",275,"Y"
"IR",201,"BOM List",443542906650668125,443539671737668122,"CREATOR","Creator",8,"Y"
"IR",201,"BOM List",443547307462668131,443539671737668122,"CREATIONTIME","Creation Time",19,"Y"
"IR",203,"Shift List",444070030394070112,444065976417070097,"CREATOR","Creator",10,"Y"
"IR",203,"Shift List",444070455651070112,444065976417070097,"CREATIONTIME","Creation Time",11,"Y"
"IR",205,"Production Centre List",444150137601482447,444146093957482444,"CREATIONTIME","Creationtime",10,"Y"
"IR",205,"Production Centre List",444150569032482447,444146093957482444,"CREATOR","Creator",11,"Y"
"IR",207,"Reverse Charge Register",554154536884059125,554148564232059110,"CREATIONTIME","Creationtime",15,"Y"
"IR",207,"Reverse Charge Register",554154989717059125,554148564232059110,"CREATOR","Creator",16,"Y"
"IR",209,"Item Account List",449125018244167842,449121098311167789,"CREATOR","Creator",10,"Y"
"IR",209,"Item Account List",449128266275167843,449121098311167789,"CREATIONTIME","Creationtime",55,"Y"
"IR",214,"Agent Commision Rate List",449998581776410709,449994178699410699,"CREATOR","Creator",11,"Y"
"IR",214,"Agent Commision Rate List",449999015928410709,449994178699410699,"CREATIONTIME","Creation Time",12,"Y"
"IR",216,"Sale Incentive Rate Register",450494115604956760,450489747264956748,"CREATOR","Creator",11,"Y"
"IR",216,"Sale Incentive Rate Register",450494538155956760,450489747264956748,"CREATIONTIME","Creationtime",12,"Y"
"IR",222,"MRN List",456978535418741743,456974525334741723,"CREATOR","Creator",10,"Y"
"IR",222,"MRN List",456979323617741743,456974525334741723,"CREATIONTIME","Creation Time",12,"Y"
"IR",224,"Module Wise TAC List",460789232849417009,460787239703416990,"CREATIONTIME","Creationtime",5,"Y"
"IR",224,"Module Wise TAC List",460789666674417009,460787239703416990,"CREATOR","Creator",6,"Y"
"IR",229,"GSTR1 Register",479364256024728746,479359981114728705,"CREATOR","Creator",11,"Y"
"IR",229,"GSTR1 Register",479364743079728746,479359981114728705,"CREATIONTIME","Creation Time",12,"Y"
"IR",263,"Module Flow List",468168060278913716,448871118210554529,"ONLYIFCREATOR","Only If Creator",84,"Y"
"IR",265,"PT Slab Register",544742196169693183,591814753684497272,"CREATOR","USER (RAISED BY)",280,"Y"
"IR",265,"PT Slab Register",544742575412693184,591814753684497272,"CREATIONTIME","TIME STAMP",290,"Y"
"IR",269,"Bonus Scheme List",318340484261876713,318335654411876697,"CREATIONTIME","Creationtime",12,"Y"
"IR",269,"Bonus Scheme List",318340830802876713,318335654411876697,"CREATOR","Creator",13,"Y"
"IR",273,"PO Receipt List",209964920416329545,209951840288329537,"CREATIONTIME","Creation Time",32,"Y"
"IR",273,"PO Receipt List",209965310812329545,209951840288329537,"CREATOR","Creator",33,"Y"
"IR",276,"Bonus List",218320499241779955,218315018312779949,"CREATIONTIME","Creationtime",13,"Y"
"IR",276,"Bonus List",218320967304779955,218315018312779949,"CREATOR","Creator",14,"Y"
"IR",284,"Employee Gate Pass List",219227786388966378,219219899672966370,"CREATOR","Creator",19,"Y"
"IR",284,"Employee Gate Pass List",219228197151966378,219219899672966370,"CREATIONTIME","Creation Time",20,"Y"
"IR",300,"Cheque Receipt List",471124251179211622,471118751725211594,"CREATOR","Creator",14,"Y"
"IR",300,"Cheque Receipt List",471124661071211622,471118751725211594,"CREATIONTIME","Creation time",15,"Y"
"IR",302,"Cheque Book Issue List",471232831261873961,471227584945873953,"CREATOR","Creator",13,"Y"
"IR",302,"Cheque Book Issue List",471233238269873961,471227584945873953,"CREATIONTIME","Creation time",14,"Y"
"IR",307,"GST Setup List",189112223546255770,189106351748255764,"CREATOR","Creator",14,"Y"
"IR",307,"GST Setup List",189112703401255770,189106351748255764,"CREATIONTIME","Creationtime",15,"Y"
"IR",310,"location list",192128390167032248,192124463758032243,"CREATOR","Creator",9,"Y"
"IR",310,"location list",192129172433032249,192124463758032243,"CREATIONTIME","Creationtime",11,"Y"
"IR",311,"Challan List",189417580564780996,189408452951780990,"CREATOR","Creator",22,"Y"
"IR",311,"Challan List",189419217848780997,189408452951780990,"CREATIONTIME","Creationtime",26,"Y"
"IR",314,"Payment Advice Report",194028284521071002,194017624800070977,"CREATOR","Creator",26,"Y"
"IR",322,"SAC List",612505796712084008,612503369491084005,"CREATOR","Creator",6,"Y"
"IR",322,"SAC List",610728586167091032,612503369491084005,"CREATIONTIME","Creation Time",18,"Y"
"IR",341,"Leave Scheme List",483143660496283130,731686070711701785,"CREATIONTIME","Creationtime",80,"Y"
"IR",341,"Leave Scheme List",483143712228283131,731686070711701785,"CREATOR","Creator",90,"Y"
"IR",347,"Advance Receipt List",506325129777508487,506313941447508472,"CREATOR","Creator",28,"Y"
"IR",347,"Advance Receipt List",506325476832508487,506313941447508472,"CREATIONTIME","Creationtime",29,"Y"
"IR",349,"Vendor Register",627229303311804576,627223330659804561,"CREATIONTIME","CREATION TIME",15,"Y"
"IR",349,"Vendor Register",627229756144804576,627223330659804561,"CREATOR","CREATOR",16,"Y"
"IR",351,"GSTR9 Register",521249745109031663,521245470199031622,"CREATOR","Creator",11,"Y"
"IR",351,"GSTR9 Register",521250232164031663,521245470199031622,"CREATIONTIME","Creation Time",12,"Y"
"IR",366,"Item Grade List",602897831175478552,602895431286478548,"CREATOR","Creator",6,"Y"
"IR",366,"Item Grade List",600872549490094670,602895431286478548,"CREATIONTIME","Creation Time",16,"Y"
"IR",368,"Item Length List",602944680805563195,602942280916563191,"CREATOR","Creator",40,"Y"
"IR",368,"Item Length List",600919399120179313,602942280916563191,"CREATIONTIME","Creation Time",50,"Y"
"IR",370,"Item Width List",602997219926638550,602994820037638546,"CREATOR","Creator",6,"Y"
"IR",370,"Item Width List",600971938241254668,602994820037638546,"CREATIONTIME","Creation Time",16,"Y"
"IR",372,"Item Thickness List",603088435718729524,603086035829729520,"CREATOR","Creator",6,"Y"
"IR",372,"Item Thickness List",601063154033345642,603086035829729520,"CREATIONTIME","Creation Time",16,"Y"
"IR",375,"Pending Dispatch Quantity Register",57214501872730724,57203801882730711,"CREATOR","Creator",26,"Y"
"IR",375,"Pending Dispatch Quantity Register",57214836774730724,57203801882730711,"CREATIONTIME","Creationtime",27,"Y"
"IR",382,"Proforma Invoice Report",19861881995332694,19829148448332680,"CREATOR","Creator",70,"Y"
"IR",382,"Proforma Invoice Report",19862272093332694,19829148448332680,"CREATIONTIME","Creationtime",80,"Y"
"IR",601,"Staff Type List",599669222544280512,599666081417280510,"CREATOR","Creator",40,"Y"
"IR",601,"Staff Type List",599386599380387792,599666081417280510,"CREATIONTIME","Creation Time",50,"Y"
"IR",603,"Salary Head List",614604595654369884,614601454527369882,"CREATOR","Creator",80,"Y"
"IR",603,"Salary Head List",614321972490477164,614601454527369882,"CREATIONTIME","Creation Time",90,"Y"
"IR",605,"Leave List",629659973650751487,629656832523751485,"CREATOR","Creator",50,"Y"
"IR",605,"Leave List",629377350486858767,629656832523751485,"CREATIONTIME","Creation Time",60,"Y"
"IR",607,"Loan Category List",614775172613735982,614772031486735980,"CREATOR","Creator",40,"Y"
"IR",607,"Loan Category List",614492549449843262,614772031486735980,"CREATIONTIME","Creation Time",50,"Y"
"IR",609,"Loan Type List",629933406992266639,629930265865266637,"CREATOR","Creator",100,"Y"
"IR",609,"Loan Type List",629650783828373919,629930265865266637,"CREATIONTIME","Creation Time",110,"Y"
"IR",613,"Qualification Type List",454366546026916264,454363672908916258,"CREATIONTIME","Creationtime",7,"Y"
"IR",613,"Qualification Type List",454366876926916264,454363672908916258,"CREATOR","Creator",8,"Y"
"IR",615,"Attendence Head List",629995154333608261,629992013206608259,"CREATOR","Creator",70,"Y"
"IR",615,"Attendence Head List",629712531169715541,629992013206608259,"CREATIONTIME","Creation Time",80,"Y"
"IR",617,"Qualification List",645488573829975713,645485432702975711,"CREATOR","Creator",60,"Y"
"IR",617,"Qualification List",645205950666082993,645485432702975711,"CREATIONTIME","Creation Time",70,"Y"
"IR",648,"Reimbursement Policy list",464823256676630344,464818801988630333,"CREATOR","Creator",11,"Y"
"IR",648,"Reimbursement Policy list",464823668525630344,464818801988630333,"CREATIONTIME","Creationtime",12,"Y"
"IR",651,"On Duty Request List",465026898138855315,465018883368855294,"CREATOR","Creator",20,"Y"
"IR",651,"On Duty Request List",465027276598855315,465018883368855294,"CREATIONTIME","Creationtime",21,"Y"
"IR",657,"OD Request On Special Approval List",491342740119998017,491334725349997996,"CREATOR","Creator",20,"Y"
"IR",657,"OD Request On Special Approval List",491343118579998017,491334725349997996,"CREATIONTIME","Creationtime",21,"Y"
"IR",659,"Reimbursement Claim List",465968393397663227,465962163467663203,"CREATOR","Creator",16,"Y"
"IR",659,"Reimbursement Claim List",465968832752663227,465962163467663203,"CREATIONTIME","Creationtime",17,"Y"
"IR",665,"Asset Opening List",485597795741137478,485593583938137434,"CREATOR","Creator",11,"Y"
"IR",665,"Asset Opening List",485599844478137478,485593583938137434,"CREATIONTIME","Creationtime",16,"Y"
"IR",669,"Asset Sale List",516890153003388352,516885941200388308,"CREATOR","Creator",11,"Y"
"IR",669,"Asset Sale List",516892201740388352,516885941200388308,"CREATIONTIME","Creationtime",16,"Y"
"IR",674,"Asset List",518300698697504607,518296486894504563,"CREATOR","Creator",11,"Y"
"IR",674,"Asset List",518302747434504607,518296486894504563,"CREATIONTIME","Creationtime",16,"Y"
"IR",676,"Depreciation List",472528336851017096,472523153445017077,"CREATIONTIME","Creationtime",13,"Y"
"IR",676,"Depreciation List",472528692561017097,472523153445017077,"CREATOR","Creator",14,"Y"
"IR",678,"Asset Category Depreciation Rate List",473315085796248412,473311100882248385,"CREATOR","Creator",10,"Y"
"IR",678,"Asset Category Depreciation Rate List",473315558566248412,473311100882248385,"CREATIONTIME","Creationtime",11,"Y"
"IR",681,"Salary Voucher List",480040674680426148,480034706779426123,"CREATIONTIME","Creationtime",15,"Y"
"IR",681,"Salary Voucher List",480041075612426148,480034706779426123,"CREATOR","Creator",16,"Y"
"IR",683,"Salary Payment Advice List",480447465087038842,480438753200038815,"CREATOR","Creator",22,"Y"
"IR",683,"Salary Payment Advice List",480450202976038845,480438753200038815,"CREATIONTIME","Creationtime",29,"Y"
"IR",685,"Hold Salary List",482237723220012845,482232503886012831,"CREATOR","Creator",13,"Y"
"IR",685,"Hold Salary List",482238139875012845,482232503886012831,"CREATIONTIME","Creationtime",14,"Y"
"IR",687,"Un-Hold Salary list",483024740129074968,483019506949074957,"CREATOR","Creator",13,"Y"
"IR",687,"Un-Hold Salary list",483025136884074968,483019506949074957,"CREATIONTIME","Creationtime",14,"Y"
"IR",689,"Opening Leave List",485126477898622112,485122499145622092,"CREATOR","Creator",10,"Y"
"IR",689,"Opening Leave List",485127364576622117,485122499145622092,"CREATIONTIME","Creationtime",12,"Y"
"IR",691,"Asset Transfer List",487631313471841630,487625844776841617,"CREATOR","Creator",14,"Y"
"IR",691,"Asset Transfer List",487634474179841633,487625844776841617,"CREATIONTIME","Creationtime",22,"Y"
"IR",693,"Opening Loan list",488096310438777918,488092007804777899,"CREATOR","Creator",11,"Y"
"IR",693,"Opening Loan list",214732409066718683,488092007804777899,"CREATIONTIME","Creationtime",61,"Y"
"IR",695,"Full and Final List",488239771962126212,488227461376126200,"CREATOR","Creator",31,"Y"
"IR",695,"Full and Final List",488240202848126213,488227461376126200,"CREATIONTIME","Creationtime",32,"Y"
"IR",701,"Sales Enquiry List",277611051822377665,231408744187176212,"CREATIONTIME","Creation Time",190,"Y"
"IR",701,"Sales Enquiry List",277611177925377666,231408744187176212,"CREATOR","Creator",200,"Y"
"IR",704,"Sales Quotation List",232033411015737142,232021450007737131,"CREATIONTIME","Creation Time",29,"Y"
"IR",704,"Sales Quotation List",232033763920737142,232021450007737131,"CREATOR","Creator",30,"Y"
"IR",707,"Enquiry Register",285562197522607436,330007743936108756,"CREATOR","CREATOR",180,"Y"
"IR",707,"Enquiry Register",285562569815607436,330007743936108756,"CREATIONTIME","CREATION TIME",190,"Y"
"IR",709,"Quotation Register",286239136690829804,330444257046810927,"CREATOR","CREATOR",300,"Y"
"IR",709,"Quotation Register",286239540386829805,330444257046810927,"CREATIONTIME","CREATION TIME",310,"Y"
"IR",711,"Comparative Statement Register",286752026311637311,331096620882246040,"CREATOR","CREATOR",220,"Y"
"IR",711,"Comparative Statement Register",286752409669637311,331096620882246040,"CREATIONTIME","CREATION TIME",230,"Y"
"IR",713,"Rate Contract List",238378007069946949,238368077282946931,"CREATOR","Creator",24,"Y"
"IR",713,"Rate Contract List",238378356772946949,238368077282946931,"CREATIONTIME","Creation Time",25,"Y"
"IR",715,"Process Routing List",651211356305058798,816442835625198282,"CREATOR","Creator",300,"Y"
"IR",715,"Process Routing List",231004377241282296,816442835625198282,"CREATIONTIME","Creation Time",310,"Y"
"IR",717,"Process TAT List",659664025667812369,824895504987951853,"CREATOR","Creator",300,"Y"
"IR",717,"Process TAT List",231067020862290261,824895504987951853,"CREATIONTIME","Creation Time",370,"Y"
"IR",719,"Process Escalation List",239551364458168822,239548643150168817,"CREATOR","Creator",6,"Y"
"IR",719,"Process Escalation List",239551794734168823,239548643150168817,"CREATIONTIME","Creation Time",7,"Y"

275 rows selected. 

