"IR_AUDIT_COLUMNS","IR_REGIONS"
264,134

"IG_AUDIT_COLUMNS","IG_REGIONS"
2,1

"VISIBILITY_CHANGES"
0

"VISIBILITY_CHANGES"
0

"PAGE_ID","ID","OLD_COLUMNS","NEW_COLUMNS"
31,578827788787785135,"TDSTAXCATEGORYCODE:TDSTAXCATEGORYNAME:TDSNATURECODE:TAXSECTIONCODE:EFFECTIVEFROM:REMARK:CREATOR:YEARSWITHOUTRETURN:CREATIONTIME","TDSTAXCATEGORYCODE:TDSTAXCATEGORYNAME:TDSNATURECODE:TAXSECTIONCODE:EFFECTIVEFROM:REMARK:YEARSWITHOUTRETURN:CREATOR:CREATIONTIME"
43,831609679324050631,"MODULEGROUPCODE:MODULEGROUPNAME:SERIALNO:CREATOR:REMARK:ICONNAME:CREATIONTIME","MODULEGROUPCODE:MODULEGROUPNAME:SERIALNO:REMARK:ICONNAME:CREATOR:CREATIONTIME"
52,580040470948192330,"ITEMCHARACTERISTICSCODE:ITEMCHARACTERISTICSNAME:MEASURINGUNITCODE:DATATYPE:CREATOR:REMARK:CREATIONTIME","ITEMCHARACTERISTICSCODE:ITEMCHARACTERISTICSNAME:MEASURINGUNITCODE:DATATYPE:REMARK:CREATOR:CREATIONTIME"
66,886961326802702537,"LOCATIONNAME:DOCTYPENAME:ACCOUNTOPENINGDATE:ACCOUNTOPENINGNO:ACCOUNTNAME:OPENINGDR:OPENINGCR:AGENTCODE:BILLNO:BILLDATE:BILLAMOUNT:BILLDUEDATE:ITEMNAME:CREATOR:Creation Time:REMARK","LOCATIONNAME:DOCTYPENAME:ACCOUNTOPENINGDATE:ACCOUNTOPENINGNO:ACCOUNTNAME:OPENINGDR:OPENINGCR:AGENTCODE:BILLNO:BILLDATE:BILLAMOUNT:BILLDUEDATE:ITEMNAME:REMARK:CREATOR:Creation Time"
66,18500041623515651,"LOCATIONNAME:DOCTYPENAME:ACCOUNTOPENINGDATE:ACCOUNTOPENINGNO:ACCOUNTNAME:OPENINGDR:OPENINGCR:AGENTCODE:BILLNO:BILLDATE:BILLAMOUNT:BILLDUEDATE:ITEMNAME:CREATOR:Creation Time:REMARK","LOCATIONNAME:DOCTYPENAME:ACCOUNTOPENINGDATE:ACCOUNTOPENINGNO:ACCOUNTNAME:OPENINGDR:OPENINGCR:AGENTCODE:BILLNO:BILLDATE:BILLAMOUNT:BILLDUEDATE:ITEMNAME:REMARK:CREATOR:Creation Time"
68,502587480609861326,"PRINT:STATUS:LOCATIONNAME:DOCTYPENAME:PARTYNAME:MATERIALINDATE:MATERIALINNO:MODULE:MODULENO:REFDOCNO:REFDOCDATE:REFDOCAMOUNT:TRANSPORTER:VEHICLENO:DRIVERNAME:LRNO:LRDATE:ITEMCODE:MATERIALDESCRIPTION:UOM:QUANTITY1:UOM2:QUANTITY2:FIRSTWEIGHT:SECONDWEIGHT:NETWEIGHT:CREATOR:CREATIONTIME:CREATEDFROM:GRNSTATUS:GRNNO:GRNDATE:GRNCREATOR:GRNCREATIONTIME","PRINT:STATUS:LOCATIONNAME:DOCTYPENAME:PARTYNAME:MATERIALINDATE:MATERIALINNO:MODULE:MODULENO:REFDOCNO:REFDOCDATE:REFDOCAMOUNT:TRANSPORTER:VEHICLENO:DRIVERNAME:LRNO:LRDATE:ITEMCODE:MATERIALDESCRIPTION:UOM:QUANTITY1:UOM2:QUANTITY2:FIRSTWEIGHT:SECONDWEIGHT:NETWEIGHT:CREATEDFROM:GRNSTATUS:GRNNO:GRNDATE:GRNCREATOR:GRNCREATIONTIME:CREATOR:CREATIONTIME"
68,18503633534676021,"PRINT:STATUS:LOCATIONNAME:DOCTYPENAME:PARTYNAME:MATERIALINDATE:MATERIALINNO:MODULE:MODULENO:REFDOCNO:REFDOCDATE:REFDOCAMOUNT:TRANSPORTER:VEHICLENO:DRIVERNAME:LRNO:LRDATE:ITEMCODE:MATERIALDESCRIPTION:UOM:QUANTITY1:UOM2:QUANTITY2:FIRSTWEIGHT:SECONDWEIGHT:NETWEIGHT:CREATOR:CREATIONTIME:CREATEDFROM:GRNSTATUS:GRNNO:GRNDATE:GRNCREATOR:GRNCREATIONTIME","PRINT:STATUS:LOCATIONNAME:DOCTYPENAME:PARTYNAME:MATERIALINDATE:MATERIALINNO:MODULE:MODULENO:REFDOCNO:REFDOCDATE:REFDOCAMOUNT:TRANSPORTER:VEHICLENO:DRIVERNAME:LRNO:LRDATE:ITEMCODE:MATERIALDESCRIPTION:UOM:QUANTITY1:UOM2:QUANTITY2:FIRSTWEIGHT:SECONDWEIGHT:NETWEIGHT:CREATEDFROM:GRNSTATUS:GRNNO:GRNDATE:GRNCREATOR:GRNCREATIONTIME:CREATOR:CREATIONTIME"
94,586251470026309700,"JOBTYPECODE:JOBTYPENAME:SACCODE:CREATOR:CREATIONTIME:REMARK","JOBTYPECODE:JOBTYPENAME:SACCODE:REMARK:CREATOR:CREATIONTIME"
96,586330275479195821,"TNO:GROUPOFPARTYCODE:GROUPOFPARTYNAME:CREATOR:REMARK:CREATIONTIME","TNO:GROUPOFPARTYCODE:GROUPOFPARTYNAME:REMARK:CREATOR:CREATIONTIME"
101,587112805284330267,"TNO:FOOTERHEADCODE:FOOTERHEADNAME:POSTFIX:REMARK:FOOTERPOSTFIX:FOOTERHEADTYPECODE:PARENTCODE:INCLUDEDWITHRATE:CREATOR:FOOTERGROUP:INCLUDEWITHTAXABLEAMOUNT:LESSFROMBILLAMOUNTFORTAXABLE:ISTAXCODE:CREATIONTIME","TNO:FOOTERHEADCODE:FOOTERHEADNAME:POSTFIX:REMARK:FOOTERPOSTFIX:FOOTERHEADTYPECODE:PARENTCODE:INCLUDEDWITHRATE:FOOTERGROUP:INCLUDEWITHTAXABLEAMOUNT:LESSFROMBILLAMOUNTFORTAXABLE:ISTAXCODE:CREATOR:CREATIONTIME"
113,588814845608169452,"TNO:QUALITYTYPECODE:QUALITYTYPENAME:ISRESERVE:CREATOR:REMARK:CREATIONTIME","TNO:QUALITYTYPECODE:QUALITYTYPENAME:ISRESERVE:REMARK:CREATOR:CREATIONTIME"
129,504641063308503724,"PRINT:DOCUMENTSTATUSCODE:LOCATIONNAME:DOCTYPENAME:REQUISITIONDATE:REQUISITIONNO:DEPARTMENTNAME:COSTCENTER:MATERIAL:PQUANTITY:UOM1:SQUANTITY:UOM2:CREATOR:CREATIONTIME:REMARK:ISSUESTATUS","PRINT:DOCUMENTSTATUSCODE:LOCATIONNAME:DOCTYPENAME:REQUISITIONDATE:REQUISITIONNO:DEPARTMENTNAME:COSTCENTER:MATERIAL:PQUANTITY:UOM1:SQUANTITY:UOM2:REMARK:ISSUESTATUS:CREATOR:CREATIONTIME"
129,18501196184524784,"PRINT:DOCUMENTSTATUSCODE:LOCATIONNAME:DOCTYPENAME:REQUISITIONDATE:REQUISITIONNO:DEPARTMENTNAME:COSTCENTER:MATERIAL:PQUANTITY:UOM1:SQUANTITY:UOM2:CREATOR:CREATIONTIME:REMARK:ISSUESTATUS","PRINT:DOCUMENTSTATUSCODE:LOCATIONNAME:DOCTYPENAME:REQUISITIONDATE:REQUISITIONNO:DEPARTMENTNAME:COSTCENTER:MATERIAL:PQUANTITY:UOM1:SQUANTITY:UOM2:REMARK:ISSUESTATUS:CREATOR:CREATIONTIME"
134,613169234274859933,"TNO:MODULETNO:MODULECODE:REMARK:CREATOR:CREATIONTIME:ACKNO:ACKDATE:IRN:BUYERGSTIN:INVOICENO:INVOICEDATE:EWBNO:SIGNEDQRCODE:EWBDATE:VALIDTILLDATE:CCINVOICETNO:ERROR:CANCELPORTALRESPONSE:CANCELDATE:CANCELERROR:CANCELREASONCODE:CANCELREMARK:EWAYBILLPORTALRESPONSE:EWAYBILLERROR:PORTALRESPONSE:ISDELETED:DELETIONTIME:DELETEDBY:SELLERGSTIN:LOCATIONCODE","TNO:MODULETNO:MODULECODE:REMARK:ACKNO:ACKDATE:IRN:BUYERGSTIN:INVOICENO:INVOICEDATE:EWBNO:SIGNEDQRCODE:EWBDATE:VALIDTILLDATE:CCINVOICETNO:ERROR:CANCELPORTALRESPONSE:CANCELDATE:CANCELERROR:CANCELREASONCODE:CANCELREMARK:EWAYBILLPORTALRESPONSE:EWAYBILLERROR:PORTALRESPONSE:ISDELETED:DELETIONTIME:DELETEDBY:SELLERGSTIN:LOCATIONCODE:CREATOR:CREATIONTIME"
149,601978925018161654,"PRINT:COMPANY:FINANCIALYEARCODE:DOCTYPE:LOCATION:ISSUERETURNNO:ISSUERETURNDATE:ISSUETNO:PARTYNAME:DEPARTMENT:EMPLOYEE:JOBORDERNO:WORKORDERTNO:REMARK:CREATOR:COMMISSIONINGTNO:MODULECODE:MODULETNO:CREATIONTIME","PRINT:COMPANY:FINANCIALYEARCODE:DOCTYPE:LOCATION:ISSUERETURNNO:ISSUERETURNDATE:ISSUETNO:PARTYNAME:DEPARTMENT:EMPLOYEE:JOBORDERNO:WORKORDERTNO:REMARK:COMMISSIONINGTNO:MODULECODE:MODULETNO:CREATOR:CREATIONTIME"
158,855502510983100464,"LOCATIONCODE:DOCTYPECODE:PARTYCODE:DEBITNOTENO:DEBITNOTEDATE:DEPARTMENTCODE:ITEMNAME:SPECIFICATIONNAME:UNIT1:QUANTITY1:UNIT2:QUANTITY2:RATE:AMOUNT:FOOTERAMOUNT:TOTALAMOUNT:TRANSACTIONTYPECODE:NATUREOFSUPPLYCODE:REASONFORISSUINGNOTECODE:EMPLOYEECODE:CREATOR:CREATIONTIME:REMARK","LOCATIONCODE:DOCTYPECODE:PARTYCODE:DEBITNOTENO:DEBITNOTEDATE:DEPARTMENTCODE:ITEMNAME:SPECIFICATIONNAME:UNIT1:QUANTITY1:UNIT2:QUANTITY2:RATE:AMOUNT:FOOTERAMOUNT:TOTALAMOUNT:TRANSACTIONTYPECODE:NATUREOFSUPPLYCODE:REASONFORISSUINGNOTECODE:EMPLOYEECODE:REMARK:CREATOR:CREATIONTIME"
165,801435945920939318,"LOCATIONNAME:DEPARTMENTNAME:DOCTYPENAME:EMPLOYEENAME:FINANCIALYEARCODE:CREDITNOTENO:CREDITNOTEDATE:DELIVERYDATE:CURRENCYUNITCODE:CURRENCYVALUE:PARTYNAME:SUMOFAMOUNT:SUMOFFOOTERAMOUNT:CREDITNOTEAMOUNT:SUBJECTTEXT:REFERENCETEXT:LETTERTEXT:TITLETEXT:REMARK:ITEMWISEFOOTER:WORKORDERTNO:AGENTCODE:CONSIGNEECODE:REFERENCETNO:VALIDITYUPTODATE:CREDITDAYS:COMMISSIONRATE:TRANSPORTERCODE:FREIGHTTYPECODE:DESPATCHCATEGORYCODE:CREATOR:CREATIONTIME:TRANSACTIONTYPECODE:REFERENCEMODULETNO:REFERENCEMODULECODE:PARTYDEBITNOTENO:PARTYDEBITNOTEDATE:REASONFORISSUINGNOTECODE:PREGST:PARTYINVOICENO:PARTYINVOICEDATE:PARTYINVOICEVALUE:MODULECODE:MODULETNO:INCLUDEINGSTR2:NATUREOFSUPPLYCODE:REFDATE:DUEDATE:FORDAYS","LOCATIONNAME:DEPARTMENTNAME:DOCTYPENAME:EMPLOYEENAME:FINANCIALYEARCODE:CREDITNOTENO:CREDITNOTEDATE:DELIVERYDATE:CURRENCYUNITCODE:CURRENCYVALUE:PARTYNAME:SUMOFAMOUNT:SUMOFFOOTERAMOUNT:CREDITNOTEAMOUNT:SUBJECTTEXT:REFERENCETEXT:LETTERTEXT:TITLETEXT:REMARK:ITEMWISEFOOTER:WORKORDERTNO:AGENTCODE:CONSIGNEECODE:REFERENCETNO:VALIDITYUPTODATE:CREDITDAYS:COMMISSIONRATE:TRANSPORTERCODE:FREIGHTTYPECODE:DESPATCHCATEGORYCODE:TRANSACTIONTYPECODE:REFERENCEMODULETNO:REFERENCEMODULECODE:PARTYDEBITNOTENO:PARTYDEBITNOTEDATE:REASONFORISSUINGNOTECODE:PREGST:PARTYINVOICENO:PARTYINVOICEDATE:PARTYINVOICEVALUE:MODULECODE:MODULETNO:INCLUDEINGSTR2:NATUREOFSUPPLYCODE:REFDATE:DUEDATE:FORDAYS:CREATOR:CREATIONTIME"
170,457713540114085405,"SALESORDERDATE:SALESORDERNO:VENDOR:CONSIGNEE:AGENT:PARTYPONO:PARTYPODATE:VALIDITYUPTODATE:ITEMCODE:ITEM:UOM:QUANTITY1:RATE:AMOUNT:CGST:SGST:IGST:TCS:OTHERAMOUNT:TOTALAMOUNT:CREATOR:CREATIONTIME:DESPATCHQUANTITY:INVOICEQUANTITY:BALANCEQUANTITY","SALESORDERDATE:SALESORDERNO:VENDOR:CONSIGNEE:AGENT:PARTYPONO:PARTYPODATE:VALIDITYUPTODATE:ITEMCODE:ITEM:UOM:QUANTITY1:RATE:AMOUNT:CGST:SGST:IGST:TCS:OTHERAMOUNT:TOTALAMOUNT:DESPATCHQUANTITY:INVOICEQUANTITY:BALANCEQUANTITY:CREATOR:CREATIONTIME"
170,457712135461055446,"SALESORDERDATE:SALESORDERNO:VENDOR:CONSIGNEE:AGENT:PARTYPONO:PARTYPODATE:VALIDITYUPTODATE:ITEMCODE:ITEM:UOM:QUANTITY1:RATE:AMOUNT:CGST:SGST:IGST:TCS:OTHERAMOUNT:TOTALAMOUNT:CREATOR:CREATIONTIME:DESPATCHQUANTITY:INVOICEQUANTITY:BALANCEQUANTITY","SALESORDERDATE:SALESORDERNO:VENDOR:CONSIGNEE:AGENT:PARTYPONO:PARTYPODATE:VALIDITYUPTODATE:ITEMCODE:ITEM:UOM:QUANTITY1:RATE:AMOUNT:CGST:SGST:IGST:TCS:OTHERAMOUNT:TOTALAMOUNT:DESPATCHQUANTITY:INVOICEQUANTITY:BALANCEQUANTITY:CREATOR:CREATIONTIME"
170,600637331321605910,"PRINT:STATUS:LOCATIONNAME:SALESORDERDATE:PORECEIPTNO:SALESORDERNO:VENDOR:CONSIGNEE:AGENT:CREDITDAYS:TRANSACTIONTYPENAME:NATUREOFSUPPLYNAME:FREIGHTTYPENAME:PARTYPONO:PARTYPODATE:VALIDITYUPTODATE:DUEDAYS:ITEMCODE:ITEM:UOM:QUANTITY1:QUANTITY2:RATE:AMOUNT:CGST:SGST:IGST:TCS:OTHERAMOUNT:TOTALAMOUNT:CREATOR:CREATIONTIME:DESPATCHQUANTITY:INVOICEQUANTITY:BALANCEQUANTITY","PRINT:STATUS:LOCATIONNAME:SALESORDERDATE:PORECEIPTNO:SALESORDERNO:VENDOR:CONSIGNEE:AGENT:CREDITDAYS:TRANSACTIONTYPENAME:NATUREOFSUPPLYNAME:FREIGHTTYPENAME:PARTYPONO:PARTYPODATE:VALIDITYUPTODATE:DUEDAYS:ITEMCODE:ITEM:UOM:QUANTITY1:QUANTITY2:RATE:AMOUNT:CGST:SGST:IGST:TCS:OTHERAMOUNT:TOTALAMOUNT:DESPATCHQUANTITY:INVOICEQUANTITY:BALANCEQUANTITY:CREATOR:CREATIONTIME"
172,609260360486797923,"TERMSANDCONDITIONHEADCODE:TERMSANDCONDITIONHEADNAME:SERIALNO:CREATOR:CREATIONTIME:REMARK","TERMSANDCONDITIONHEADCODE:TERMSANDCONDITIONHEADNAME:SERIALNO:REMARK:CREATOR:CREATIONTIME"
192,839406523279271290,"Location:Doc Type:Opening Date:Opening No:Item Code:Item Name:Item Specification Name:Opening Quantity1:Opening Quantity2:Opening Value:StorageLoation:CREATOR:Creation Time:REMARK","Location:Doc Type:Opening Date:Opening No:Item Code:Item Name:Item Specification Name:Opening Quantity1:Opening Quantity2:Opening Value:StorageLoation:REMARK:CREATOR:Creation Time"
207,554161696243063691,"FINANCIALYEARCODE:COMPANYNAME:DOCTYPENAME:LOCATIONNAME:PARTYNAME:SUMOFAMOUNT:SUMOFFOOTERAMOUNT:REVERSECHARGEAMOUNT:REMARK:ITEMWISEFOOTER:REVERSECHARGEDATE:REVERSECHARGENO:TRANSACTIONTYPECODE:CREATIONTIME:CREATOR:MODULECODE:MODULETNO:NATUREOFSUPPLYCODE:FOOTERNATURECODE:SUPPLIERCODE:SUPPLIERNAME:REVERSECHARGEFOOTERNATURECODE","FINANCIALYEARCODE:COMPANYNAME:DOCTYPENAME:LOCATIONNAME:PARTYNAME:SUMOFAMOUNT:SUMOFFOOTERAMOUNT:REVERSECHARGEAMOUNT:REMARK:ITEMWISEFOOTER:REVERSECHARGEDATE:REVERSECHARGENO:TRANSACTIONTYPECODE:MODULECODE:MODULETNO:NATUREOFSUPPLYCODE:FOOTERNATURECODE:SUPPLIERCODE:SUPPLIERNAME:REVERSECHARGEFOOTERNATURECODE:CREATIONTIME:CREATOR"
209,449129233309170995,"TNO:MODULECODE:ITEMCODE:ACCOUNTCODE:REMARK:ITEMACCOUNTCODE:ITEMSPECIFICATIONCODE:COMPANYCODE:PARTYCODE:CREATOR:DESPATCHCATEGORYCODE:LOCATIONCODE:DOCTYPECODE:PANDLACCOUNTCODE:INCOMEACCOUNTCODE:TRANSACTIONTYPECODE:NATUREOFSUPPLYCODE:CREATIONTIME","TNO:MODULECODE:ITEMCODE:ACCOUNTCODE:REMARK:ITEMACCOUNTCODE:ITEMSPECIFICATIONCODE:COMPANYCODE:PARTYCODE:DESPATCHCATEGORYCODE:LOCATIONCODE:DOCTYPECODE:PANDLACCOUNTCODE:INCOMEACCOUNTCODE:TRANSACTIONTYPECODE:NATUREOFSUPPLYCODE:CREATOR:CREATIONTIME"
214,449999868210411316,"COMPANYCODE:FINANCIALYEARCODE:LOCATIONCODE:DOCTYPECODE:AGENTCOMMISSIONRATENO:AGENTCOMMISSIONRATEDATE:AGENTCODE:EFFECTIVEDATE:CREATOR:CREATIONTIME:REMARK","COMPANYCODE:FINANCIALYEARCODE:LOCATIONCODE:DOCTYPECODE:AGENTCOMMISSIONRATENO:AGENTCOMMISSIONRATEDATE:AGENTCODE:EFFECTIVEDATE:REMARK:CREATOR:CREATIONTIME"
229,479527504522746026,"COMPANY:DOCTYPE:LOCATION:FINANCIALYEARCODE:GSTR1NO:GSTR1DATE:FROMDATE:TODATE:REMARK:CREATOR:CREATIONTIME:LOCATIONWISE:GSTINNO","COMPANY:DOCTYPE:LOCATION:FINANCIALYEARCODE:GSTR1NO:GSTR1DATE:FROMDATE:TODATE:REMARK:LOCATIONWISE:GSTINNO:CREATOR:CREATIONTIME"
276,218323090654781011,"TNO:COMPANYCODE:FINANCIALYEARCODE:LOCATIONCODE:DOCTYPECODE:BONUSNO:BONUSDATE:FROMDATE:TODATE:STAFFTYPECODE:CATEGORYCODE:REMARK:CREATIONTIME:CREATOR:DEBITACCOUNTCODE:CREDITACCOUNTCODE:BONUSAMOUNT","TNO:COMPANYCODE:FINANCIALYEARCODE:LOCATIONCODE:DOCTYPECODE:BONUSNO:BONUSDATE:FROMDATE:TODATE:STAFFTYPECODE:CATEGORYCODE:REMARK:DEBITACCOUNTCODE:CREDITACCOUNTCODE:BONUSAMOUNT:CREATIONTIME:CREATOR"
310,192147398421039364,"TNO:LOCATIONCODE:LOCATIONNAME:LOCATIONSHORTNAME:REMARK:DATECREATED:DATEMODIFY:PARENTCODE:CREATOR:ISDIVISION:CREATIONTIME:PARTYCODE:DESTINATIONCODE:TRACKINGREQUIRED:LATITUDE:LONGITUDE:PETTYCASHACCOUNTCODE:ZONECODE:TRANSACTIONALCYCLECOUNT:STORAGERESERVATIONREQUIRED:LRENTRYITEMWISE:FSABILLWITHCODE:PREMISESCODE:ISPREMISESOFMULTIPLEWAREHOUSE:VEHICLEPLANNING:PODPERCENTFORTRANSPORTERBILL:OPERATIONBOSSUSERCODE:TRANSPORTATIONBOSSUSERCODE:LRENTRYSLIPPRINTGROUPWISE:WAREHOUSEBOSSUSERCODE:PRINTGATEPASSWITHDISPATCHSLIP:OVERTIMEFORSANCTIONEDDAY:GATEENTRYREQUIRED:AVERAGEWEIGHTPERNOS:STATECODE:SHIPMENTDOCNOINDISPATCHSLIP:PAIDBILTYCLAIMIMMEDIATE:CITYCODE:ASSETACCOUNTCODE:BRANCHACCOUNTCODE:COMPANYCODE:ISITBRANCH:FRANCHISEID:FRANCHISENAME:ACCOUNTCODE:STATUS:ADDRESS1:ADDRESS2:ADDRESS3:BRANCHTYPECODE:PINCODE:GSTINNO:MOBILENO:EMAILID","TNO:LOCATIONCODE:LOCATIONNAME:LOCATIONSHORTNAME:REMARK:DATECREATED:DATEMODIFY:PARENTCODE:ISDIVISION:PARTYCODE:DESTINATIONCODE:TRACKINGREQUIRED:LATITUDE:LONGITUDE:PETTYCASHACCOUNTCODE:ZONECODE:TRANSACTIONALCYCLECOUNT:STORAGERESERVATIONREQUIRED:LRENTRYITEMWISE:FSABILLWITHCODE:PREMISESCODE:ISPREMISESOFMULTIPLEWAREHOUSE:VEHICLEPLANNING:PODPERCENTFORTRANSPORTERBILL:OPERATIONBOSSUSERCODE:TRANSPORTATIONBOSSUSERCODE:LRENTRYSLIPPRINTGROUPWISE:WAREHOUSEBOSSUSERCODE:PRINTGATEPASSWITHDISPATCHSLIP:OVERTIMEFORSANCTIONEDDAY:GATEENTRYREQUIRED:AVERAGEWEIGHTPERNOS:STATECODE:SHIPMENTDOCNOINDISPATCHSLIP:PAIDBILTYCLAIMIMMEDIATE:CITYCODE:ASSETACCOUNTCODE:BRANCHACCOUNTCODE:COMPANYCODE:ISITBRANCH:FRANCHISEID:FRANCHISENAME:ACCOUNTCODE:STATUS:ADDRESS1:ADDRESS2:ADDRESS3:BRANCHTYPECODE:PINCODE:GSTINNO:MOBILENO:EMAILID:CREATOR:CREATIONTIME"
311,18499985701515459,"DOCTYPE:LOCATION:ACCOUNTCODE:CHALLANAMOUNT:CHALLANDATE:CHALLANNO:COMPANYCODE:FINANCIALYEARCODE:FROMDATE:MONEYTRANSFERMODECODE:MONEYTRANSFERREFERENCEDATE:MONEYTRANSFERREFERENCENO:PAYMENTDONE:REMARK:TODATE:DEPOSITEDINBANKCODE:DEPOSITORCODE:NARRATION:COVERINGLETTERNO:TAXSECTIONCODE:CREATOR:MODULECODE:MODULETNO:FILENAME:CREATIONTIME","DOCTYPE:LOCATION:ACCOUNTCODE:CHALLANAMOUNT:CHALLANDATE:CHALLANNO:COMPANYCODE:FINANCIALYEARCODE:FROMDATE:MONEYTRANSFERMODECODE:MONEYTRANSFERREFERENCEDATE:MONEYTRANSFERREFERENCENO:PAYMENTDONE:REMARK:TODATE:DEPOSITEDINBANKCODE:DEPOSITORCODE:NARRATION:COVERINGLETTERNO:TAXSECTIONCODE:MODULECODE:MODULETNO:FILENAME:CREATOR:CREATIONTIME"
311,189420161711787299,"DOCTYPE:LOCATION:ACCOUNTCODE:CHALLANAMOUNT:CHALLANDATE:CHALLANNO:COMPANYCODE:FINANCIALYEARCODE:FROMDATE:MONEYTRANSFERMODECODE:MONEYTRANSFERREFERENCEDATE:MONEYTRANSFERREFERENCENO:PAYMENTDONE:REMARK:TODATE:DEPOSITEDINBANKCODE:DEPOSITORCODE:NARRATION:COVERINGLETTERNO:TAXSECTIONCODE:CREATOR:MODULECODE:MODULETNO:FILENAME:CREATIONTIME","DOCTYPE:LOCATION:ACCOUNTCODE:CHALLANAMOUNT:CHALLANDATE:CHALLANNO:COMPANYCODE:FINANCIALYEARCODE:FROMDATE:MONEYTRANSFERMODECODE:MONEYTRANSFERREFERENCEDATE:MONEYTRANSFERREFERENCENO:PAYMENTDONE:REMARK:TODATE:DEPOSITEDINBANKCODE:DEPOSITORCODE:NARRATION:COVERINGLETTERNO:TAXSECTIONCODE:MODULECODE:MODULETNO:FILENAME:CREATOR:CREATIONTIME"
314,194030313379076397,"STATUS:TNO:PAYMENTADVICENO:PAYMENTADVICEDATE:PARTY:DOCTYPENAME:TDSPAYEECATEGORYNAME:TDSNATURENAME:TDSLOWERRATE:CERTIFICATENO:TDSONOVERANDABOVE:REFERENCE:REFERENCENO:REFERENCEDATE:AMOUNT:AMOUNTDR:TDSRATE:TDSAMOUNT:ROUNDOFF:CHECKNOORDDNO:MODEOFTRANSACTION:BANKACCOUNT:REFERENCELOCATION:VOUCHERNO:VOUCHERDATE:CREATOR:LOCATIONNAME:COMPANYNAME:DOCUMENTSTATUSNAME","STATUS:TNO:PAYMENTADVICENO:PAYMENTADVICEDATE:PARTY:DOCTYPENAME:TDSPAYEECATEGORYNAME:TDSNATURENAME:TDSLOWERRATE:CERTIFICATENO:TDSONOVERANDABOVE:REFERENCE:REFERENCENO:REFERENCEDATE:AMOUNT:AMOUNTDR:TDSRATE:TDSAMOUNT:ROUNDOFF:CHECKNOORDDNO:MODEOFTRANSACTION:BANKACCOUNT:REFERENCELOCATION:VOUCHERNO:VOUCHERDATE:LOCATIONNAME:COMPANYNAME:DOCUMENTSTATUSNAME:CREATOR"
341,731692767148703128,"APPLIEDONWARD:CREATIONTIME:CREATOR:INCASHMENTSALARYHEADCODE:LEAVESCHEMECODE:LEAVESCHEMENAME:REMARK:SHORTNAME:STAFFTYPECODE","APPLIEDONWARD:INCASHMENTSALARYHEADCODE:LEAVESCHEMECODE:LEAVESCHEMENAME:REMARK:SHORTNAME:STAFFTYPECODE:CREATIONTIME:CREATOR"
347,506424043284692391,"TNO:COMPANYCODE:FINANCIALYEARCODE:LOCATIONCODE:DOCTYPECODE:ADVANCERECEIPTNO:ADVANCERECEIPTDATE:PARTYCODE:PARTYREFNO:PARTYREFDATE:ACCOUNTCODE:MONEYTRANSFERMODECODE:MONEYTRANSFERREFERENCENO:MONEYTRANSFERREFERENCEDATE:TRANSACTIONTYPECODE:MODULECODE:MODULETNO:ADVANCERECEIPTAMOUNT:CGSTAMOUNT:SGSTAMOUNT:IGSTAMOUNT:CESSAMOUNT:TAXABLEAMOUNT:SUMOFAMOUNT:TDSAMOUNT:TAXRATE:REMARK:CREATOR:CREATIONTIME:NATUREOFSUPPLYCODE:GSTINNO","TNO:COMPANYCODE:FINANCIALYEARCODE:LOCATIONCODE:DOCTYPECODE:ADVANCERECEIPTNO:ADVANCERECEIPTDATE:PARTYCODE:PARTYREFNO:PARTYREFDATE:ACCOUNTCODE:MONEYTRANSFERMODECODE:MONEYTRANSFERREFERENCENO:MONEYTRANSFERREFERENCEDATE:TRANSACTIONTYPECODE:MODULECODE:MODULETNO:ADVANCERECEIPTAMOUNT:CGSTAMOUNT:SGSTAMOUNT:IGSTAMOUNT:CESSAMOUNT:TAXABLEAMOUNT:SUMOFAMOUNT:TDSAMOUNT:TAXRATE:REMARK:NATUREOFSUPPLYCODE:GSTINNO:CREATOR:CREATIONTIME"
351,521412993607048943,"COMPANY:DOCTYPE:LOCATION:FINANCIALYEARCODE:FROMDATE:TODATE:REMARK:CREATOR:CREATIONTIME:LOCATIONWISE:GSTINNO","COMPANY:DOCTYPE:LOCATION:FINANCIALYEARCODE:FROMDATE:TODATE:REMARK:LOCATIONWISE:GSTINNO:CREATOR:CREATIONTIME"
366,602908375977499397,"ITEMGRADENAME:CREATOR:CREATIONTIME:REMARK","ITEMGRADENAME:REMARK:CREATOR:CREATIONTIME"
375,57216840940731025,"TNO:LOCATIONNAME:DOCTYPENAME:DESPATCHADVICENO:DESPATCHADVICEDATE:REFERENCENO:REFERENCEDATE:REFERENCE:PARTYNAME:TRANSPORTER:EMPLOYEE:DRIVERNAME:VEHICLENO:ITEMCODE:ITEM:MEASURINGUNITCODE1:QUANTITY1:MEASURINGUNITCODE2:QUANTITY2:MSTATUS:MATERIALOUTNO:MATERIALOUTDATE:WSTATUS:WEIGHMENTNO:WEIGHMENTDATE:CREATOR:CREATIONTIME:SO_ORDERED_QTY:TOTAL_DISPATCHED_QTY:PENDING_DISPATCH_QTY:PRINT","TNO:LOCATIONNAME:DOCTYPENAME:DESPATCHADVICENO:DESPATCHADVICEDATE:REFERENCENO:REFERENCEDATE:REFERENCE:PARTYNAME:TRANSPORTER:EMPLOYEE:DRIVERNAME:VEHICLENO:ITEMCODE:ITEM:MEASURINGUNITCODE1:QUANTITY1:MEASURINGUNITCODE2:QUANTITY2:MSTATUS:MATERIALOUTNO:MATERIALOUTDATE:WSTATUS:WEIGHMENTNO:WEIGHMENTDATE:SO_ORDERED_QTY:TOTAL_DISPATCHED_QTY:PENDING_DISPATCH_QTY:PRINT:CREATOR:CREATIONTIME"
651,465033292923861996,"PRINT:DOCTYPENAME:EMPLOYEENAME:ACCOUNTNAME:TRAVELINGMODENAME:FROMPLACE:LOCATIONNAME:TOPLACE:VIAPLACE:TOURREQUESTNO:TOURREQUESTDATE:TRAVELLINGFROMDATE:TRAVELLINGTODATE:PURPOSE:HOTELTYPECODE:ESTIMATEDTOURCOST:TOURADVANCE:REMARK:CREATOR:CREATIONTIME:DISTANCE:TRAVELINGMODECODE:IMPRESTACCOUNTCODE:MONEYTRANSFERMODECODE:MONEYTRANSFERREFERENCENO:TRANSACTIONTYPECODE:NATUREOFSUPPLYCODE:CONVEYANCETYPECODE:MODULECODE:MODULETNO:CONVEYANCESCHEMENO","PRINT:DOCTYPENAME:EMPLOYEENAME:ACCOUNTNAME:TRAVELINGMODENAME:FROMPLACE:LOCATIONNAME:TOPLACE:VIAPLACE:TOURREQUESTNO:TOURREQUESTDATE:TRAVELLINGFROMDATE:TRAVELLINGTODATE:PURPOSE:HOTELTYPECODE:ESTIMATEDTOURCOST:TOURADVANCE:REMARK:DISTANCE:TRAVELINGMODECODE:IMPRESTACCOUNTCODE:MONEYTRANSFERMODECODE:MONEYTRANSFERREFERENCENO:TRANSACTIONTYPECODE:NATUREOFSUPPLYCODE:CONVEYANCETYPECODE:MODULECODE:MODULETNO:CONVEYANCESCHEMENO:CREATOR:CREATIONTIME"
657,491349134905004698,"PRINT:COMPANYCODE:FINANCIALYEARCODE:LOCATIONCODE:DOCTYPECODE:TOURREQONSPECIALAPPROVALNO:TOURREQONSPECIALAPPROVALDATE:TOURREQUESTTNO:HOTELNAME:HOTELDETAIL:TOTALEXPENSEAMOUNT:BALANCEAMOUNT:TOTALSELFAMOUNT:TOTALCOMPANYAMOUNT:REMARK:CREATOR:CREATIONTIME:CONVEYANCESCHEMETNO","PRINT:COMPANYCODE:FINANCIALYEARCODE:LOCATIONCODE:DOCTYPECODE:TOURREQONSPECIALAPPROVALNO:TOURREQONSPECIALAPPROVALDATE:TOURREQUESTTNO:HOTELNAME:HOTELDETAIL:TOTALEXPENSEAMOUNT:BALANCEAMOUNT:TOTALSELFAMOUNT:TOTALCOMPANYAMOUNT:REMARK:CONVEYANCESCHEMETNO:CREATOR:CREATIONTIME"
659,465973372894668115,"PRINT:COMPANYCODE:FINANCIALYEARCODE:LOCATIONCODE:DOCTYPECODE:TOUREXPENSENO:TOUREXPENSEDATE:TOURREQUESTTNO:HOTELNAME:HOTELDETAIL:TOTALEXPENSEAMOUNT:BALANCEAMOUNT:TOTALSELFAMOUNT:TOTALCOMPANYAMOUNT:REMARK:CREATOR:CREATIONTIME:POLICYFORCODE:MODULECODE:MONEYTRANSFERMODECODE:MONEYTRANSFERREFERENCENO:ACCOUNTCODE:IMPRESTACCOUNTCODE:TRANSACTIONTYPECODE:NATUREOFSUPPLYCODE","PRINT:COMPANYCODE:FINANCIALYEARCODE:LOCATIONCODE:DOCTYPECODE:TOUREXPENSENO:TOUREXPENSEDATE:TOURREQUESTTNO:HOTELNAME:HOTELDETAIL:TOTALEXPENSEAMOUNT:BALANCEAMOUNT:TOTALSELFAMOUNT:TOTALCOMPANYAMOUNT:REMARK:POLICYFORCODE:MODULECODE:MONEYTRANSFERMODECODE:MONEYTRANSFERREFERENCENO:ACCOUNTCODE:IMPRESTACCOUNTCODE:TRANSACTIONTYPECODE:NATUREOFSUPPLYCODE:CREATOR:CREATIONTIME"
683,480572254483074960,"DOCTYPENAME:EMPLOYEENAME:LOATIONNAME:SALARYPAYMENTADVICENO:SALARYPAYMENTADVICEDATE:SALARYFROMDATE:SALARYTODATE:STAFFTYPECODE:AMOUNT:NARRATION:REMARK:PAYMENTDONE:CREATOR:MONEYTRANSFERMODECODE:MONEYTRANSFERREFERENCENO:MONEYTRANSFERREFERENCEDATE:SUMOFAMOUNT:CREATIONTIME","DOCTYPENAME:EMPLOYEENAME:LOATIONNAME:SALARYPAYMENTADVICENO:SALARYPAYMENTADVICEDATE:SALARYFROMDATE:SALARYTODATE:STAFFTYPECODE:AMOUNT:NARRATION:REMARK:PAYMENTDONE:MONEYTRANSFERMODECODE:MONEYTRANSFERREFERENCENO:MONEYTRANSFERREFERENCEDATE:SUMOFAMOUNT:CREATOR:CREATIONTIME"
691,487635294632842202,"PRINT:COMPANYCODE:FINANCIALYEARCODE:LOCATIONCODE:DOCTYPECODE:ASSETTRANSFERNO:ASSETTRANSFERDATE:ITEMCODE:ITEMSPECIFICATIONCODE:DESCRIPTION:QUANTITY1:QUANTITY2:REMARK:CREATOR:WORKCENTRECODE:ACCOUNTCODE:ASSETCODEPREFIX:ASSETCODESTARTNO:ASSETVALUE:DEPRECIATEDAMOUNT:NETVALUE:CREATIONTIME","PRINT:COMPANYCODE:FINANCIALYEARCODE:LOCATIONCODE:DOCTYPECODE:ASSETTRANSFERNO:ASSETTRANSFERDATE:ITEMCODE:ITEMSPECIFICATIONCODE:DESCRIPTION:QUANTITY1:QUANTITY2:REMARK:WORKCENTRECODE:ACCOUNTCODE:ASSETCODEPREFIX:ASSETCODESTARTNO:ASSETVALUE:DEPRECIATEDAMOUNT:NETVALUE:CREATOR:CREATIONTIME"
695,488249345184135450,"PRINT:BANKNAME:COMPANYNAME:DOCTYPENAME:EMPLOYEENAME:LOCATIONNAME:MONEYTRANSFERMODENAME:FINANCIALYEARCODE:FULLANDFINALNO:FULLANDFINALDATE:RESIGNATIONACCEPTENCEDATE:STATUTORYRATE:EMPLOYEECONTRIBUTION:REASONOFRESIGNATION:SALARYFROMDATE:SALARYTODATE:LEAVESALARYAMOUNT:VISA:GRATUITYAMOUNT:BONUSAMOUNT:LTAAMOUNT:MEDICALAMOUNT:SECURITYDEPOSITEAMOUNT:GRATUITYDAYS:NARRATION:OTHERAMOUNT:NOCDATE:NOCNO:ATTACHMENTFILENAME:REMARK:CREATOR:CREATIONTIME:DATEOFLEAVING:NOTICEPERIODREMAININGDAYS:BASICSALARY:DEDUCTIONRATE:DEDUCTIONAMOUNT:ISGRATUITYALLOWED:ISDEDUCTIONALLOWED:NOTICEPERIODFROMTERMINATION:EARNINGAMOUNT:REFERENCEMODULE:ISALLOWEDPAYMENT:NETPAYABLE:ISALLOWSALARY:NETBASICSALARY:NETGRATUITYAMOUNT:LEAVEINCASH:OTHER:LOAN:TOOL:UNIFORMPERIOD:OTHERDEDUCTION","PRINT:BANKNAME:COMPANYNAME:DOCTYPENAME:EMPLOYEENAME:LOCATIONNAME:MONEYTRANSFERMODENAME:FINANCIALYEARCODE:FULLANDFINALNO:FULLANDFINALDATE:RESIGNATIONACCEPTENCEDATE:STATUTORYRATE:EMPLOYEECONTRIBUTION:REASONOFRESIGNATION:SALARYFROMDATE:SALARYTODATE:LEAVESALARYAMOUNT:VISA:GRATUITYAMOUNT:BONUSAMOUNT:LTAAMOUNT:MEDICALAMOUNT:SECURITYDEPOSITEAMOUNT:GRATUITYDAYS:NARRATION:OTHERAMOUNT:NOCDATE:NOCNO:ATTACHMENTFILENAME:REMARK:DATEOFLEAVING:NOTICEPERIODREMAININGDAYS:BASICSALARY:DEDUCTIONRATE:DEDUCTIONAMOUNT:ISGRATUITYALLOWED:ISDEDUCTIONALLOWED:NOTICEPERIODFROMTERMINATION:EARNINGAMOUNT:REFERENCEMODULE:ISALLOWEDPAYMENT:NETPAYABLE:ISALLOWSALARY:NETBASICSALARY:NETGRATUITYAMOUNT:LEAVEINCASH:OTHER:LOAN:TOOL:UNIFORMPERIOD:OTHERDEDUCTION:CREATOR:CREATIONTIME"
704,241519369430532951,"WINLOSS:COMPANYNAME:SALESQUOTATIONNO:SALESQUOTATIONDATE:CURRENCYUNIT:DOCTYPENAME:EMPLOYEENAME:LOCATIONNAME:PARTYNAME:FINANCIALYEARCODE:PARTYQUOTATIONNO:PARTYQUOTATIONDATE:VALIDITYDATE:CURRENCYVALUE:SUMOFAMOUNT:SUMOFFOOTER:SUBJECTTEXT:ITEMWISEFOOTER:REMARK:SUMOFFOOTERAMOUNT:SALESQUOTATIONAMOUNT:SALESENQUIRYTNO:AGENTCODE:CONSIGNEECODE:VALIDITYUPTODATE:CREATIONTIME:CREATOR:REASONOFLOSS","WINLOSS:COMPANYNAME:SALESQUOTATIONNO:SALESQUOTATIONDATE:CURRENCYUNIT:DOCTYPENAME:EMPLOYEENAME:LOCATIONNAME:PARTYNAME:FINANCIALYEARCODE:PARTYQUOTATIONNO:PARTYQUOTATIONDATE:VALIDITYDATE:CURRENCYVALUE:SUMOFAMOUNT:SUMOFFOOTER:SUBJECTTEXT:ITEMWISEFOOTER:REMARK:SUMOFFOOTERAMOUNT:SALESQUOTATIONAMOUNT:SALESENQUIRYTNO:AGENTCODE:CONSIGNEECODE:VALIDITYUPTODATE:REASONOFLOSS:CREATIONTIME:CREATOR"
704,18489774586340397,"WINLOSS:COMPANYNAME:SALESQUOTATIONNO:SALESQUOTATIONDATE:CURRENCYUNIT:DOCTYPENAME:EMPLOYEENAME:LOCATIONNAME:PARTYNAME:FINANCIALYEARCODE:PARTYQUOTATIONNO:PARTYQUOTATIONDATE:VALIDITYDATE:CURRENCYVALUE:SUMOFAMOUNT:SUMOFFOOTER:SUBJECTTEXT:ITEMWISEFOOTER:REMARK:SUMOFFOOTERAMOUNT:SALESQUOTATIONAMOUNT:SALESENQUIRYTNO:AGENTCODE:CONSIGNEECODE:VALIDITYUPTODATE:CREATIONTIME:CREATOR:REASONOFLOSS","WINLOSS:COMPANYNAME:SALESQUOTATIONNO:SALESQUOTATIONDATE:CURRENCYUNIT:DOCTYPENAME:EMPLOYEENAME:LOCATIONNAME:PARTYNAME:FINANCIALYEARCODE:PARTYQUOTATIONNO:PARTYQUOTATIONDATE:VALIDITYDATE:CURRENCYVALUE:SUMOFAMOUNT:SUMOFFOOTER:SUBJECTTEXT:ITEMWISEFOOTER:REMARK:SUMOFFOOTERAMOUNT:SALESQUOTATIONAMOUNT:SALESENQUIRYTNO:AGENTCODE:CONSIGNEECODE:VALIDITYUPTODATE:REASONOFLOSS:CREATIONTIME:CREATOR"
707,330110672743946005,"PRINT:SERIALNO:ENQUIRYDATE:ENQUIRYNO:INDENTNO:VENDORNAME:ITEMCODE:MATERIALDETAIL:MEASURINGUNITCODE1:QUANTITY1:MEASURINGUNITCODE2:QUANTITY2:CREATOR:CREATIONTIME:QUOTATIONSTATUS:QUOTATIONNO:QUOTATIONDATE","PRINT:SERIALNO:ENQUIRYDATE:ENQUIRYNO:INDENTNO:VENDORNAME:ITEMCODE:MATERIALDETAIL:MEASURINGUNITCODE1:QUANTITY1:MEASURINGUNITCODE2:QUANTITY2:QUOTATIONSTATUS:QUOTATIONNO:QUOTATIONDATE:CREATOR:CREATIONTIME"
707,18487524340270779,"PRINT:SERIALNO:ENQUIRYDATE:ENQUIRYNO:INDENTNO:VENDORNAME:ITEMCODE:MATERIALDETAIL:MEASURINGUNITCODE1:QUANTITY1:MEASURINGUNITCODE2:QUANTITY2:CREATOR:CREATIONTIME:QUOTATIONSTATUS:QUOTATIONNO:QUOTATIONDATE","PRINT:SERIALNO:ENQUIRYDATE:ENQUIRYNO:INDENTNO:VENDORNAME:ITEMCODE:MATERIALDETAIL:MEASURINGUNITCODE1:QUANTITY1:MEASURINGUNITCODE2:QUANTITY2:QUOTATIONSTATUS:QUOTATIONNO:QUOTATIONDATE:CREATOR:CREATIONTIME"
713,239547540670548928,"COMPANYCODE:FINANCIALYEARCODE:LOCATION:DOCTYPE:DEPARTMENT:RATECONTRACTNO:RATECONTRACTDATE:CURRENCYUNITCODE:CURRENCYVALUE:WORKORDERTNO:PARTYNAME:SUMOFAMOUNT:RATECONTRACTAMOUNT:SUBJECTTEXT:REFERENCETEXT:LETTERTEXT:TITLETEXT:REMARK:ITEMWISEFOOTER:EXPIRYDATE:SUMOFFOOTERAMOUNT:CREATOR:CREATIONTIME:TRANSACTIONTYPECODE:NATUREOFSUPPLYCODE","COMPANYCODE:FINANCIALYEARCODE:LOCATION:DOCTYPE:DEPARTMENT:RATECONTRACTNO:RATECONTRACTDATE:CURRENCYUNITCODE:CURRENCYVALUE:WORKORDERTNO:PARTYNAME:SUMOFAMOUNT:RATECONTRACTAMOUNT:SUBJECTTEXT:REFERENCETEXT:LETTERTEXT:TITLETEXT:REMARK:ITEMWISEFOOTER:EXPIRYDATE:SUMOFFOOTERAMOUNT:TRANSACTIONTYPECODE:NATUREOFSUPPLYCODE:CREATOR:CREATIONTIME"
713,18488144435301326,"COMPANYCODE:FINANCIALYEARCODE:LOCATION:DOCTYPE:DEPARTMENT:RATECONTRACTNO:RATECONTRACTDATE:CURRENCYUNITCODE:CURRENCYVALUE:WORKORDERTNO:PARTYNAME:SUMOFAMOUNT:RATECONTRACTAMOUNT:SUBJECTTEXT:REFERENCETEXT:LETTERTEXT:TITLETEXT:REMARK:ITEMWISEFOOTER:EXPIRYDATE:SUMOFFOOTERAMOUNT:CREATOR:CREATIONTIME:TRANSACTIONTYPECODE:NATUREOFSUPPLYCODE","COMPANYCODE:FINANCIALYEARCODE:LOCATION:DOCTYPE:DEPARTMENT:RATECONTRACTNO:RATECONTRACTDATE:CURRENCYUNITCODE:CURRENCYVALUE:WORKORDERTNO:PARTYNAME:SUMOFAMOUNT:RATECONTRACTAMOUNT:SUBJECTTEXT:REFERENCETEXT:LETTERTEXT:TITLETEXT:REMARK:ITEMWISEFOOTER:EXPIRYDATE:SUMOFFOOTERAMOUNT:TRANSACTIONTYPECODE:NATUREOFSUPPLYCODE:CREATOR:CREATIONTIME"
715,816759098432833289,"PROCESSROUTINGCODE:PROCESSROUTINGNAME:PROCESSTYPE:ITEMCLASS:CREATOR:REMARK","PROCESSROUTINGCODE:PROCESSROUTINGNAME:PROCESSTYPE:ITEMCLASS:REMARK:CREATOR"
717,825211767795586860,"PROCESSTATCODE:PROCESSTATNAME:PROCESSROUTINGTNO:CREATIONTIME:CREATOR:REMARK","PROCESSTATCODE:PROCESSTATNAME:PROCESSROUTINGTNO:REMARK:CREATIONTIME:CREATOR"

50 rows selected. 

"PAGE_ID","PLUG_NAME","COLUMN_ALIAS","HIDDEN_COLUMN"
no rows selected
