"TABLE_NAME","COLUMN_NAME"
"WWV_FLOW_IG_REPORT_COLUMNS","ID"
"WWV_FLOW_IG_REPORT_COLUMNS","VIEW_ID"
"WWV_FLOW_IG_REPORT_COLUMNS","SECURITY_GROUP_ID"
"WWV_FLOW_IG_REPORT_COLUMNS","DISPLAY_SEQ"
"WWV_FLOW_IG_REPORT_COLUMNS","COLUMN_ID"
"WWV_FLOW_IG_REPORT_COLUMNS","COMP_COLUMN_ID"
"WWV_FLOW_IG_REPORT_COLUMNS","IS_VISIBLE"
"WWV_FLOW_IG_REPORT_COLUMNS","IS_FROZEN"
"WWV_FLOW_IG_REPORT_COLUMNS","WIDTH"
"WWV_FLOW_IG_REPORT_COLUMNS","PRIORITY"
"WWV_FLOW_IG_REPORT_COLUMNS","BREAK_ORDER"
"WWV_FLOW_IG_REPORT_COLUMNS","BREAK_IS_ENABLED"
"WWV_FLOW_IG_REPORT_COLUMNS","BREAK_SORT_DIRECTION"
"WWV_FLOW_IG_REPORT_COLUMNS","BREAK_SORT_NULLS"
"WWV_FLOW_IG_REPORT_COLUMNS","SORT_ORDER"
"WWV_FLOW_IG_REPORT_COLUMNS","SORT_DIRECTION"
"WWV_FLOW_IG_REPORT_COLUMNS","SORT_NULLS"
"WWV_FLOW_REGION_COLUMNS","ID"
"WWV_FLOW_REGION_COLUMNS","FLOW_ID"
"WWV_FLOW_REGION_COLUMNS","PAGE_ID"
"WWV_FLOW_REGION_COLUMNS","REGION_ID"
"WWV_FLOW_REGION_COLUMNS","SECURITY_GROUP_ID"
"WWV_FLOW_REGION_COLUMNS","NAME"
"WWV_FLOW_REGION_COLUMNS","SOURCE_TYPE"
"WWV_FLOW_REGION_COLUMNS","SOURCE_EXPRESSION"
"WWV_FLOW_REGION_COLUMNS","DATA_TYPE"
"WWV_FLOW_REGION_COLUMNS","SESSION_STATE_DATA_TYPE"
"WWV_FLOW_REGION_COLUMNS","IS_QUERY_ONLY"
"WWV_FLOW_REGION_COLUMNS","ITEM_TYPE"
"WWV_FLOW_REGION_COLUMNS","IS_VISIBLE"
"WWV_FLOW_REGION_COLUMNS","HEADING"
"WWV_FLOW_REGION_COLUMNS","LABEL"
"WWV_FLOW_REGION_COLUMNS","HEADING_ALIGNMENT"
"WWV_FLOW_REGION_COLUMNS","DISPLAY_SEQUENCE"
"WWV_FLOW_REGION_COLUMNS","VALUE_ALIGNMENT"
"WWV_FLOW_REGION_COLUMNS","VALUE_CSS_CLASSES"
"WWV_FLOW_REGION_COLUMNS","VALUE_ATTRIBUTES"
"WWV_FLOW_REGION_COLUMNS","GROUP_ID"
"WWV_FLOW_REGION_COLUMNS","USE_GROUP_FOR"
"WWV_FLOW_REGION_COLUMNS","STRETCH"
"WWV_FLOW_REGION_COLUMNS","PLUGIN_INIT_JAVASCRIPT_CODE"
"WWV_FLOW_REGION_COLUMNS","MULTI_VALUE_TYPE"
"WWV_FLOW_REGION_COLUMNS","MULTI_VALUE_SEPARATOR"
"WWV_FLOW_REGION_COLUMNS","FORMAT_MASK"
"WWV_FLOW_REGION_COLUMNS","ITEM_WIDTH"
"WWV_FLOW_REGION_COLUMNS","ITEM_HEIGHT"
"WWV_FLOW_REGION_COLUMNS","ITEM_PLACEHOLDER"
"WWV_FLOW_REGION_COLUMNS","ITEM_CSS_CLASSES"
"WWV_FLOW_REGION_COLUMNS","ITEM_ICON_CSS_CLASSES"
"WWV_FLOW_REGION_COLUMNS","ITEM_ATTRIBUTES"
"WWV_FLOW_REGION_COLUMNS","IS_GROUP"
"WWV_FLOW_REGION_COLUMNS","IS_REQUIRED"
"WWV_FLOW_REGION_COLUMNS","MAX_LENGTH"
"WWV_FLOW_REGION_COLUMNS","LOV_TYPE"
"WWV_FLOW_REGION_COLUMNS","LOV_ID"
"WWV_FLOW_REGION_COLUMNS","LOV_LANGUAGE"
"WWV_FLOW_REGION_COLUMNS","LOV_SOURCE"
"WWV_FLOW_REGION_COLUMNS","LOV_DISPLAY_EXTRA"
"WWV_FLOW_REGION_COLUMNS","LOV_DISPLAY_NULL"
"WWV_FLOW_REGION_COLUMNS","LOV_NULL_TEXT"
"WWV_FLOW_REGION_COLUMNS","LOV_NULL_VALUE"
"WWV_FLOW_REGION_COLUMNS","LOV_CASCADE_PARENT_ITEMS"
"WWV_FLOW_REGION_COLUMNS","AJAX_ITEMS_TO_SUBMIT"
"WWV_FLOW_REGION_COLUMNS","AJAX_OPTIMIZE_REFRESH"
"WWV_FLOW_REGION_COLUMNS","LINK_TARGET"
"WWV_FLOW_REGION_COLUMNS","LINK_TEXT"
"WWV_FLOW_REGION_COLUMNS","LINK_ATTRIBUTES"
"WWV_FLOW_REGION_COLUMNS","ENABLE_FILTER"
"WWV_FLOW_REGION_COLUMNS","FILTER_OPERATORS"
"WWV_FLOW_REGION_COLUMNS","FILTER_IS_REQUIRED"
"WWV_FLOW_REGION_COLUMNS","FILTER_TEXT_CASE"
"WWV_FLOW_REGION_COLUMNS","FILTER_EXACT_MATCH"
"WWV_FLOW_REGION_COLUMNS","FILTER_DATE_RANGES"
"WWV_FLOW_REGION_COLUMNS","FILTER_LOV_TYPE"
"WWV_FLOW_REGION_COLUMNS","FILTER_LOV_ID"
"WWV_FLOW_REGION_COLUMNS","FILTER_LOV_LANGUAGE"
"WWV_FLOW_REGION_COLUMNS","FILTER_LOV_QUERY"
"WWV_FLOW_REGION_COLUMNS","STATIC_ID"
"WWV_FLOW_REGION_COLUMNS","USE_AS_ROW_HEADER"
"WWV_FLOW_REGION_COLUMNS","JAVASCRIPT_CODE"
"WWV_FLOW_REGION_COLUMNS","ENABLE_SORT_GROUP"
"WWV_FLOW_REGION_COLUMNS","ENABLE_CONTROL_BREAK"
"WWV_FLOW_REGION_COLUMNS","ENABLE_HIDE"
"WWV_FLOW_REGION_COLUMNS","ENABLE_PIVOT"
"WWV_FLOW_REGION_COLUMNS","IS_PRIMARY_KEY"
"WWV_FLOW_REGION_COLUMNS","AVAILABLE_CLIENTSIDE"
"WWV_FLOW_REGION_COLUMNS","VALUE_PROTECTED"
"WWV_FLOW_REGION_COLUMNS","PARENT_COLUMN_ID"
"WWV_FLOW_REGION_COLUMNS","DEFAULT_TYPE"
"WWV_FLOW_REGION_COLUMNS","DEFAULT_LANGUAGE"
"WWV_FLOW_REGION_COLUMNS","DEFAULT_EXPRESSION"
"WWV_FLOW_REGION_COLUMNS","DUPLICATE_VALUE"
"WWV_FLOW_REGION_COLUMNS","INCLUDE_IN_EXPORT"
"WWV_FLOW_REGION_COLUMNS","DISPLAY_CONDITION_TYPE"
"WWV_FLOW_REGION_COLUMNS","DISPLAY_CONDITION"
"WWV_FLOW_REGION_COLUMNS","DISPLAY_CONDITION2"
"WWV_FLOW_REGION_COLUMNS","READONLY_CONDITION_TYPE"
"WWV_FLOW_REGION_COLUMNS","READONLY_CONDITION"
"WWV_FLOW_REGION_COLUMNS","READONLY_CONDITION2"
"WWV_FLOW_REGION_COLUMNS","READONLY_FOR_EACH_ROW"
"WWV_FLOW_REGION_COLUMNS","ESCAPE_ON_HTTP_OUTPUT"
"WWV_FLOW_REGION_COLUMNS","SECURITY_SCHEME"
"WWV_FLOW_REGION_COLUMNS","RESTRICTED_CHARACTERS"
"WWV_FLOW_REGION_COLUMNS","HELP_TEXT"
"WWV_FLOW_REGION_COLUMNS","REQUIRED_PATCH"
"WWV_FLOW_REGION_COLUMNS","COLUMN_COMMENT"
"WWV_FLOW_REGION_COLUMNS","LAST_UPDATED_BY"
"WWV_FLOW_REGION_COLUMNS","LAST_UPDATED_ON"
"WWV_FLOW_REGION_COLUMNS","ATTRIBUTES"
"WWV_FLOW_REGION_COLUMNS","ATTRIBUTE_01"
"WWV_FLOW_REGION_COLUMNS","ATTRIBUTE_02"
"WWV_FLOW_REGION_COLUMNS","ATTRIBUTE_03"
"WWV_FLOW_REGION_COLUMNS","ATTRIBUTE_04"
"WWV_FLOW_REGION_COLUMNS","ATTRIBUTE_05"
"WWV_FLOW_REGION_COLUMNS","ATTRIBUTE_06"
"WWV_FLOW_REGION_COLUMNS","ATTRIBUTE_07"
"WWV_FLOW_REGION_COLUMNS","ATTRIBUTE_08"
"WWV_FLOW_REGION_COLUMNS","ATTRIBUTE_09"
"WWV_FLOW_REGION_COLUMNS","ATTRIBUTE_10"
"WWV_FLOW_REGION_COLUMNS","ATTRIBUTE_11"
"WWV_FLOW_REGION_COLUMNS","ATTRIBUTE_12"
"WWV_FLOW_REGION_COLUMNS","ATTRIBUTE_13"
"WWV_FLOW_REGION_COLUMNS","ATTRIBUTE_14"
"WWV_FLOW_REGION_COLUMNS","ATTRIBUTE_15"
"WWV_FLOW_REGION_COLUMNS","ATTRIBUTE_16"
"WWV_FLOW_REGION_COLUMNS","ATTRIBUTE_17"
"WWV_FLOW_REGION_COLUMNS","ATTRIBUTE_18"
"WWV_FLOW_REGION_COLUMNS","ATTRIBUTE_19"
"WWV_FLOW_REGION_COLUMNS","ATTRIBUTE_20"
"WWV_FLOW_REGION_COLUMNS","ATTRIBUTE_21"
"WWV_FLOW_REGION_COLUMNS","ATTRIBUTE_22"
"WWV_FLOW_REGION_COLUMNS","ATTRIBUTE_23"
"WWV_FLOW_REGION_COLUMNS","ATTRIBUTE_24"
"WWV_FLOW_REGION_COLUMNS","ATTRIBUTE_25"
"WWV_FLOW_REGION_REPORT_COLUMN","ID"
"WWV_FLOW_REGION_REPORT_COLUMN","REGION_ID"
"WWV_FLOW_REGION_REPORT_COLUMN","FLOW_ID"
"WWV_FLOW_REGION_REPORT_COLUMN","QUERY_COLUMN_ID"
"WWV_FLOW_REGION_REPORT_COLUMN","FORM_ELEMENT_ID"
"WWV_FLOW_REGION_REPORT_COLUMN","COLUMN_ALIAS"
"WWV_FLOW_REGION_REPORT_COLUMN","STATIC_ID"
"WWV_FLOW_REGION_REPORT_COLUMN","COLUMN_DISPLAY_SEQUENCE"
"WWV_FLOW_REGION_REPORT_COLUMN","COLUMN_HEADING"
"WWV_FLOW_REGION_REPORT_COLUMN","USE_AS_ROW_HEADER"
"WWV_FLOW_REGION_REPORT_COLUMN","COLUMN_FORMAT"
"WWV_FLOW_REGION_REPORT_COLUMN","IMAGE_DESCRIPTION"
"WWV_FLOW_REGION_REPORT_COLUMN","COLUMN_HTML_EXPRESSION"
"WWV_FLOW_REGION_REPORT_COLUMN","COLUMN_CSS_CLASS"
"WWV_FLOW_REGION_REPORT_COLUMN","COLUMN_CSS_STYLE"
"WWV_FLOW_REGION_REPORT_COLUMN","COLUMN_HIT_HIGHLIGHT"
"WWV_FLOW_REGION_REPORT_COLUMN","COLUMN_LINK"
"WWV_FLOW_REGION_REPORT_COLUMN","COLUMN_LINKTEXT"
"WWV_FLOW_REGION_REPORT_COLUMN","COLUMN_LINK_ATTR"
"WWV_FLOW_REGION_REPORT_COLUMN","COLUMN_LINK_CHECKSUM_TYPE"
"WWV_FLOW_REGION_REPORT_COLUMN","COLUMN_ALIGNMENT"
"WWV_FLOW_REGION_REPORT_COLUMN","HEADING_ALIGNMENT"
"WWV_FLOW_REGION_REPORT_COLUMN","DEFAULT_SORT_COLUMN_SEQUENCE"
"WWV_FLOW_REGION_REPORT_COLUMN","DEFAULT_SORT_DIR"
"WWV_FLOW_REGION_REPORT_COLUMN","DISABLE_SORT_COLUMN"
"WWV_FLOW_REGION_REPORT_COLUMN","SUM_COLUMN"
"WWV_FLOW_REGION_REPORT_COLUMN","HIDDEN_COLUMN"
"WWV_FLOW_REGION_REPORT_COLUMN","DISPLAY_WHEN_COND_TYPE"
"WWV_FLOW_REGION_REPORT_COLUMN","DISPLAY_WHEN_CONDITION"
"WWV_FLOW_REGION_REPORT_COLUMN","DISPLAY_WHEN_CONDITION2"
"WWV_FLOW_REGION_REPORT_COLUMN","REPORT_COLUMN_REQUIRED_ROLE"
"WWV_FLOW_REGION_REPORT_COLUMN","DISPLAY_AS"
"WWV_FLOW_REGION_REPORT_COLUMN","NAMED_LOV"
"WWV_FLOW_REGION_REPORT_COLUMN","INLINE_LOV"
"WWV_FLOW_REGION_REPORT_COLUMN","LOV_LANGUAGE"
"WWV_FLOW_REGION_REPORT_COLUMN","LOV_SHOW_NULLS"
"WWV_FLOW_REGION_REPORT_COLUMN","LOV_NULL_TEXT"
"WWV_FLOW_REGION_REPORT_COLUMN","LOV_NULL_VALUE"
"WWV_FLOW_REGION_REPORT_COLUMN","COLUMN_WIDTH"
"WWV_FLOW_REGION_REPORT_COLUMN","REPORT_COLUMN_WIDTH"
"WWV_FLOW_REGION_REPORT_COLUMN","COLUMN_HEIGHT"
"WWV_FLOW_REGION_REPORT_COLUMN","CSS_CLASSES"
"WWV_FLOW_REGION_REPORT_COLUMN","CATTRIBUTES"
"WWV_FLOW_REGION_REPORT_COLUMN","CATTRIBUTES_ELEMENT"
"WWV_FLOW_REGION_REPORT_COLUMN","COLUMN_FIELD_TEMPLATE"
"WWV_FLOW_REGION_REPORT_COLUMN","IS_REQUIRED"
"WWV_FLOW_REGION_REPORT_COLUMN","STANDARD_VALIDATIONS"
"WWV_FLOW_REGION_REPORT_COLUMN","PK_COL_SOURCE_TYPE"
"WWV_FLOW_REGION_REPORT_COLUMN","PK_COL_SOURCE"
"WWV_FLOW_REGION_REPORT_COLUMN","DERIVED_COLUMN"
"WWV_FLOW_REGION_REPORT_COLUMN","COLUMN_DEFAULT"
"WWV_FLOW_REGION_REPORT_COLUMN","COLUMN_DEFAULT_TYPE"
"WWV_FLOW_REGION_REPORT_COLUMN","LOV_DISPLAY_EXTRA"
"WWV_FLOW_REGION_REPORT_COLUMN","INCLUDE_IN_EXPORT"
"WWV_FLOW_REGION_REPORT_COLUMN","PRINT_COL_WIDTH"
"WWV_FLOW_REGION_REPORT_COLUMN","PRINT_COL_ALIGN"
"WWV_FLOW_REGION_REPORT_COLUMN","REF_SCHEMA"
"WWV_FLOW_REGION_REPORT_COLUMN","REF_TABLE_NAME"
"WWV_FLOW_REGION_REPORT_COLUMN","REF_COLUMN_NAME"
"WWV_FLOW_REGION_REPORT_COLUMN","COLUMN_COMMENT"
"WWV_FLOW_REGION_REPORT_COLUMN","REQUIRED_PATCH"
"WWV_FLOW_REGION_REPORT_COLUMN","SECURITY_GROUP_ID"
"WWV_FLOW_REGION_REPORT_COLUMN","LAST_UPDATED_BY"
"WWV_FLOW_REGION_REPORT_COLUMN","LAST_UPDATED_ON"
"WWV_FLOW_REGION_REPORT_COLUMN","ATTRIBUTES"
"WWV_FLOW_REGION_REPORT_COLUMN","ATTRIBUTE_01"
"WWV_FLOW_REGION_REPORT_COLUMN","ATTRIBUTE_02"
"WWV_FLOW_REGION_REPORT_COLUMN","ATTRIBUTE_03"
"WWV_FLOW_REGION_REPORT_COLUMN","ATTRIBUTE_04"
"WWV_FLOW_REGION_REPORT_COLUMN","ATTRIBUTE_05"
"WWV_FLOW_REGION_REPORT_COLUMN","ATTRIBUTE_06"
"WWV_FLOW_REGION_REPORT_COLUMN","ATTRIBUTE_07"
"WWV_FLOW_REGION_REPORT_COLUMN","ATTRIBUTE_08"
"WWV_FLOW_REGION_REPORT_COLUMN","ATTRIBUTE_09"
"WWV_FLOW_REGION_REPORT_COLUMN","ATTRIBUTE_10"
"WWV_FLOW_REGION_REPORT_COLUMN","ATTRIBUTE_11"
"WWV_FLOW_REGION_REPORT_COLUMN","ATTRIBUTE_12"
"WWV_FLOW_REGION_REPORT_COLUMN","ATTRIBUTE_13"
"WWV_FLOW_REGION_REPORT_COLUMN","ATTRIBUTE_14"
"WWV_FLOW_REGION_REPORT_COLUMN","ATTRIBUTE_15"
"WWV_FLOW_WORKSHEET_COLUMNS","ID"
"WWV_FLOW_WORKSHEET_COLUMNS","FLOW_ID"
"WWV_FLOW_WORKSHEET_COLUMNS","PAGE_ID"
"WWV_FLOW_WORKSHEET_COLUMNS","WORKSHEET_ID"
"WWV_FLOW_WORKSHEET_COLUMNS","DB_COLUMN_NAME"
"WWV_FLOW_WORKSHEET_COLUMNS","DISPLAY_ORDER"
"WWV_FLOW_WORKSHEET_COLUMNS","IS_PRIMARY_KEY"
"WWV_FLOW_WORKSHEET_COLUMNS","DATA_GRID_FORM_SEQ"
"WWV_FLOW_WORKSHEET_COLUMNS","GROUP_ID"
"WWV_FLOW_WORKSHEET_COLUMNS","COLUMN_IDENTIFIER"
"WWV_FLOW_WORKSHEET_COLUMNS","COLUMN_EXPR"
"WWV_FLOW_WORKSHEET_COLUMNS","COLUMN_LABEL"
"WWV_FLOW_WORKSHEET_COLUMNS","REPORT_LABEL"
"WWV_FLOW_WORKSHEET_COLUMNS","ALTERNATIVE_LABEL"
"WWV_FLOW_WORKSHEET_COLUMNS","SYNC_FORM_LABEL"
"WWV_FLOW_WORKSHEET_COLUMNS","DISPLAY_IN_DEFAULT_RPT"
"WWV_FLOW_WORKSHEET_COLUMNS","COLUMN_HTML_EXPRESSION"
"WWV_FLOW_WORKSHEET_COLUMNS","COLUMN_LINK"
"WWV_FLOW_WORKSHEET_COLUMNS","COLUMN_LINKTEXT"
"WWV_FLOW_WORKSHEET_COLUMNS","COLUMN_LINK_ATTR"
"WWV_FLOW_WORKSHEET_COLUMNS","COLUMN_LINK_CHECKSUM_TYPE"
"WWV_FLOW_WORKSHEET_COLUMNS","IS_SORTABLE"
"WWV_FLOW_WORKSHEET_COLUMNS","ALLOW_SORTING"
"WWV_FLOW_WORKSHEET_COLUMNS","ALLOW_FILTERING"
"WWV_FLOW_WORKSHEET_COLUMNS","ALLOW_HIGHLIGHTING"
"WWV_FLOW_WORKSHEET_COLUMNS","ALLOW_CTRL_BREAKS"
"WWV_FLOW_WORKSHEET_COLUMNS","ALLOW_AGGREGATIONS"
"WWV_FLOW_WORKSHEET_COLUMNS","ALLOW_COMPUTATIONS"
"WWV_FLOW_WORKSHEET_COLUMNS","ALLOW_CHARTING"
"WWV_FLOW_WORKSHEET_COLUMNS","ALLOW_GROUP_BY"
"WWV_FLOW_WORKSHEET_COLUMNS","ALLOW_PIVOT"
"WWV_FLOW_WORKSHEET_COLUMNS","ALLOW_HIDE"
"WWV_FLOW_WORKSHEET_COLUMNS","ENABLE_MULTI_SELECT"
"WWV_FLOW_WORKSHEET_COLUMNS","SHOW_SELECT_ALL"
"WWV_FLOW_WORKSHEET_COLUMNS","HIDE_SELECTION"
"WWV_FLOW_WORKSHEET_COLUMNS","CURRENT_SELECTION_PAGE_ITEM"
"WWV_FLOW_WORKSHEET_COLUMNS","USE_CUSTOM"
"WWV_FLOW_WORKSHEET_COLUMNS","CUSTOM_FILTER"
"WWV_FLOW_WORKSHEET_COLUMNS","BASE_COLUMN"
"WWV_FLOW_WORKSHEET_COLUMNS","ALLOW_FILTERS"
"WWV_FLOW_WORKSHEET_COLUMNS","OTHERS_MAY_EDIT"
"WWV_FLOW_WORKSHEET_COLUMNS","OTHERS_MAY_VIEW"
"WWV_FLOW_WORKSHEET_COLUMNS","COLUMN_TYPE"
"WWV_FLOW_WORKSHEET_COLUMNS","DISPLAY_AS"
"WWV_FLOW_WORKSHEET_COLUMNS","DISPLAY_TEXT_AS"
"WWV_FLOW_WORKSHEET_COLUMNS","HEADING_ALIGNMENT"
"WWV_FLOW_WORKSHEET_COLUMNS","COLUMN_ALIGNMENT"
"WWV_FLOW_WORKSHEET_COLUMNS","MAX_LENGTH"
"WWV_FLOW_WORKSHEET_COLUMNS","DISPLAY_WIDTH"
"WWV_FLOW_WORKSHEET_COLUMNS","DISPLAY_HEIGHT"
"WWV_FLOW_WORKSHEET_COLUMNS","ALLOW_NULL"
"WWV_FLOW_WORKSHEET_COLUMNS","FORMAT_MASK"
"WWV_FLOW_WORKSHEET_COLUMNS","IMAGE_DESCRIPTION"
"WWV_FLOW_WORKSHEET_COLUMNS","TZ_DEPENDENT"
"WWV_FLOW_WORKSHEET_COLUMNS","STATIC_ID"
"WWV_FLOW_WORKSHEET_COLUMNS","CSS_CLASSES"
"WWV_FLOW_WORKSHEET_COLUMNS","USE_AS_ROW_HEADER"
"WWV_FLOW_WORKSHEET_COLUMNS","RICH_TEXT_FORMAT"
"WWV_FLOW_WORKSHEET_COLUMNS","FACT_TABLE_KEY"
"WWV_FLOW_WORKSHEET_COLUMNS","DIMENSION_TABLE"
"WWV_FLOW_WORKSHEET_COLUMNS","DIMENSION_TABLE_ID"
"WWV_FLOW_WORKSHEET_COLUMNS","DIMENSION_TABLE_VALUE"
"WWV_FLOW_WORKSHEET_COLUMNS","RPT_DISTINCT_LOV"
"WWV_FLOW_WORKSHEET_COLUMNS","RPT_LOV"
"WWV_FLOW_WORKSHEET_COLUMNS","RPT_NAMED_LOV"
"WWV_FLOW_WORKSHEET_COLUMNS","RPT_SHOW_FILTER_LOV"
"WWV_FLOW_WORKSHEET_COLUMNS","RPT_FILTER_DATE_RANGES"
"WWV_FLOW_WORKSHEET_COLUMNS","STATIC_LOV"
"WWV_FLOW_WORKSHEET_COLUMNS","LOV_NULL_TEXT"
"WWV_FLOW_WORKSHEET_COLUMNS","LOV_ALLOW_NEW_VALUES"
"WWV_FLOW_WORKSHEET_COLUMNS","LOV_IS_DISTINCT_VALUES"
"WWV_FLOW_WORKSHEET_COLUMNS","LOV_NUM_COLUMNS"
"WWV_FLOW_WORKSHEET_COLUMNS","LOV_ID"
"WWV_FLOW_WORKSHEET_COLUMNS","COMPUTATION_TYPE"
"WWV_FLOW_WORKSHEET_COLUMNS","COMPUTATION_EXPR_1"
"WWV_FLOW_WORKSHEET_COLUMNS","COMPUTATION_EXPR_2"
"WWV_FLOW_WORKSHEET_COLUMNS","VALIDATION_TYPE"
"WWV_FLOW_WORKSHEET_COLUMNS","VALIDATION_EXPR_1"
"WWV_FLOW_WORKSHEET_COLUMNS","VALIDATION_EXPR_2"
"WWV_FLOW_WORKSHEET_COLUMNS","DISPLAY_CONDITION_TYPE"
"WWV_FLOW_WORKSHEET_COLUMNS","DISPLAY_CONDITION"
"WWV_FLOW_WORKSHEET_COLUMNS","DISPLAY_CONDITION2"
"WWV_FLOW_WORKSHEET_COLUMNS","DEFAULT_VALUE"
"WWV_FLOW_WORKSHEET_COLUMNS","DEFAULT_WHEN"
"WWV_FLOW_WORKSHEET_COLUMNS","AVAILABLE_CLIENTSIDE"
"WWV_FLOW_WORKSHEET_COLUMNS","VALUE_PROTECTED"
"WWV_FLOW_WORKSHEET_COLUMNS","HELP_TEXT"
"WWV_FLOW_WORKSHEET_COLUMNS","SECURITY_SCHEME"
"WWV_FLOW_WORKSHEET_COLUMNS","COLUMN_FLAGS"
"WWV_FLOW_WORKSHEET_COLUMNS","COLUMN_COMMENT"
"WWV_FLOW_WORKSHEET_COLUMNS","REQUIRED_PATCH"
"WWV_FLOW_WORKSHEET_COLUMNS","CREATED_ON"
"WWV_FLOW_WORKSHEET_COLUMNS","CREATED_BY"
"WWV_FLOW_WORKSHEET_COLUMNS","UPDATED_ON"
"WWV_FLOW_WORKSHEET_COLUMNS","UPDATED_BY"
"WWV_FLOW_WORKSHEET_COLUMNS","SECURITY_GROUP_ID"
"WWV_FLOW_WORKSHEET_COLUMNS","AI_COLUMN_HINT"
"WWV_FLOW_WORKSHEET_COLUMNS","AI_LOV_TYPE"
"WWV_FLOW_WORKSHEET_COLUMNS","AI_LOV_ID"
"WWV_FLOW_WORKSHEET_COLUMNS","AI_LOV_SOURCE"
"WWV_FLOW_WORKSHEET_COLUMNS","ATTRIBUTES"
"WWV_FLOW_WORKSHEET_COLUMNS","ATTRIBUTE_01"
"WWV_FLOW_WORKSHEET_COLUMNS","ATTRIBUTE_02"
"WWV_FLOW_WORKSHEET_COLUMNS","ATTRIBUTE_03"
"WWV_FLOW_WORKSHEET_COLUMNS","ATTRIBUTE_04"
"WWV_FLOW_WORKSHEET_COLUMNS","ATTRIBUTE_05"
"WWV_FLOW_WORKSHEET_COLUMNS","ATTRIBUTE_06"
"WWV_FLOW_WORKSHEET_COLUMNS","ATTRIBUTE_07"
"WWV_FLOW_WORKSHEET_COLUMNS","ATTRIBUTE_08"
"WWV_FLOW_WORKSHEET_COLUMNS","ATTRIBUTE_09"
"WWV_FLOW_WORKSHEET_COLUMNS","ATTRIBUTE_10"
"WWV_FLOW_WORKSHEET_COLUMNS","ATTRIBUTE_11"
"WWV_FLOW_WORKSHEET_COLUMNS","ATTRIBUTE_12"
"WWV_FLOW_WORKSHEET_COLUMNS","ATTRIBUTE_13"
"WWV_FLOW_WORKSHEET_COLUMNS","ATTRIBUTE_14"
"WWV_FLOW_WORKSHEET_COLUMNS","ATTRIBUTE_15"
"WWV_FLOW_WORKSHEET_COLUMNS","ATTRIBUTE_16"
"WWV_FLOW_WORKSHEET_COLUMNS","ATTRIBUTE_17"
"WWV_FLOW_WORKSHEET_COLUMNS","ATTRIBUTE_18"
"WWV_FLOW_WORKSHEET_COLUMNS","ATTRIBUTE_19"
"WWV_FLOW_WORKSHEET_COLUMNS","ATTRIBUTE_20"
"WWV_FLOW_WORKSHEET_COLUMNS","ATTRIBUTE_21"
"WWV_FLOW_WORKSHEET_COLUMNS","ATTRIBUTE_22"
"WWV_FLOW_WORKSHEET_COLUMNS","ATTRIBUTE_23"
"WWV_FLOW_WORKSHEET_COLUMNS","ATTRIBUTE_24"
"WWV_FLOW_WORKSHEET_COLUMNS","ATTRIBUTE_25"
"WWV_FLOW_WORKSHEET_RPTS","ID"
"WWV_FLOW_WORKSHEET_RPTS","WORKSHEET_ID"
"WWV_FLOW_WORKSHEET_RPTS","FLOW_ID"
"WWV_FLOW_WORKSHEET_RPTS","PAGE_ID"
"WWV_FLOW_WORKSHEET_RPTS","SESSION_ID"
"WWV_FLOW_WORKSHEET_RPTS","TENANT_ID"
"WWV_FLOW_WORKSHEET_RPTS","BASE_REPORT_ID"
"WWV_FLOW_WORKSHEET_RPTS","APPLICATION_USER"
"WWV_FLOW_WORKSHEET_RPTS","NAME"
"WWV_FLOW_WORKSHEET_RPTS","DESCRIPTION"
"WWV_FLOW_WORKSHEET_RPTS","REPORT_SEQ"
"WWV_FLOW_WORKSHEET_RPTS","REPORT_TYPE"
"WWV_FLOW_WORKSHEET_RPTS","REPORT_ALIAS"
"WWV_FLOW_WORKSHEET_RPTS","STATUS"
"WWV_FLOW_WORKSHEET_RPTS","VIEW_MODE"
"WWV_FLOW_WORKSHEET_RPTS","CATEGORY_ID"
"WWV_FLOW_WORKSHEET_RPTS","AUTOSAVE"
"WWV_FLOW_WORKSHEET_RPTS","IS_DEFAULT"
"WWV_FLOW_WORKSHEET_RPTS","DISPLAY_ROWS"
"WWV_FLOW_WORKSHEET_RPTS","PAGINATION_MIN_ROW"
"WWV_FLOW_WORKSHEET_RPTS","REPORT_COLUMNS"
"WWV_FLOW_WORKSHEET_RPTS","SORT_COLUMN_1"
"WWV_FLOW_WORKSHEET_RPTS","SORT_DIRECTION_1"
"WWV_FLOW_WORKSHEET_RPTS","SORT_COLUMN_2"
"WWV_FLOW_WORKSHEET_RPTS","SORT_DIRECTION_2"
"WWV_FLOW_WORKSHEET_RPTS","SORT_COLUMN_3"
"WWV_FLOW_WORKSHEET_RPTS","SORT_DIRECTION_3"
"WWV_FLOW_WORKSHEET_RPTS","SORT_COLUMN_4"
"WWV_FLOW_WORKSHEET_RPTS","SORT_DIRECTION_4"
"WWV_FLOW_WORKSHEET_RPTS","SORT_COLUMN_5"
"WWV_FLOW_WORKSHEET_RPTS","SORT_DIRECTION_5"
"WWV_FLOW_WORKSHEET_RPTS","SORT_COLUMN_6"
"WWV_FLOW_WORKSHEET_RPTS","SORT_DIRECTION_6"
"WWV_FLOW_WORKSHEET_RPTS","BREAK_ON"
"WWV_FLOW_WORKSHEET_RPTS","BREAK_ENABLED_ON"
"WWV_FLOW_WORKSHEET_RPTS","CONTROL_BREAK_OPTIONS"
"WWV_FLOW_WORKSHEET_RPTS","SUM_COLUMNS_ON_BREAK"
"WWV_FLOW_WORKSHEET_RPTS","AVG_COLUMNS_ON_BREAK"
"WWV_FLOW_WORKSHEET_RPTS","MAX_COLUMNS_ON_BREAK"
"WWV_FLOW_WORKSHEET_RPTS","MIN_COLUMNS_ON_BREAK"
"WWV_FLOW_WORKSHEET_RPTS","MEDIAN_COLUMNS_ON_BREAK"
"WWV_FLOW_WORKSHEET_RPTS","MODE_COLUMNS_ON_BREAK"
"WWV_FLOW_WORKSHEET_RPTS","COUNT_COLUMNS_ON_BREAK"
"WWV_FLOW_WORKSHEET_RPTS","COUNT_DISTNT_COL_ON_BREAK"
"WWV_FLOW_WORKSHEET_RPTS","FLASHBACK_MINS_AGO"
"WWV_FLOW_WORKSHEET_RPTS","FLASHBACK_ENABLED"
"WWV_FLOW_WORKSHEET_RPTS","CHART_TYPE"
"WWV_FLOW_WORKSHEET_RPTS","CHART_3D"
"WWV_FLOW_WORKSHEET_RPTS","CHART_LABEL_COLUMN"
"WWV_FLOW_WORKSHEET_RPTS","CHART_LABEL_TITLE"
"WWV_FLOW_WORKSHEET_RPTS","CHART_VALUE_COLUMN"
"WWV_FLOW_WORKSHEET_RPTS","CHART_AGGREGATE"
"WWV_FLOW_WORKSHEET_RPTS","CHART_VALUE_TITLE"
"WWV_FLOW_WORKSHEET_RPTS","CHART_SORTING"
"WWV_FLOW_WORKSHEET_RPTS","CHART_ORIENTATION"
"WWV_FLOW_WORKSHEET_RPTS","CALENDAR_DATE_COLUMN"
"WWV_FLOW_WORKSHEET_RPTS","CALENDAR_DISPLAY_COLUMN"
"WWV_FLOW_WORKSHEET_RPTS","AI_SEARCH_MODE"
"WWV_FLOW_WORKSHEET_RPTS","CREATED_ON"
"WWV_FLOW_WORKSHEET_RPTS","CREATED_BY"
"WWV_FLOW_WORKSHEET_RPTS","UPDATED_ON"
"WWV_FLOW_WORKSHEET_RPTS","UPDATED_BY"
"WWV_FLOW_WORKSHEET_RPTS","SECURITY_GROUP_ID"

403 rows selected. 

