"ID","PAGE_ID","PLUG_NAME","PLUG_REQUIRED_ROLE","PLUG_DISPLAY_CONDITION_TYPE","PLUG_DISPLAY_WHEN_CONDITION","PLUG_DISPLAY_WHEN_COND2","FUNCTION_BODY_LANGUAGE"
202942509235275138,296,"GST OUTPUT Liability","","NEVER","","",""
473474319816640358,411,"Order vs Dispatch Report","","NEVER","","",""
729079355961894289,231,"GST Input Report","","ITEM_IS_NOT_NULL","P231_FROMDATE","",""
749010348743988364,233,"GST Output Report","","ITEM_IS_NOT_NULL","P233_FROMDATE","",""

"ID","NAME","ALIAS","REGION_ID","PLUG_NAME","PLUG_REQUIRED_ROLE","PLUG_DISPLAY_CONDITION_TYPE"
90,"Company Vehicle List","COMPANY-VEHICLE-LIST",585482435493463795,"Company Vehicle List","",""
103,"Employee List","EMPLOYEE-LIST1",587224639552375010,"Employee List","",""
111,"Quality List","QUALITY-LIST",588739501640962044,"Quality List","",""
113,"Quality Type List","QUALITY-TYPE-LIST",588806425170150851,"Quality Type List","",""
115,"Item Quality List","ITEM-QUALITY-LIST",588884606095317622,"Item Quality List","",""
121,"Currency Unit List","CURRENCY-UNIT-LIST",589363510932892364,"Currency Unit List","",""
139,"Payment Advice Register","PAYMENT-ADVICE-REGISTER",470972124676845228,"New","",""
201,"BOM List","BOM-LIST",443539642980668122,"BOM List","",""
214,"Agent Commision Rate List","AGENT-COMMISION-RATE-LIST",449994081294410699,"Agent Commision Rate List","",""
216,"Sale Incentive Rate Register","SALE-INCENTIVE-RATE-REGISTER",450489618753956748,"Sale Incentive Rate Register","",""
219,"Creditors Aging Detail Report","CREDITORS-AGING-DETAIL-REPORT1",811164723847924758,"Payable/Receivable Ageing Detail Report","",""
310,"location list","LOCATION-LIST",192124335951032243,"location list","",""
351,"GSTR9 Register","GSTR9-REGISTER",521245344516031622,"GSTR9 Register","",""
375,"Pending Dispatch Quantity Register","PENDING-DISPATCH-QUANTITY-REGISTER",57203661423730711,"Pending Dispatch Quantity Register","",""
523,"Creditors Aging Detail Report","CREDITORS-AGING-DETAIL-REPORT",691337154239456138,"Creditors Aging Detail Report","",""
613,"Qualification Type List","QUALIFICATION-TYPE-LIST1",454363655506916258,"Qualification Type List","",""
617,"Qualification List","QUALIFICATION-LIST",645485315536975711,"Qualification List","",""

17 rows selected. 

