"PAGE_ID","ID","PLUG_NAME","QUERY_TYPE","QUERY_TABLE","QUERY_WHERE","QUERY_ORDER_BY","PLUG_SOURCE"
90,585482435493463795,"Company Vehicle List","SQL","","","","select A.TNO,
       A.COMPANYVEHICLECODE,
       A.COMPANYVEHICLENAME,
       A.COMPANYVEHICLESHORTNAME,
       A.COMPANYVEHICLENO,
       A.VEHICLETYPECODE,
       b.VEHICLETYPENAME,
       A.PARTYCODE,
       A.TAREWEIGHT,
       A.CREATOR,
       to_char(A.CREATIONTIME,'DD-MM-YYYY HH24:MI:SS') CREATIONTIME,
       A.REMARK,
        A.VEHICLEOWNERCODE,
        d.partyname as Owner,
        A.TRANSPORTERCODE,
        c.partyname as Transporter,
        A.ENGINENO,
        A.CHASISNO,
        A.MANUFACTURINGYEAR,
        A.MODELNO,
        A.TANKSIZE,
        A.VEHICLEGROUPCODE
  from COMPANYVEHICLE A , VEHICLETYPE b , party c , party d
  where A.VEHICLETYPECODE = b.VEHICLETYPECODE(+)
  and A.TRANSPORTERCODE = c.partycode(+)
  and A.VEHICLEOWNERCODE = d.partycode(+)
  Order By A.TNO Desc"
103,587224639552375010,"Employee List","SQL","","","","select A.TNO,
       A.EMPLOYEECODE,
       A.EMPLOYEENAME,
       A.EMPLOYEESHORTNAME,
       A.DESIGNATIONCODE,
       C.DESIGNATIONNAME,
       A.DEPARTMENTCODE,
       B.DEPARTMENTNAME,
       A.EMPLOYEETYPECODE,
       A.CONTRACTORCODE,
       A.PAYMENTTERM,
       A.FATHERNAME,
       A.SEX,
       A.OTATTENDENCEHEADCODE,
       A.MARITALSTATUS,
       A.CATEGORYCODE,
       A.DATEOFBIRTH,
       A.DATEOFAPPOINTMENT,
       A.DATEOFJOINING,
       A.PUNCHCARDNO,
       A.PERMANENTAFTERDAY,
       A.PRESENTADDRESS,
       A.PRESENTCITYCODE,
       A.PRESENTSTATECODE,
       A.PRESENTPHONENO,
       A.PERMANENTADDRESS,
       A.PERMANENTCITYCODE,
       A.PERMANENTSTATECODE,
       A.PERMANENTPHONENO,
       A.OFFDAY,
       A.GROSSSALARY,
       A.PFDEDUCTIONON,
       A.PFACCOUNTNO,
       A.NOOFNOMINEE,
       A.ESICACCOUNTNO,
       A.NOOFDEPENDENCE,
       A.HOSPITALCODE,
       A.PAYMENTMODE,
       A.BANKACCOUNTNO,
       A.BANKCODE,
       A.SHIFTCODE,
       A.EMPLOYEENATURECODE,
       A.STAFFTYPECODE,
       A.REMARK,
       A.DATECREATED,
       A.DATEMODIFY,
       A.COMPANYCODE,
       A.EMPLOYEENATURE,
       A.EMPLOYMENTTYPECODE,
       A.MONEYTRANSFERMODECODE,
       A.NOOFDEPENDENTS,
       A.SALARYSCHEMECODE,
       A.STAFFTYPE,
       A.EMPLOYEEACCOUNTCODE,
       A.GENDER,
       A.LOANACCOUNTCODE,
       A.SALARYACCOUNTCODE,
       A.CREATOR,
       A.LOCATIONCODE,
       A.EMPLOYEEID,
       A.DATEOFRETIREMENT,
       A.DATEOFCONFIRMATION,
       A.PRODUCTIONCENTRECODE,
       A.REPORTTOEMPLOYEECODE,
       A.INCENTIVESCHEMECODE,
       A.VEHICLENO,
       --A.DESIGNATIONNAME,
       --A.DEPARTMENTNAME,
       to_char(A.CREATIONTIME,'DD-MM-YYYY HH24:MI:SS')CREATIONTIME,
       A.PRESENTPOLICESTATION,
       A.PERMANENTPOLICESTATION,
       A.BLOODGROUP,
       A.PANNO,
       A.DRIVINGLICENSENO,
       A.DRIVINGLICENSEEXPIRYDATE,
       A.OFFICEMOBILENO,
       A.OFFICEEMAILID,
       A.PLACEOFBIRTH,
       A.DATEOFRESIGNATION,
       A.SITECODE,
       A.SITENAME,
       A.BRANCHCODE,
       A.PERIODOFPREVIOUSSERVICEINMONTH,
       A.BONUSPERCENT,
       A.PRESENTPINCODE,
       A.ATTACHEDVEHICLENO,
       A.VEHICLEDESIGNATIONCODE,
       A.ESICESTABLISHMENTCODENO,
       A.INCENTIVESTARTDATE,
       A.UAN,
       A.ZONECODE,
       A.PERSONALEMAILID,
       A.PRESENTDISTRICTCODE,
       A.PERMANENTDISTRICTCODE,
       A.IFSCCODE,
       A.BANKBRANCHNAME,
       A.APPOINTMENTLETTERISSUEDATE,
       A.APPOINTMENTLETTERISSUENO,
       A.HUSBANDNAME,
       A.ADHARNO,
       A.OVERTIMESCHEMECODE,
       A.CATEGORY,
       A.MINORITY,
       A.OLDEMPLOYEECODE,
       A.EMPLOYEEIDTEMP
  from EMPLOYEE A , DEPARTMENT B , DESIGNATION C
  WHERE A.DEPARTMENTCODE = B.DEPARTMENTCODE(+)
  AND A.DESIGNATIONCODE = C.DESIGNATIONCODE(+)
  Order By A.TNO Desc"
111,588739501640962044,"Quality List","SQL","","","","select A.TNO,
       A.QUALITYCODE,
       A.QUALITYNAME,
       A.QUALITYSHORTNAME,
       A.QUALITYTYPECODE,
       A.ISNORMS,
       to_char(A.CREATIONTIME,'DD-MON-YYYY HH24:MI:SS') CREATIONTIME,
       A.CREATOR,
       A.REMARK
  from QUALITY A
  Order By A.TNO Desc"
113,588806425170150851,"Quality Type List","SQL","","","","select A.TNO,
       A.QUALITYTYPECODE,
       A.QUALITYTYPENAME,
       A.ISRESERVE,
       to_char(A.CREATIONTIME,'DD-MON-YYYY HH24:MI:SS') CREATIONTIME,
       A.CREATOR,
       A.REMARK
  from QUALITYTYPE A
  Order By A.TNO Desc"
115,588884606095317622,"Item Quality List","SQL","","","","select A.TNO,
       A.SNO,
       A.SERIALNO,
       A.QUALITYCODE,
       A.ITEMCODE,
       A.ITEMSPECIFICATIONCODE,
       A.MINIMUMVALUE,
       A.MAXIMUMVALUE,
       A.TOLERANCE,
       A.DEDUCTIONONFREIGHT,
       A.DEDUCTIONONBILL,
       A.DEDUCTIONVARIATIONTYPE,
       A.DEDUCTIONMETHODCODE,
       A.BONUSONBILL,
       A.MEASURINGUNITCODE,
       A.PARAMETERSPECIFICATION,
       A.CREATOR,
       to_char(A.CREATIONTIME,'DD-MON-YYYY HH24:MI:SS') CREATIONTIME,
       A.REMARK
  from ITEMQUALITY A
  Order By A.TNO Desc"
121,589363510932892364,"Currency Unit List","SQL","","","","select A.TNO,
       A.CURRENCYUNITCODE,
       A.CURRENCYUNITNAME,
       A.CURRENCYUNITDECIMALNAME,
       A.CURRENCYSYMBOL,
       A.REMARK,
       A.CURRENCYVALUE,
       A.DATECREATED,
       A.DATEMODIFY,
       to_char(A.CREATIONTIME,'DD-MON-YYYY HH24:MI:SS') CREATIONTIME,
       A.CREATOR
  from CURRENCYUNIT A
  Order by A.TNO Desc"
139,470972124676845228,"New","SQL","","","","SELECT DISTINCT X.*  FROM 
(
Select   NVL(getdocumentstatuscode(GetModuleCodeForPageNo(:APP_PAGE_ID),A.TNO),'STATUS') AS Status ,   
      a.tno,     
      a.paymentAdviceNo,
      a.PaymentAdviceDate,
      p.PartyName as Party,
      dt.DocTypeName,
      tp.TDSPayeeCategoryName,
      td.TDSNatureName,
      a.TDSLOWERRATE,
      a.TDSCERTIFICATENO as CertificateNo ,
      a.TDSOnOverAndAbove,
      'PURCHASEORDER' as Reference,
      po.PurchaseOrderNo as ReferenceNo,
      po.PurchaseOrderDate as ReferenceDate,
      b.Amount,
      a.amountdr,
      a.TDSPERCENT as TdsRate,
      a.TDSAmount as TdsAmount,
      a.ROUNDINGAMOUNT as RoundOff,
      v.MoneyTransferReferenceNo as ChecknoorDDno,
      Initcap(v.MoneyTransferModeCode) as Modeoftransaction,
      ac.PartyName as BankAccount,
      GetLocationName(nvl(po.LocationCode,a.locationcode)) as ReferenceLocation,
      v.VoucherNo,
      v.VoucherDate,
      a.Creator,
      l.LocationName,
      co.companyname,
      a.Narration,

      
      ds.DocumentStatusName
From  paymentAdvice a, PaymentAdviceReference b, Location l , DocType dt, Employee e, Party p, Party ac, 
      Voucher v, PurchaseOrder po,TDSPayeeCategory tp, TDSNature td, company co,
      DocumentStatusDetail dsd,DocumentStatus ds
Where a.LocationCode = l.LocationCode
  and a.DocTypeCode = dt.DocTypeCode
  and a.PartyCode = p.PartyCode
  and a.AccountCode = ac.PartyCode(+)
  and a.TNo = v.ModuleTNo(+)
  and a.TNo = b.TNo(+)
  and a.TDSPayeeCategoryCode = tp.TDSPayeeCategoryCode(+)
  and a.TDSNatureCode = td.TDSNatureCode(+)
  and a.Companycode = co.CompanyCode(+)
  and a.Tno = dsd.ModuleTno(+)
  and dsd.DOCUMENTSTATUSCODE = ds.DOCUMENTSTATUSCODE(+)
  and b.ReferenceModuleTNo = po.TNo(+)
  and b.ReferenceModuleCode = 'PURCHASEORDER'
  and ( :P139_COMPANY IS NULL OR instr(':'||:P139_COMPANY||':',':'||a.CompanyCode||':') > 0)
  and ( :P139_LOCATION IS NULL OR instr(':'||:P139_LOCATION||':',':'||a.LocationCode||':') > 0)
  and ( :P139_DOCTYPE IS NULL OR instr(':'||:P139_DOCTYPE||':',':'||a.DocTypeCode||':') > 0)
  and ( :P139_STATUSS IS NULL OR instr(':'||:P139_STATUSS||':',':'||ds.DocumentStatusCode||':') > 0)
  and a.PaymentAdviceDate between :P139_FROMDATE and :P139_TODATE
  and ( :P139_PARTY IS NULL OR instr(':'||:P139_PARTY||':',':'||a.PartyCode||':') > 0 ) 
  and ( :P139_BANK IS NULL OR instr(':'||:P139_BANK||':',':'||a.AccountCode||':') > 0 )
  and case When b.ReferenceModuleCode = 'PURCHASEORDER' Then 'PURCHASEORDER'
           When b.ReferenceModuleCode = 'JOBORDER' Then 'JOBORDER'
           When b.ReferenceModuleCode = 'JOBBILL' Then 'JOBBILL'
           When b.ReferenceModuleCode = 'PURCHASEBILL' Then 'PURCHASEBILL'
           When b.ReferenceModuleCode = 'ACCOUNTOPENING' Then 'ACCOUNTOPENING'
           When b.ReferenceModuleCode = 'EXTERNALSERVICESENTRY' Then 'EXTERNALSERVICESENTRY'
           When b.ReferenceModuleCode = 'LOADINGADVICE' Then 'LOADINGADVICE'
           When b.ReferenceModuleCode is null  Then 'OTHER'
      End like nvl(:P139_REFERENCECODE,'%')
union all
Select  NVL(getdocumentstatuscode(GetModuleCodeForPageNo(:APP_PAGE_ID),A.TNO),'STATUS') AS Status ,   
      a.tno,
      a.paymentAdviceNo,
      a.PaymentAdviceDate,
      p.PartyName as Party,
      dt.DocTypeName,
      tp.TDSPayeeCategoryName,
      td.TDSNatureName,
      a.TDSLOWERRATE,
      a.TDSCERTIFICATENO as CertificateNo ,
      a.TDSOnOverAndAbove,
      'GRN' as Reference,
      po.grnNo as ReferenceNo,
      po.grnDate as ReferenceDate,
      b.Amount,
      a.amountdr,
      a.TaxRate as TdsRate,
      a.TaxAmount as TdsAmount,
      a.ROUNDINGAMOUNT as RoundOff,
      v.MoneyTransferReferenceNo as ChecknoorDDno,
      Initcap(v.MoneyTransferModeCode) as Modeoftransaction,
      ac.PartyName as BankAccount,
      GetLocationName(nvl(po.LocationCode,a.locationcode)) as ReferenceLocation,
      v.VoucherNo,
      v.VoucherDate,
      a.Creator,
      l.LocationName,
      co.companyname,
      a.Narration,
      ds.DocumentStatusName
From  paymentAdvice a, PaymentAdviceReference b, Location l , DocType dt, Employee e, Party p, Party ac, 
      Voucher v, grn po,TDSPayeeCategory tp, TDSNature td, company co,
      DocumentStatusDetail dsd,DocumentStatus ds
Where a.LocationCode = l.LocationCode
  and a.DocTypeCode = dt.DocTypeCode
  and a.PartyCode = p.PartyCode
  and a.AccountCode = ac.PartyCode(+)
  and a.TNo = v.ModuleTNo(+)
  and a.TNo = b.TNo(+)
  and a.TDSPayeeCategoryCode = tp.TDSPayeeCategoryCode(+)
  and a.TDSNatureCode = td.TDSNatureCode(+)
  and a.Companycode = co.CompanyCode(+)
  and a.Tno = dsd.ModuleTno(+)
  and dsd.DOCUMENTSTATUSCODE = ds.DOCUMENTSTATUSCODE(+)
  and b.ReferenceModuleTNo = po.TNo(+)
  and b.ReferenceModuleCode = 'GRN'
   and ( :P139_COMPANY IS NULL OR instr(':'||:P139_COMPANY||':',':'||a.CompanyCode||':') > 0)
  and ( :P139_LOCATION IS NULL OR instr(':'||:P139_LOCATION||':',':'||a.LocationCode||':') > 0)
  and ( :P139_DOCTYPE IS NULL OR instr(':'||:P139_DOCTYPE||':',':'||a.DocTypeCode||':') > 0)
  and a.PaymentAdviceDate between :P139_FROMDATE and :P139_TODATE
  and ( :P139_PARTY IS NULL OR instr(':'||:P139_PARTY||':',':'||a.PartyCode||':') > 0 ) 
  and ( :P139_BANK IS NULL OR instr(':'||:P139_BANK||':',':'||a.AccountCode||':') > 0 )
  and case When b.ReferenceModuleCode = 'PURCHASEORDER' Then 'PURCHASEORDER'
           When b.ReferenceModuleCode = 'GRN' Then 'GRN'
           When b.ReferenceModuleCode = 'JOBORDER' Then 'JOBORDER'
           When b.ReferenceModuleCode = 'JOBBILL' Then 'JOBBILL'
           When b.ReferenceModuleCode = 'PURCHASEBILL' Then 'PURCHASEBILL'
           When b.ReferenceModuleCode = 'ACCOUNTOPENING' Then 'ACCOUNTOPENING'
           When b.ReferenceModuleCode = 'EXTERNALSERVICESENTRY' Then 'EXTERNALSERVICESENTRY'
           When b.ReferenceModuleCode = 'LOADINGADVICE' Then 'LOADINGADVICE'
           When b.ReferenceModuleCode is null  Then 'OTHER'
      End like nvl(:P139_REFERENCECODE,'%')
           
Union All
Select  NVL(getdocumentstatuscode(GetModuleCodeForPageNo(:APP_PAGE_ID),A.TNO),'STATUS') AS Status ,   
      a.tno,
      a.paymentAdviceNo,
      a.PaymentAdviceDate,
      p.PartyName as Party,
      dt.DocTypeName,
      tp.TDSPayeeCategoryName,
      td.TDSNatureName,
      a.TDSLOWERRATE,
      a.TDSCERTIFICATENO as CertificateNo ,
      a.TDSOnOverAndAbove,
      'JOBORDER' as Reference,
      jo.JobOrderNo as ReferenceNo,
      jo.JobOrderDate as ReferenceDate,
      b.Amount,
      a.amountdr,
      a.TaxRate as TdsRate,
      a.TaxAmount as TdsAmount,
      a.ROUNDINGAMOUNT as RoundOff,
      v.MoneyTransferReferenceNo as ChecknoorDDno,
      Initcap(v.MoneyTransferModeCode) as Modeoftransaction,
      ac.PartyName as BankAccount,
      GetLocationName(nvl(jo.LocationCode,a.locationcode)) as ReferenceLocation,
      v.VoucherNo,
      v.VoucherDate,
      a.Creator,
      l.LocationName,
      co.companyname,
      a.Narration,
      ds.DocumentStatusName
From  paymentAdvice a, PaymentAdviceReference b, Location l , DocType dt, Employee e, Party p, Party ac, 
      Voucher v, JobOrder jo , TDSPayeeCategory tp, TDSNature td, company co,
    DocumentStatusDetail dsd, DocumentStatus ds
Where a.LocationCode = l.LocationCode
  and a.DocTypeCode = dt.DocTypeCode
  and a.PartyCode = p.PartyCode
  and a.AccountCode = ac.PartyCode(+)
  and a.TNo = v.ModuleTNo(+)
  and a.TNo = b.TNo(+)
  and a.TDSPayeeCategoryCode = tp.TDSPayeeCategoryCode(+)
  and a.TDSNatureCode = td.TDSNatureCode(+)
  and a.Companycode = co.CompanyCode(+)
  and a.Tno = dsd.ModuleTno(+)
  and dsd.DOCUMENTSTATUSCODE = ds.DOCUMENTSTATUSCODE(+)
  and b.ReferenceModuleTNo = jo.TNo(+)
  and b.ReferenceModuleCode = 'JOBORDER'
   and ( :P139_COMPANY IS NULL OR instr(':'||:P139_COMPANY||':',':'||a.CompanyCode||':') > 0)
  and ( :P139_LOCATION IS NULL OR instr(':'||:P139_LOCATION||':',':'||a.LocationCode||':') > 0)
  and ( :P139_DOCTYPE IS NULL OR instr(':'||:P139_DOCTYPE||':',':'||a.DocTypeCode||':') > 0)
  and ( :P139_STATUSS IS NULL OR instr(':'||:P139_STATUSS||':',':'||ds.DocumentStatusCode||':') > 0)
  and a.PaymentAdviceDate between :P139_FROMDATE and :P139_TODATE
  and ( :P139_PARTY IS NULL OR instr(':'||:P139_PARTY||':',':'||a.PartyCode||':') > 0 ) 
  and ( :P139_BANK IS NULL OR instr(':'||:P139_BANK||':',':'||a.AccountCode||':') > 0 )
  and case When b.ReferenceModuleCode = 'PURCHASEORDER' Then 'PURCHASEORDER'
           When b.ReferenceModuleCode = 'JOBORDER' Then 'JOBORDER'
           When b.ReferenceModuleCode = 'JOBBILL' Then 'JOBBILL'
           When b.ReferenceModuleCode = 'PURCHASEBILL' Then 'PURCHASEBILL'
           When b.ReferenceModuleCode = 'ACCOUNTOPENING' Then 'ACCOUNTOPENING'
           When b.ReferenceModuleCode = 'EXTERNALSERVICESENTRY' Then 'EXTERNALSERVICESENTRY'
           When b.ReferenceModuleCode = 'LOADINGADVICE' Then 'LOADINGADVICE'
           When b.ReferenceModuleCode is null  Then 'OTHER'
      End like nvl(:P139_REFERENCECODE,'%')
Union All
Select  NVL(getdocumentstatuscode(GetModuleCodeForPageNo(:APP_PAGE_ID),A.TNO),'STATUS') AS Status ,   
      a.tno,
      a.paymentAdviceNo,
      a.PaymentAdviceDate,
      p.PartyName as Party,
      dt.DocTypeName,
      tp.TDSPayeeCategoryName,
      td.TDSNatureName,
      a.TDSLOWERRATE,
      a.TDSCERTIFICATENO as CertificateNo ,
      a.TDSOnOverAndAbove,
      'JOBBILL' as Reference,
      Jb.JOBBILLNo as ReferenceNo,
      Jb.JOBBILLDate as ReferenceDate,
      b.Amount,
      a.amountdr,
      a.TaxRate as TdsRate,
      a.TaxAmount as TdsAmount,
      a.ROUNDINGAMOUNT as RoundOff,
      v.MoneyTransferReferenceNo as ChecknoorDDno,
      Initcap(v.MoneyTransferModeCode) as Modeoftransaction,
      ac.PartyName as BankAccount,
      GetLocationName(nvl(jb.LocationCode,a.locationcode)) as ReferenceLocation,
      v.VoucherNo,
      v.VoucherDate,
      a.Creator,
      l.LocationName,
      co.companyname,
      a.Narration,
      ds.DocumentStatusName
From  paymentAdvice a, PaymentAdviceReference b, Location l , DocType dt, Employee e, Party p, Party ac, 
      Voucher v, JobBill  jb, TDSPayeeCategory tp, TDSNature td, company co,
      DocumentStatusDetail dsd, DocumentStatus ds
Where a.LocationCode = l.LocationCode
  and a.DocTypeCode = dt.DocTypeCode
  and a.PartyCode = p.PartyCode
  and a.AccountCode = ac.PartyCode(+)
  and a.TNo = v.ModuleTNo(+)
  and a.TNo = b.TNo(+)
  and a.TDSPayeeCategoryCode = tp.TDSPayeeCategoryCode(+)
  and a.TDSNatureCode = td.TDSNatureCode(+)
  and a.Companycode = co.CompanyCode(+)
  and a.Tno = dsd.ModuleTno(+)
  and dsd.DOCUMENTSTATUSCODE = ds.DOCUMENTSTATUSCODE(+)
  and b.ReferenceModuleTNo = jb.TNo(+)
  and b.ReferenceModuleCode = 'JOBBILL'
   and ( :P139_COMPANY IS NULL OR instr(':'||:P139_COMPANY||':',':'||a.CompanyCode||':') > 0)
  and ( :P139_LOCATION IS NULL OR instr(':'||:P139_LOCATION||':',':'||a.LocationCode||':') > 0)
  and ( :P139_DOCTYPE IS NULL OR instr(':'||:P139_DOCTYPE||':',':'||a.DocTypeCode||':') > 0)
  and ( :P139_STATUSS IS NULL OR instr(':'||:P139_STATUSS||':',':'||ds.DocumentStatusCode||':') > 0)
  and a.PaymentAdviceDate between :P139_FROMDATE and :P139_TODATE
  and ( :P139_PARTY IS NULL OR instr(':'||:P139_PARTY||':',':'||a.PartyCode||':') > 0 ) 
  and ( :P139_BANK IS NULL OR instr(':'||:P139_BANK||':',':'||a.AccountCode||':') > 0 )
  and case When b.ReferenceModuleCode = 'PURCHASEORDER' Then 'PURCHASEORDER'
           When b.ReferenceModuleCode = 'JOBORDER' Then 'JOBORDER'
           When b.ReferenceModuleCode = 'JOBBILL' Then 'JOBBILL'
           When b.ReferenceModuleCode = 'PURCHASEBILL' Then 'PURCHASEBILL'
           When b.ReferenceModuleCode = 'ACCOUNTOPENING' Then 'ACCOUNTOPENING'
           When b.ReferenceModuleCode = 'EXTERNALSERVICESENTRY' Then 'EXTERNALSERVICESENTRY'
           When b.ReferenceModuleCode = 'LOADINGADVICE' Then 'LOADINGADVICE'
           When b.ReferenceModuleCode is null  Then 'OTHER'
      End like nvl(:P139_REFERENCECODE,'%')
Union All
Select  NVL(getdocumentstatuscode(GetModuleCodeForPageNo(:APP_PAGE_ID),A.TNO),'STATUS') AS Status ,   
      a.tno,
      a.paymentAdviceNo,
      a.PaymentAdviceDate,
      p.PartyName as Party,
      dt.DocTypeName,
      tp.TDSPayeeCategoryName,
      td.TDSNatureName,
      a.TDSLOWERRATE,
      a.TDSCERTIFICATENO as CertificateNo ,
      a.TDSOnOverAndAbove,
      'PURCHASEBILL' as Reference,
      pb.PURCHASEBILLNo as ReferenceNo,
      pb.PURCHASEBILLDate as ReferenceDate,
      b.Amount,
      a.amountdr,
      a.TaxRate as TdsRate,
      a.TaxAmount as TdsAmount,
      a.ROUNDINGAMOUNT as RoundOff,
      v.MoneyTransferReferenceNo as ChecknoorDDno,
      Initcap(v.MoneyTransferModeCode) as Modeoftransaction,
      ac.PartyName as BankAccount,
      GetLocationName(nvl(pb.LocationCode,a.locationcode)) as ReferenceLocation,
      v.VoucherNo,
      v.VoucherDate,
      a.Creator,
      l.LocationName,
      co.companyname,
      a.Narration,
      ds.DocumentStatusName
From  paymentAdvice a, PaymentAdviceReference b, Location l , DocType dt, Employee e, Party p, Party ac,
      Voucher v, PurchaseBill  pb, TDSPayeeCategory tp, TDSNature td, company co,
      DocumentStatusDetail dsd, DocumentStatus ds
Where a.LocationCode = l.LocationCode
  and a.DocTypeCode = dt.DocTypeCode
  and a.PartyCode = p.PartyCode
  and a.AccountCode = ac.PartyCode(+)
  and a.TNo = v.ModuleTNo(+)
  and a.TNo = b.TNo(+)
  and a.TDSPayeeCategoryCode = tp.TDSPayeeCategoryCode(+)
  and a.TDSNatureCode = td.TDSNatureCode(+)
  and a.Companycode = co.CompanyCode(+)
  and a.Tno = dsd.ModuleTno (+)
  and dsd.DOCUMENTSTATUSCODE = ds.DOCUMENTSTATUSCODE(+)
  and b.ReferenceModuleTNo = pb.TNo(+)
  and b.ReferenceModuleCode = 'PURCHASEBILL'
   and ( :P139_COMPANY IS NULL OR instr(':'||:P139_COMPANY||':',':'||a.CompanyCode||':') > 0)
  and ( :P139_LOCATION IS NULL OR instr(':'||:P139_LOCATION||':',':'||a.LocationCode||':') > 0)
  and ( :P139_DOCTYPE IS NULL OR instr(':'||:P139_DOCTYPE||':',':'||a.DocTypeCode||':') > 0)
  and ( :P139_STATUSS IS NULL OR instr(':'||:P139_STATUSS||':',':'||ds.DocumentStatusCode||':') > 0)
  and a.PaymentAdviceDate between :P139_FROMDATE and :P139_TODATE
  and ( :P139_PARTY IS NULL OR instr(':'||:P139_PARTY||':',':'||a.PartyCode||':') > 0 ) 
  and ( :P139_BANK IS NULL OR instr(':'||:P139_BANK||':',':'||a.AccountCode||':') > 0 )
  and case When b.ReferenceModuleCode = 'PURCHASEORDER' Then 'PURCHASEORDER'
           When b.ReferenceModuleCode = 'JOBORDER' Then 'JOBORDER'
           When b.ReferenceModuleCode = 'JOBBILL' Then 'JOBBILL'
           When b.ReferenceModuleCode = 'PURCHASEBILL' Then 'PURCHASEBILL'
           When b.ReferenceModuleCode = 'ACCOUNTOPENING' Then 'ACCOUNTOPENING'
           When b.ReferenceModuleCode = 'EXTERNALSERVICESENTRY' Then 'EXTERNALSERVICESENTRY'
           When b.ReferenceModuleCode = 'LOADINGADVICE' Then 'LOADINGADVICE'
           When b.ReferenceModuleCode is null  Then 'OTHER'
      End like nvl(:P139_REFERENCECODE,'%')
Union all
Select  NVL(getdocumentstatuscode(GetModuleCodeForPageNo(:APP_PAGE_ID),A.TNO),'STATUS') AS Status ,   
      a.tno,
      a.paymentAdviceNo,
      a.PaymentAdviceDate,
      p.PartyName as Party,
      dt.DocTypeName,
      tp.TDSPayeeCategoryName,
      td.TDSNatureName,
      a.TDSLOWERRATE,
      a.TDSCERTIFICATENO as CertificateNo ,
      a.TDSOnOverAndAbove,
      'ACCOUNTOPENING' as Reference,
      ao.ACCOUNTOPENINGNo as ReferenceNo,
      ao.ACCOUNTOPENINGDate as ReferenceDate,
      b.Amount,
      a.amountdr,
      a.TaxRate as TdsRate,
      a.TaxAmount as TdsAmount,
      a.ROUNDINGAMOUNT as RoundOff,
      v.MoneyTransferReferenceNo as ChecknoorDDno,
      Initcap(v.MoneyTransferModeCode) as Modeoftransaction,
      ac.PartyName as BankAccount,
      GetLocationName(nvl(Ao.LocationCode,a.locationcode)) as ReferenceLocation,
      v.VoucherNo,
      v.VoucherDate,
      a.Creator,
      l.LocationName,
      co.companyname,
      a.Narration,
      ds.DocumentStatusName
From  paymentAdvice a, PaymentAdviceReference b, Location l , DocType dt, Employee e, Party p, Party ac, 
Voucher v, AccountOpening  ao , TDSPayeeCategory tp, TDSNature td, company co, DocumentStatusDetail dsd, DocumentStatus ds
Where a.LocationCode = l.LocationCode
  and a.DocTypeCode = dt.DocTypeCode
  and a.PartyCode = p.PartyCode
  and a.AccountCode = ac.PartyCode(+)
  and a.TNo = v.ModuleTNo(+)
  and a.TNo = b.TNo(+)
  and a.TDSPayeeCategoryCode = tp.TDSPayeeCategoryCode(+)
  and a.TDSNatureCode = td.TDSNatureCode(+)
  and a.Companycode = co.CompanyCode(+)
  and a.Tno = dsd.ModuleTno(+)
  and dsd.DOCUMENTSTATUSCODE = ds.DOCUMENTSTATUSCODE(+)
  and b.ReferenceModuleTNo = ao.TNo(+)
  and b.ReferenceModuleCode = 'ACCOUNTOPENING'
   and ( :P139_COMPANY IS NULL OR instr(':'||:P139_COMPANY||':',':'||a.CompanyCode||':') > 0)
  and ( :P139_LOCATION IS NULL OR instr(':'||:P139_LOCATION||':',':'||a.LocationCode||':') > 0)
  and ( :P139_DOCTYPE IS NULL OR instr(':'||:P139_DOCTYPE||':',':'||a.DocTypeCode||':') > 0)
  and ( :P139_STATUSS IS NULL OR instr(':'||:P139_STATUSS||':',':'||ds.DocumentStatusCode||':') > 0)
  and a.PaymentAdviceDate between :P139_FROMDATE and :P139_TODATE
  and ( :P139_PARTY IS NULL OR instr(':'||:P139_PARTY||':',':'||a.PartyCode||':') > 0 ) 
  and ( :P139_BANK IS NULL OR instr(':'||:P139_BANK||':',':'||a.AccountCode||':') > 0 )
  and case When b.ReferenceModuleCode = 'PURCHASEORDER' Then 'PURCHASEORDER'
           When b.ReferenceModuleCode = 'JOBORDER' Then 'JOBORDER'
           When b.ReferenceModuleCode = 'JOBBILL' Then 'JOBBILL'
           When b.ReferenceModuleCode = 'PURCHASEBILL' Then 'PURCHASEBILL'
           When b.ReferenceModuleCode = 'ACCOUNTOPENING' Then 'ACCOUNTOPENING'
           When b.ReferenceModuleCode = 'EXTERNALSERVICESENTRY' Then 'EXTERNALSERVICESENTRY'
           When b.ReferenceModuleCode = 'LOADINGADVICE' Then 'LOADINGADVICE'
           When b.ReferenceModuleCode is null  Then 'OTHER'
      End like nvl(:P139_REFERENCECODE,'%')
Union all
Select  NVL(getdocumentstatuscode(GetModuleCodeForPageNo(:APP_PAGE_ID),A.TNO),'STATUS') AS Status ,   
      a.tno,
      a.paymentAdviceNo,
      a.PaymentAdviceDate,
      p.PartyName as Party,
      dt.DocTypeName,
      tp.TDSPayeeCategoryName,
      td.TDSNatureName,
      a.TDSLOWERRATE,
      a.TDSCERTIFICATENO as CertificateNo ,
      a.TDSOnOverAndAbove,
      'ON ACCOUNT' as Reference,
       null  as ReferenceNo,
       null as ReferenceDate,
      b.Amount,
      a.amountdr,
      a.TaxRate as TdsRate,
      a.TaxAmount as TdsAmount,
      a.ROUNDINGAMOUNT as RoundOff,
      v.MoneyTransferReferenceNo as ChecknoorDDno,
      Initcap(v.MoneyTransferModeCode) as Modeoftransaction,
      ac.PartyName as BankAccount,
      GetLocationName(a.locationcode) as ReferenceLocation,
      v.VoucherNo,
      v.VoucherDate,
      a.Creator,
      l.LocationName,
      co.companyname,
      a.Narration,
      ds.DocumentStatusName 
From  paymentAdvice a, PaymentAdviceReference b, Location l , DocType dt, Employee e, Party p, Party ac, Voucher v
      , TDSPayeeCategory tp, TDSNature td, company co,
     DocumentStatusDetail dsd, DocumentStatus ds
Where a.LocationCode = l.LocationCode
  and a.DocTypeCode = dt.DocTypeCode
  and a.PartyCode = p.PartyCode
  and a.AccountCode = ac.PartyCode(+)
  and a.TNo = v.ModuleTNo(+)
  and a.TNo = b.TNo(+)
  and a.TDSPayeeCategoryCode = tp.TDSPayeeCategoryCode(+)
  and a.TDSNatureCode = td.TDSNatureCode(+)
  and a.Companycode = co.CompanyCode(+)
  and a.Tno = dsd.ModuleTno(+)
  and dsd.DOCUMENTSTATUSCODE = ds.DOCUMENTSTATUSCODE(+)
  and b.ReferenceModuleTNo is null
   and ( :P139_COMPANY IS NULL OR instr(':'||:P139_COMPANY||':',':'||a.CompanyCode||':') > 0)
  and ( :P139_LOCATION IS NULL OR instr(':'||:P139_LOCATION||':',':'||a.LocationCode||':') > 0)
  and ( :P139_DOCTYPE IS NULL OR instr(':'||:P139_DOCTYPE||':',':'||a.DocTypeCode||':') > 0)
  and ( :P139_STATUSS IS NULL OR instr(':'||:P139_STATUSS||':',':'||ds.DocumentStatusCode||':') > 0)
  and a.PaymentAdviceDate between :P139_FROMDATE and :P139_TODATE
  and ( :P139_PARTY IS NULL OR instr(':'||:P139_PARTY||':',':'||a.PartyCode||':') > 0 ) 
  and ( :P139_BANK IS NULL OR instr(':'||:P139_BANK||':',':'||a.AccountCode||':') > 0 )
  and case When b.ReferenceModuleCode = 'PURCHASEORDER' Then 'PURCHASEORDER'
           When b.ReferenceModuleCode = 'JOBORDER' Then 'JOBORDER'
           When b.ReferenceModuleCode = 'JOBBILL' Then 'JOBBILL'
           When b.ReferenceModuleCode = 'PURCHASEBILL' Then 'PURCHASEBILL'
           When b.ReferenceModuleCode = 'ACCOUNTOPENING' Then 'ACCOUNTOPENING'
           When b.ReferenceModuleCode = 'EXTERNALSERVICESENTRY' Then 'EXTERNALSERVICESENTRY'
           When b.ReferenceModuleCode = 'LOADINGADVICE' Then 'LOADINGADVICE'
           When b.ReferenceModuleCode is null  Then 'OTHER'
      End like nvl(:P139_REFERENCECODE,'%')
Union all
Select  NVL(getdocumentstatuscode(GetModuleCodeForPageNo(:APP_PAGE_ID),A.TNO),'STATUS') AS Status ,   
      a.tno,
      a.paymentAdviceNo,
      a.PaymentAdviceDate,
      p.PartyName as Party,
      dt.DocTypeName,
      tp.TDSPayeeCategoryName,
      td.TDSNatureName,
      a.TDSLOWERRATE,
      a.TDSCERTIFICATENO as CertificateNo ,
      a.TDSOnOverAndAbove,
      'LOADINGADVICE' as Reference,
       LD.LoadingAdviceNo as ReferenceNo,
       ld.LoadingAdviceDate as ReferenceDate,
      b.Amount,
      a.amountdr,
      a.TaxRate as TdsRate,
      a.TaxAmount as TdsAmount,
      a.ROUNDINGAMOUNT as RoundOff,
      v.MoneyTransferReferenceNo as ChecknoorDDno,
      Initcap(v.MoneyTransferModeCode) as Modeoftransaction,
      ac.PartyName as BankAccount,
      GetLocationName(nvl(ld.LocationCode,a.locationcode)) as ReferenceLocation,
      v.VoucherNo,
      v.VoucherDate,
      a.Creator,
      l.LocationName,
      co.companyname,
      a.Narration,
      ds.DocumentStatusName
From  paymentAdvice a, PaymentAdviceReference b, Location l , DocType dt, Employee e, Party p,
 Party ac, Voucher v, LOADINGADVICE  ld, TDSPayeeCategory tp, TDSNature td, company co,
     DocumentStatusDetail dsd, DocumentStatus ds
Where a.LocationCode = l.LocationCode
  and a.DocTypeCode = dt.DocTypeCode
  and a.PartyCode = p.PartyCode
  and a.AccountCode = ac.PartyCode(+)
  and a.TNo = v.ModuleTNo(+)
  and a.TNo = b.TNo(+)
  and a.TDSPayeeCategoryCode = tp.TDSPayeeCategoryCode(+)
  and a.TDSNatureCode = td.TDSNatureCode(+)
  and a.Companycode = co.CompanyCode(+)
  and a.Tno = dsd.ModuleTno(+)
  and dsd.DOCUMENTSTATUSCODE = ds.DOCUMENTSTATUSCODE(+)
  and b.ReferenceModuleTNo = ld.TNo(+)
  and b.ReferenceModuleCode = 'LOADINGADVICE'
   and ( :P139_COMPANY IS NULL OR instr(':'||:P139_COMPANY||':',':'||a.CompanyCode||':') > 0)
  and ( :P139_LOCATION IS NULL OR instr(':'||:P139_LOCATION||':',':'||a.LocationCode||':') > 0)
  and ( :P139_DOCTYPE IS NULL OR instr(':'||:P139_DOCTYPE||':',':'||a.DocTypeCode||':') > 0)
  and ( :P139_STATUSS IS NULL OR instr(':'||:P139_STATUSS||':',':'||ds.DocumentStatusCode||':') > 0)
  and a.PaymentAdviceDate between :P139_FROMDATE and :P139_TODATE
  and ( :P139_PARTY IS NULL OR instr(':'||:P139_PARTY||':',':'||a.PartyCode||':') > 0 ) 
  and ( :P139_BANK IS NULL OR instr(':'||:P139_BANK||':',':'||a.AccountCode||':') > 0 )
 and case When b.ReferenceModuleCode = 'PURCHASEORDER' Then 'PURCHASEORDER'
           When b.ReferenceModuleCode = 'JOBORDER' Then 'JOBORDER'
           When b.ReferenceModuleCode = 'JOBBILL' Then 'JOBBILL'
           When b.ReferenceModuleCode = 'PURCHASEBILL' Then 'PURCHASEBILL'
           When b.ReferenceModuleCode = 'ACCOUNTOPENING' Then 'ACCOUNTOPENING'
           When b.ReferenceModuleCode = 'EXTERNALSERVICESENTRY' Then 'EXTERNALSERVICESENTRY'
           When b.ReferenceModuleCode = 'LOADINGADVICE' Then 'LOADINGADVICE'
           When b.ReferenceModuleCode is null  Then 'OTHER'
      End like nvl(:P139_REFERENCECODE,'%') 
) X
;


"
201,443539642980668122,"BOM List","SQL","","","","select A.TNO,
        Case
         When ROW_NUMBER()
          Over(Partition By A.TNO Order By A.TNO) = 1 Then
          GetCompanyName(A.COMPANYCODE)
         Else
          Null
       End companyname,
        Case
         When ROW_NUMBER()
          Over(Partition By A.TNO Order By A.TNO) = 1 Then
          GetLocationName(A.LOCATIONCODE)
         Else
          Null
       End locationname,
        Case
         When ROW_NUMBER()
          Over(Partition By A.TNO Order By A.TNO) = 1 Then
          A.BOMCODE
         Else
          Null
       End BOMCODE,
        Case
         When ROW_NUMBER()
          Over(Partition By A.TNO Order By A.TNO) = 1 Then
          A.BOMNAME
         Else
          Null
       End BOMNAME,
        Case
         When ROW_NUMBER()
          Over(Partition By A.TNO Order By A.TNO) = 1 Then
          C.BOMTYPENAME
         Else
          Null
       End BOMTYPENAME,
       Case
         When ROW_NUMBER()
          Over(Partition By A.TNO Order By A.TNO) = 1 Then
          A.BOMTYPECODE
         Else
          Null
       End BOMTYPECODE,

       Case
         When ROW_NUMBER()
          Over(Partition By A.TNO Order By A.TNO) = 1 Then
          GetItemName(A.ITEMCODE)
         Else
          Null
       End itemname,
       Case
         When ROW_NUMBER()
          Over(Partition By A.TNO Order By A.TNO) = 1 Then
          GetItemSpecificationName(A.itemcode , A.ITEMSPECIFICATIONCODE)
         Else
          Null
       End specificationname,
      Case
         When ROW_NUMBER()
          Over(Partition By A.TNO Order By A.TNO) = 1 Then
          A.EFFECTIVEDATE
         Else
          Null
       End EFFECTIVEDATE,
      Case
         When ROW_NUMBER()
          Over(Partition By A.TNO Order By A.TNO) = 1 Then
          A.REMARK
         Else
          Null
       End REMARK,
     Case
         When ROW_NUMBER()
          Over(Partition By A.TNO Order By A.TNO) = 1 Then
          A.CREATOR
         Else
          Null
       End CREATOR,
       Case
         When ROW_NUMBER()
          Over(Partition By A.TNO Order By A.TNO) = 1 Then
          A.CREATIONTIME
         Else
          Null
       End CREATIONTIME,
    --   A.BOMTYPECODE,
    --   C.BOMTYPENAME,
 
     --  GetItemName(A.ITEMCODE) itemname,
     --  GetItemSpecificationName(A.itemcode , A.ITEMSPECIFICATIONCODE) specificationname,
      
     --  A.EFFECTIVEDATE,
      -- A.REMARK,
      -- A.CREATOR,
     --  A.CREATIONTIME,
       GETITEMNAME(B.ITEMCODE) AS DETAILITEM,
       GETITEMSPECIFICATIONNAME(B.ITEMCODE,B.ITEMSPECIFICATIONCODE) AS DETAILITEMSPECIFICATION,
       B.VALUEPERCENT,
       B.QUANTITY1,
       B.QUANTITY2
  from BOM A, BOMDETAIL B, BOMTYPE C 
  WHERE A.TNO = B.TNO
  AND A.BOMTYPECODE = C.BOMTYPECODE(+)
  and ((:P201_FROMDATE is null and :P201_TODATE is null ) or (a.effectiveDate between :P201_FROMDATE and :P201_TODATE))
  and (:P201_BOMTYPE is null or (instr(':'||:P201_BOMTYPE||':',':'||a.BOMTypeCode||':') > 0))
  and (:P201_LOCATION is null or (instr(':'||:P201_LOCATION||':',':'||a.LocationCode||':') > 0))
  and (:P201_COMPANY is null or (instr(':'||:P201_COMPANY||':',':'||a.CompanyCode||':') > 0))
   and ( :P201_ITEM IS NULL OR instr(':'||:P201_ITEM||':',':'||a.ItemCode||':') > 0 ) 
  and ( :P201_ITEMSPECIFICATION IS NULL OR instr(':'||:P201_ITEMSPECIFICATION||':',':'||a.ItemSpecificationCode||':') > 0 ) 

"
214,449994081294410699,"Agent Commision Rate List","TABLE","AGENTCOMMISSIONRATE","","",""
216,450489618753956748,"Sale Incentive Rate Register","TABLE","SALEINCENTIVERATE","","",""
219,811164723847924758,"Payable/Receivable Ageing Detail Report","SQL","","","","With t_Allocated as (
	select 
		aa.DrVoucherTNo as VoucherTNo,
		aa.DrVoucherSNo as VoucherSNo,
		-1 * sum(aa.Amount) as AllocatedAmount 
	from DrCrAllocation aa, Voucher bb, Voucher cc 
	where aa.DrVoucherTNo = bb.TNo
		and aa.CrVoucherTNo = cc.TNo
        and bb.VoucherDate <= :P219_ASONDATE
        and cc.VoucherDate <= :P219_ASONDATE
	group by 
		aa.DrVoucherTNo,
		aa.DrVoucherSNo
	union all
	select 
		aa.CrVoucherTNo as VoucherTNo,
		aa.CrVoucherSNo as VoucherSNo,
		sum(aa.Amount) as AllocatedAmount
	from DrCrAllocation aa, Voucher bb, Voucher cc 
	where aa.DrVoucherTNo = bb.TNo
		and aa.CrVoucherTNo = cc.TNo
        and bb.VoucherDate <= :P219_ASONDATE
        and cc.VoucherDate <= :P219_ASONDATE
	group by 
		aa.CrVoucherTNo,
		aa.CrVoucherSNo
), t_Bill as (
	select 
		aa.TNo,
		bb.PartyBillNo,
		bb.PartyBillDate
	from PBPass aa, PurchaseBill bb 
	where aa.PurchaseBillTNo = bb.TNo
	union all
	select 
		aa.TNo,
		bb.PartyBillNo,
		bb.PartyBillDate
	from JBPass aa, JobBill bb 
	where aa.JobBillTNo = bb.TNo
	union all
	select 
		aa.TNo,
		aa.PartyBillNo,
		aa.PartyBillDate
	from FreightAdvice aa

  union all
	select 
		aa.TNo,
		aa.CCInvoiceNo,
		aa.CCInvoiceDate
	from CCInvoice aa
  union all
	select 
		aa.TNo,
		aa.ServiceBillNo,
		aa.ServiceBillDate
	from ServiceBill aa
  union all
	select 
		aa.TNo,
		aa.CreditNoteNo,
		aa.CreditNoteDate
	from CreditNote aa
), t_Balance as (
        select 
            a.TNo,
            a.SNo,
            a.VoucherDate,
            b.VoucherNo,
            b.doctypecode,
            a.LocationCode,
            getlocationname(a.LocationCode) as Location,
            d.BillNo as PartyBillNo,
            d.BillDate as PartyBillDate,
            trunc(sysdate) - nvl(d.BillDate, a.VoucherDate) as BillAge,
            a.AccountCode,
            a.Amount as VoucherAmount,
            c.AllocatedAmount,
            a.Amount - nvl(c.AllocatedAmount, 0) as BalanceAmount
        from VoucherDetail a, Voucher b, t_Allocated c, AccountOpening d 
        where a.TNo = b.TNo
            and a.TNO= c.VoucherTNo(+)
            and a.SNo = c.VoucherSNo(+)
            and a.ModuleTNo = d.TNo(+)
            and b.VoucherNo = 'OPENING'
            and a.VoucherDate <= :P219_ASONDATE
            and (:P219_LOCATION IS NULL OR instr(':'||:P219_LOCATION||':',':'||a.LocationCode||':') > 0)
            and ( :P219_PARTY IS NULL OR instr(':'||:P219_PARTY||':',':'||a.AccountCode||':') > 0 )
            and ( :P219_COMPANY IS NULL OR instr(':'||:P219_COMPANY||':',':'||a.CompanyCode||':') > 0 )
        union all
        select 
            a.TNo,
            a.SNo,
            a.VoucherDate,
            b.VoucherNo,
            b.doctypecode,
            a.LocationCode,
            getlocationname(a.LocationCode) as Location,
            d.PartyBillNo,
            d.PartyBillDate,
            trunc(sysdate) - nvl(d.PartyBillDate, a.VoucherDate) as BillAge,
            a.AccountCode,
            a.Amount as VoucherAmount,
            c.AllocatedAmount,
            a.Amount - nvl(c.AllocatedAmount, 0) as BalanceAmount
        from VoucherDetail a, Voucher b, t_Allocated c, t_Bill d 
        where a.TNo = b.TNo
            and a.TNO= c.VoucherTNo(+)
            and a.SNo = c.VoucherSNo(+)
            and b.ModuleTNo = d.TNo(+)
            and b.VoucherNo != 'OPENING'
            and a.VoucherDate <= :P219_ASONDATE
            and (:P219_LOCATION IS NULL OR instr(':'||:P219_LOCATION||':',':'||a.LocationCode||':') > 0)
            and ( :P219_PARTY IS NULL OR instr(':'||:P219_PARTY||':',':'||a.AccountCode||':') > 0 )
            and ( :P219_COMPANY IS NULL OR instr(':'||:P219_COMPANY||':',':'||a.CompanyCode||':') > 0 )
)
SELECT ROWNUM AS SERIALNO,
XX.*
FROM 
(
select 
    X.TNO,
    x.LocationCode,
    getlocationname(x.LocationCode) as Location,
    y.PartyName,
    Y.MSME,
    x.VoucherNo,
    x.Doctypecode,
    x.VoucherDate,
    x.PartyBillNo,
    x.PartyBillDate,    
    case 
        when x.BillAge <= 30 then 'Up To 30'
        when x.BillAge between 31 and 60 then '31-60'
        when x.BillAge between 61 and 90 then '61-90'
        when x.BillAge between 91 and 120 then '91-120'
        when x.BillAge between 121 and 150 then '121-150'
        when x.BillAge between 151 and 180 then '151-180'
        else 'Above 180' 
    end as Age,
    case when y.partytypecode ='CUSTOMER' then
               (-1) * x.balanceamount
         else x.BalanceAmount
     end BalanceAmount,
    x.AccountCode
from t_Balance x, Party y
where x.AccountCode = y.PartyCode
    and y.PartyTypeCode IN ('CUSTOMER','SUPPLIER','CONTRACTOR','TRANSPORTER')
    and ( :P219_PARTYTYPE IS NULL OR instr(':'||:P219_PARTYTYPE||':',':'||y.PARTYTYPECODE||':') > 0 )
    and round(x.BalanceAmount, 3) != 0
    and ( :P219_MSME IS NULL OR NVL(Y.MSME,'NO') = :P219_MSME )
order by y.PartyName, x.LocationCode, x.VoucherDate, x.VoucherNo    

) XX"
310,192124335951032243,"location list","TABLE","LOCATION","","",""
351,521245344516031622,"GSTR9 Register","SQL","","","","select TNO,
       getcompanyname(COMPANYCODE) company,
       FINANCIALYEARCODE,
       getlocationname(LOCATIONCODE) location,
       getdoctypename(DOCTYPECODE) doctype,
       GSTR9NO,
       GSTR9DATE,
       FROMDATE,
       TODATE,
       REMARK,
       CREATOR,
       CREATIONTIME,
       LOCATIONWISE,
       GSTINNO
  from GSTR9"
375,57203661423730711,"Pending Dispatch Quantity Register","SQL","","","","WITH SO_DISP_REDUCE AS (
    SELECT 
        DAD.ITEMCODE,
        DAD.ITEMSPECIFICATIONCODE,
        DA.REFERENCETNO,
        SUM(DAD.QUANTITY1) AS TOTAL_DISP_QTY
    FROM DESPATCHADVICEDETAIL DAD
    JOIN DESPATCHADVICE DA ON DAD.TNO = DA.TNO
    GROUP BY DAD.ITEMCODE, DAD.ITEMSPECIFICATIONCODE, DA.REFERENCETNO
)
,SO_ORD_REDUCE AS (
    SELECT
        SOD.ITEMCODE,
        SOD.ITEMSPECIFICATIONCODE,
        SOD.TNO AS SALESORDERTNO,
        SUM(SOD.QUANTITY1) AS TOTAL_ORD_QTY
    FROM SALESORDERDETAIL SOD
    GROUP BY SOD.ITEMCODE, SOD.ITEMSPECIFICATIONCODE, SOD.TNO
)
,PRIV_CHECK AS (
    SELECT a.TNo
    FROM DespatchAdvice a
    WHERE getcompanyprivilege( a.COMPANYCODE,  GETMODULECODEFORPAGENO(:APP_PAGE_ID), :GLOBAL_LOGINNAME) = 'YES'
      AND getlocationprivilege(a.locationcode, GETMODULECODEFORPAGENO(:APP_PAGE_ID), a.companycode, :global_loginname) = 'YES'
      AND getdoctypeprivilege( a.doctypecode,  GETMODULECODEFORPAGENO(:APP_PAGE_ID), a.companycode, :global_loginname) = 'YES'
)
SELECT
    a.TNo,
    l.LocationName,
    dt.DocTypeName,
    a.DespatchAdviceNo,
    a.DespatchAdviceDate,
    iut.SalesOrderNo                                                AS ReferenceNo,
    iut.SalesOrderDate                                              AS ReferenceDate,
    'Sales Order'                                                   AS Reference,
    p.PartyName,
    t.PartyName                                                     AS Transporter,
    emp.EmployeeName||' ( '||emp.EmployeeID||' )'                  AS Employee,
    a.Drivername,
    a.VehicleNo,
    b.ItemCode,
    ei.Itemname||' ~ '||ee.itemSpecificationName                    AS Item,
    ei.MeasuringUnitCode1,
    b.Quantity1,
    nvl(pt.PackingTypeName, ei.MeasuringUnitCode2)                  AS MeasuringUnitCode2,
    b.Quantity2,
    nvl(Decode(mo.ReferenceTNo, a.TNo, 'PREPARED'), 'PENDING')     AS MSTATUS,
    mo.MaterialOutNo,
    mo.MaterialOutDate,
    nvl(Decode(w.ReferenceTNo,  a.TNo, 'PREPARED'), 'PENDING')     AS WSTATUS,
    w.WeighmentNo,
    w.WeighmentDate,
    bue.EmployeeName||' ( '||a.Creator||' )'                       AS Creator,
    a.CreationTime,
    SOR.TOTAL_ORD_QTY                                               AS SO_ORDERED_QTY,
    DR.TOTAL_DISP_QTY                                               AS TOTAL_DISPATCHED_QTY,
    GREATEST(
        COALESCE(SOR.TOTAL_ORD_QTY,  0)
      - COALESCE(DR.TOTAL_DISP_QTY, 0),
    0)                                                              AS PENDING_DISPATCH_QTY,
    '<a href=""'||APEX_UTIL.PREPARE_URL('f?p='||:APP_ID||':'||9993||':'||:APP_SESSION||'::::'
        ||'P9993_TNO,P9993_REPNAME'||':'||A.Tno||','||'DespatchAdvice'||':NO')
        ||'""><span aria-label=""Action""><span class=""fa fa-print"" aria-hidden=""true"" title=""Action""></span></span></a>' AS Print

FROM DespatchAdvice a

JOIN PRIV_CHECK              pc  ON  a.TNo               = pc.TNo   -- privilege filter

LEFT JOIN DespatchAdviceDetail  b   ON  a.TNo               = b.TNo
LEFT JOIN Location              l   ON  a.Locationcode       = l.LocationCode
LEFT JOIN DocType               dt  ON  a.DocTypeCode        = dt.DocTypeCode
LEFT JOIN Party                 p   ON  a.PartyCode          = p.PartyCode
LEFT JOIN Party                 t   ON  a.TransporterCode    = t.PartyCode
LEFT JOIN Employee              emp ON  a.EmployeeCode       = emp.EmployeeCode
LEFT JOIN BossUser              bu  ON  a.Creator            = bu.LoginName
LEFT JOIN Employee              bue ON  bu.EmployeeCode      = bue.EmployeeCode
LEFT JOIN Item                  ei  ON  b.ItemCode           = ei.ItemCode
LEFT JOIN ItemSpecification     ee  ON  b.ItemSpecificationCode = ee.ItemSpecificationCode
LEFT JOIN SalesOrder            iut ON  a.ReferenceTNo       = iut.TNo
LEFT JOIN MaterialOut           mo  ON  a.TNo                = mo.ReferenceTNo
LEFT JOIN Weighment             w   ON  a.TNo                = w.ReferenceTNo
LEFT JOIN PackingType           pt  ON  b.PackingTypeCode    = pt.PackingTypeCode

LEFT JOIN SO_DISP_REDUCE DR
    ON  DR.REFERENCETNO           = iut.TNo
    AND DR.ITEMCODE               = b.ItemCode
    AND DR.ITEMSPECIFICATIONCODE  = b.ItemSpecificationCode

LEFT JOIN SO_ORD_REDUCE SOR
    ON  SOR.SALESORDERTNO         = iut.TNo
    AND SOR.ITEMCODE              = b.ItemCode
    AND SOR.ITEMSPECIFICATIONCODE = b.ItemSpecificationCode

-- WHERE trunc(a.DespatchAdviceDate) BETWEEN :P160_FROMDATE AND :P160_TODATE
--   AND ( :P160_COMPANY           IS NULL OR instr(':'||:P160_COMPANY||':',           ':'||a.CompanyCode||':')           > 0 )
--   AND ( :P160_LOCATION          IS NULL OR instr(':'||:P160_LOCATION||':',          ':'||a.LocationCode||':')          > 0 )
--   AND ( :P160_DOCTYPE           IS NULL OR instr(':'||:P160_DOCTYPE||':',           ':'||a.DocTypeCode||':')           > 0 )
--   AND ( :P160_PARTY             IS NULL OR instr(':'||:P160_PARTY||':',             ':'||a.PartyCode||':')             > 0 )
--   AND ( :P160_TRANSPORTER       IS NULL OR instr(':'||:P160_TRANSPORTER||':',       ':'||a.TransporterCode||':')       > 0 )
--   AND ( :P160_ITEM              IS NULL OR instr(':'||:P160_ITEM||':',              ':'||b.ItemCode||':')              > 0 )
--   AND ( :P160_ITEMSPECIFICATION IS NULL OR instr(':'||:P160_ITEMSPECIFICATION||':', ':'||b.ItemSpecificationCode||':') > 0 )
--   AND ( :P160_VEHICLENO         IS NULL OR a.VehicleNo = :P160_VEHICLENO )
--   AND nvl(Decode(w.ReferenceTNo,  a.TNo, 'PREPARED'), 'PENDING') LIKE nvl(:P160_WSTATUS, '%')
--   AND nvl(Decode(mo.ReferenceTNo, a.TNo, 'PREPARED'), 'PENDING') LIKE nvl(:P160_MSTATUS, '%')"
523,691337154239456138,"Creditors Aging Detail Report","SQL","","","","With t_Allocated as (
	select 
		aa.DrVoucherTNo as VoucherTNo,
		aa.DrVoucherSNo as VoucherSNo,
		-1 * sum(aa.Amount) as AllocatedAmount 
	from DrCrAllocation aa, Voucher bb, Voucher cc 
	where aa.DrVoucherTNo = bb.TNo
		and aa.CrVoucherTNo = cc.TNo
        and bb.VoucherDate <= :P523_ASONDATE
        and cc.VoucherDate <= :P523_ASONDATE
	group by 
		aa.DrVoucherTNo,
		aa.DrVoucherSNo
	union all
	select 
		aa.CrVoucherTNo as VoucherTNo,
		aa.CrVoucherSNo as VoucherSNo,
		sum(aa.Amount) as AllocatedAmount
	from DrCrAllocation aa, Voucher bb, Voucher cc 
	where aa.DrVoucherTNo = bb.TNo
		and aa.CrVoucherTNo = cc.TNo
        and bb.VoucherDate <= :P523_ASONDATE
        and cc.VoucherDate <= :P523_ASONDATE
	group by 
		aa.CrVoucherTNo,
		aa.CrVoucherSNo
), t_Bill as (
	select 
		aa.TNo,
		bb.PartyBillNo,
		bb.PartyBillDate
	from PBPass aa, PurchaseBill bb 
	where aa.PurchaseBillTNo = bb.TNo
	union all
	select 
		aa.TNo,
		bb.PartyBillNo,
		bb.PartyBillDate
	from JBPass aa, JobBill bb 
	where aa.JobBillTNo = bb.TNo
	union all
	select 
		aa.TNo,
		aa.PartyBillNo,
		aa.PartyBillDate
	from FreightAdvice aa
	/*union all
	select 
		aa.TNo,
		aa.PartyBillNo,
		aa.PartyBillDate
	from CashPurchase aa
	union all
	select 
		aa.TNo,
		aa.PartyBillNo,
		aa.PartyBillDate
	from MiscellaneousExpense aa
	union all
	select 
		aa.TNo,
		aa.BillNo AS PartyBillNo,
		aa.BillDate as PartyBillDate
	from ExternalServicesEntry aa
	union all
	select 
		aa.TNo,
		aa.PartyBillNo,
		aa.PartyBillDate
	from NecessityCompletion aa
    */
), t_Balance as (
        select 
            a.TNo,
            a.SNo,
            a.VoucherDate,
            b.VoucherNo,
            b.doctypecode,
            a.LocationCode,
            d.BillNo as PartyBillNo,
            d.BillDate as PartyBillDate,
            trunc(sysdate) - nvl(d.BillDate, a.VoucherDate) as BillAge,
            a.AccountCode,
            a.Amount as VoucherAmount,
            c.AllocatedAmount,
            a.Amount - nvl(c.AllocatedAmount, 0) as BalanceAmount
        from VoucherDetail a, Voucher b, t_Allocated c, AccountOpening d 
        where a.TNo = b.TNo
            and a.TNO= c.VoucherTNo(+)
            and a.SNo = c.VoucherSNo(+)
            and a.ModuleTNo = d.TNo(+)
            and b.VoucherNo = 'OPENING'
            and a.VoucherDate <= :P523_ASONDATE
            and (:P523_LOCATION IS NULL OR instr(':'||:P523_LOCATION||':',':'||a.LocationCode||':') > 0)
            and ( :P523_PARTY IS NULL OR instr(':'||:P523_PARTY||':',':'||a.AccountCode||':') > 0 )    
        union all
        select 
            a.TNo,
            a.SNo,
            a.VoucherDate,
            b.VoucherNo,
            b.doctypecode,
            a.LocationCode,
            d.PartyBillNo,
            d.PartyBillDate,
            trunc(sysdate) - nvl(d.PartyBillDate, a.VoucherDate) as BillAge,
            a.AccountCode,
            a.Amount as VoucherAmount,
            c.AllocatedAmount,
            a.Amount - nvl(c.AllocatedAmount, 0) as BalanceAmount
        from VoucherDetail a, Voucher b, t_Allocated c, t_Bill d 
        where a.TNo = b.TNo
            and a.TNO= c.VoucherTNo(+)
            and a.SNo = c.VoucherSNo(+)
            and b.ModuleTNo = d.TNo(+)
            and b.VoucherNo != 'OPENING'
            and a.VoucherDate <= :P523_ASONDATE
            and (:P523_LOCATION IS NULL OR instr(':'||:P523_LOCATION||':',':'||a.LocationCode||':') > 0)
            and ( :P523_PARTY IS NULL OR instr(':'||:P523_PARTY||':',':'||a.AccountCode||':') > 0 )  
)
select 
    x.LocationCode,
    y.PartyName,
    x.VoucherNo,
    x.Doctypecode,
    x.VoucherDate,
    x.PartyBillNo,
    x.PartyBillDate,    
    case 
        when x.BillAge <= 15 then 'Up To 15'
        when x.BillAge between 16 and 30 then '16-30'
        when x.BillAge between 31 and 45 then '31-45'
        when x.BillAge between 46 and 60 then '46-60'
        when x.BillAge between 61 and 90 then '61-90'
        when x.BillAge between 91 and 120 then '91-120'
        when x.BillAge between 121 and 150 then '121-150'
        when x.BillAge between 151 and 180 then '151-180'
        else 'Above 180' 
    end as Age,
    x.BalanceAmount,
    x.AccountCode
from t_Balance x, Party y
where x.AccountCode = y.PartyCode
    and y.PartyTypeCode IN ('CUSTOMER','SUPPLIER','CONTRACTOR','TRANSPORTER')
    and ( :P523_PARTYTYPE IS NULL OR instr(':'||:P523_PARTYTYPE||':',':'||y.PARTYTYPECODE||':') > 0 )
    and round(x.BalanceAmount, 3) != 0
order by y.PartyName, x.LocationCode, x.VoucherDate, x.VoucherNo    
"
613,454363655506916258,"Qualification Type List","SQL","","","","select TNO,
       QUALIFICATIONTYPECODE,
       QUALIFICATIONTYPENAME,
       REMARK,
       DATECREATED,
       DATEMODIFY,
       CREATIONTIME,
       CREATOR
  from QUALIFICATIONTYPE"
617,645485315536975711,"Qualification List","SQL","","","","Select a.tno,
       a.Qualificationcode,
       a.Qualificationname,
       a.QualificationTypeCode,
       b.QualificationTypeName,
       a.remark,
       a.creator,
       to_char(A.CREATIONTIME, 'DD-MM-YYYY HH24:MI:SS') CREATIONTIME
  From Qualification a, QualificationType B
  WHERE A.QualificationTypeCode = B.QualificationTypecode(+)
  Order By A.TNO Desc"

17 rows selected. 

"MODULECODE","MASTERTABLENAME","PAGENO"
"PAYMENTADVICE","PAYMENTADVICE","314"
"AGENTCOMMISSIONRATE","AGENTCOMMISSIONRATE",""
"SALEINCENTIVERATE","SALEINCENTIVERATE",""
"LOCATION","LOCATION","24"
"EMPLOYEE","EMPLOYEE","84"
"COMPANYVEHICLE","COMPANYVEHICLE","90"
"BOM","BOM","201"

7 rows selected. 

"COLUMN_NAME"
"SECURITY_GROUP_ID"

