"PAGE_ID","REGION_ID","REGION_NAME","IS_EDITABLE"
10,781918885732158092,"Item Ledger","Yes"
40,198604611866540688,"Detail","Yes"
40,902228166283819606,"Code Scheme","Yes"
45,918531513221779186,"Module","Yes"
153,845939909901338133,"Voucher Detail List","No"
249,1004956036463308497,"New","Yes"
250,1083560097994688173,"New","No"
251,766996263459303911,"DETAIL","Yes"
252,845761369849684949,"DETAIL","Yes"
262,305508777621806326,"PF Monthly Report","No"
267,317477073272167003,"Boss User Employee","Yes"
268,393556914767604041,"ESIC Monthly Report","No"
281,200106339216295538,"Pending Sales Order followup","Yes"
360,65586483313043878,"Task Grid","Yes"
413,235505455957637719,"Master","Yes"
416,203325845975676320,"Expense","Yes"
416,271016761985527265,"Income","Yes"
680,473319880687353380,"Fixed Assets","No"
673,471395144107817107,"Detail","Yes"
