"MODULECODE","MODULENAME","MASTERTABLENAME","DETAILTABLENAME","PAGENO","ENTRYPAGENO","PAGE_NAME","REGION_ID","PLUG_NAME","PLUG_SOURCE_TYPE","QUERY_TYPE","STATIC_ID","COVERAGE"
"COMPANY","Company","COMPANY","","3","4","Company",839210427703492028,"Company","NATIVE_IR","SQL","company","PRESENT"
"CITY","City","CITY","","7","8","City List",574790786672748956,"City List","NATIVE_IR","SQL","city-list","PRESENT"
"ITEMLEDGER","Item Ledger","ITEMLEDGER","","10","103","Item Ledger",781918885732158092,"Item Ledger","NATIVE_IG","SQL","item-ledger","MISSING"
"ACCOUNTLEDGERREVISED","Account Ledger","VOUCHER","","11","11","Account Ledger ",926956271824446849,"New","NATIVE_IR","SQL","new","MISSING"
"ITEMSPECIFICATION","Item Specification","ITEMSPECIFICATIONDETAIL","","20","13","Item Specification List",585394972912631849,"Item Specification List","NATIVE_IR","SQL","item-specification-list","MISSING"
"DOCTYPE","Doctype","DOCTYPE","","21","22","Doctype List",577708479865829640,"Doctype List","NATIVE_IR","SQL","doctype-list","PRESENT"
"LOCATION","Location","LOCATION","","24","25","Location List",743319618504596310,"Location Master","NATIVE_IR","SQL","location-master","PRESENT"
"FINANCIALYEAR","Financialyear","FINANCIALYEAR","","27","28","Financialyear List",577881070437090375,"Financialyear List","NATIVE_IR","SQL","financialyear-list","PRESENT"
"TDSNATURE","Tds Nature","TDSNATURE","","29","30","TDS Nature",578647680510208767,"TDS Nature","NATIVE_IR","SQL","tds-nature","PRESENT"
"TDSTAXCATEGORY","Tds Tax Category","TDSTAXCATEGORY","","31","32","TDS Tax Category List",578820915962761142,"TDS Tax Category List","NATIVE_IR","SQL","tds-tax-category-list","PRESENT"
"TDSPAYEECATEGORY","Tds Payee Category","TDSPAYEECATEGORY","","33","34","TDS Payee Category List",578974093196552172,"TDS Payee Category List","NATIVE_IR","SQL","tds-payee-category-list","PRESENT"
"ITEMTYPE","Item Group","ITEMTYPE","","36","37","Item Group List",579537400972282563,"Item Group List","NATIVE_IR","SQL","item-type-list","PRESENT"
"CODESCHEME","Code Scheme","CODESCHEME","","40","40","Code Scheme",902228166283819606,"Code Scheme","NATIVE_IG","SQL","code-scheme","MISSING"
"CODESCHEME","Code Scheme","CODESCHEME","","40","40","Code Scheme",198604611866540688,"Detail","NATIVE_IG","SQL","detail","MISSING"
"CODESCHEMEMASTER","Code Scheme For Master Module","CODESCHEMEMASTER","","41","42","Code Scheme Master Report",845945385271685761,"Code Scheme Master Report","NATIVE_IR","SQL","code-scheme-master-report","PRESENT"
"MODULEGROUP","Module Group","MODULEGROUP","","43","44","Module Group List",831598276746866557,"Module Group List","NATIVE_IR","SQL","module-group-list","PRESENT"
"MODULE","Module","","","45","45","Module Group Change",918531513221779186,"Module","NATIVE_IG","SQL","module","MISSING"
"HSN","HSN","HSN","","46","47","HSN List",579604261154293435,"Hsn List","NATIVE_IR","SQL","hsn-list","PRESENT"
"PARTY","Account Master","PARTY","","48","49","Account Master",754901961686653551,"Account Master Report","NATIVE_IR","SQL","account-master-report","PRESENT"
"MEASURINGUNIT","Measuring Unit","MEASURINGUNIT","","50","51","Measuring Unit List",579865637102746482,"Measuring Unit List","NATIVE_IR","SQL","measuring-unit-list","PRESENT"
"ITEMCHARACTERISTICS","Item Characteristics","ITEMCHARACTERISTICS","","52","53","Item Characteristics List",580031538148169714,"Item Characteristics List","NATIVE_IR","SQL","item-characteristics-list","PRESENT"
"ITEMCATEGORY","Item Category Master","ITEMCATEGORY","","54","55","Item Category List",580624887508608713,"Item Category List","NATIVE_IR","SQL","item-category-list","PRESENT"
"INDUSTRYSECTOR","Industry Sector","INDUSTRYSECTOR","","56","57","Industry Sector List",580733614104101714,"Industry Sector List","NATIVE_IR","SQL","industry-sector-list","PRESENT"
"ITEM","Item Master","ITEM","","58","59","Item Master List",473065967489273535,"Item Master","NATIVE_IR","SQL","item-master","PRESENT"
"ITEMCLASS","Item Class Master","ITEMCLASS","","60","61","Item Class List",582521117638290936,"Item Class List","NATIVE_IR","SQL","item-class-list","PRESENT"
"ITEMNATURE","Item Nature Master","ITEMNATURE","","64","65","Item Nature List",582770819300752054,"Item Nature List","NATIVE_IR","SQL","item-nature-list","PRESENT"
"ACCOUNTOPENING","Account Opening","ACCOUNTOPENING","","66","67","Account Opening List",886493536659587176,"Account Opening List","NATIVE_IR","SQL","account-opening-list","MISSING"
"MATERIALIN","Material In","MATERIALIN","MATERIALINDETAIL","68","69","Material In Register",467480205903360014,"Report(Material In)","NATIVE_IR","SQL","report-material-in","PRESENT"
"PARTYTYPE","Party Type","PARTYTYPE","","70","71","Party Type List",583476101503978175,"Party Type List","NATIVE_IR","SQL","party-type-list","PRESENT"
"PACKINGTYPE","Packing Type","PACKINGTYPE","","72","73","Packing Type List",583551953420853975,"Packing Type List","NATIVE_IR","SQL","packing-type-list","PRESENT"
"MODULEDOCTYPE","Module Doctype","MODULEDOCTYPE","","74","75","Module Doc Type List",583627288861140288,"Module Doc Type List","NATIVE_IR","SQL","module-doc-type-list","PRESENT"
"MODULELOCATION","Module Location","MODULELOCATION","","76","77","Module Location List",583680671318364752,"Module Location List","NATIVE_IR","SQL","module-location-list","PRESENT"
"FREIGHTTYPE","Freight Type","FREIGHTTYPE","FREIGHTADVICEDETAIL","78","79","Freight Type List",584246633316121660,"Freight Type List","NATIVE_IR","SQL","freight-type-list","PRESENT"
"BOSSUSER","Boss User","BOSSUSER","","80","81","BOSS User List",584438992329373966,"BOSS User List","NATIVE_IR","SQL","boss-user-list","PRESENT"
"DEPARTMENT","Department","DEPARTMENT","","82","83","Department List",584695714240131874,"Department List","NATIVE_IR","SQL","department-list","PRESENT"
"EMPLOYEE","Employee Master","EMPLOYEE","","84","85","Employee List",584376620407326251,"Employee List","NATIVE_IR","SQL","employee-list","PRESENT"
"DESIGNATION","Designation","DESIGNATION","","86","87","Designation List",584767688844299572,"Designation List","NATIVE_IR","SQL","designation-list","PRESENT"
"VEHICLETYPE","Vehicle Type","VEHICLETYPE","","88","89","Vehicle Type List",585414744620221913,"Vehicle Type List","NATIVE_IR","SQL","vehicle-type-list","PRESENT"
"FOOTERACCOUNT","Footer Account","FOOTERACCOUNT","","92","93","Footer Account List",586073321320249385,"Footer Account List","NATIVE_IR","SQL","footer-account-list","PRESENT"
"JOBTYPE","Service Type","JOBTYPE","","94","95","Service Type List",586199254508231152,"Service Type List","NATIVE_IR","SQL","service-type-list","PRESENT"
"GROUPOFPARTY","Group Of Party","GROUPOFPARTY","","96","97","Group Of Party List",586288908506110213,"Group Of Party List","NATIVE_IR","SQL","group-of-party-list","PRESENT"
"JOBTYPEACCOUNT","Service Type Account","JOBTYPEACCOUNT","","98","99","Service Type Account List",586357728787282497,"Service Type Account List","NATIVE_IR","SQL","service-type-account-list","PRESENT"
"FOOTERHEAD","Footer Head","FOOTERHEAD","FOOTERHEAD","101","102","Footer Head List",587061762255122761,"Footer Head List","NATIVE_IR","SQL","footer-head-list","PRESENT"
"ITEMMAKE","Item Make","ITEMMAKE","","105","106","Item Make List",587568676866001251,"Item Make List","NATIVE_IR","SQL","item-make-list","PRESENT"
"INDENT","Indent","INDENT","INDENTDETAIL","107","108","Indent Register",477903160125596064,"Indent Register Report","NATIVE_IR","SQL","indent-register-report","PRESENT"
"MYPARAMETER","My Parameter","MYPARAMETER","","109","110","My Parameter List",587636554648203366,"My Parameter List","NATIVE_IR","SQL","my-parameter-list","PRESENT"
"PURCHASEORDER","Purchase Order","PURCHASEORDER","PURCHASEORDERDETAIL","117","118","Purchase Order List",944894414656371253,"Purchase Order Report","NATIVE_IR","SQL","purchase-order-report","PRESENT"
"COSTCENTRE","Cost Centre","COSTCENTRE","COSTCENTRE","119","120","Cost Centre List",589281362394674427,"Cost Centre List","NATIVE_IR","SQL","cost-centre-list","PRESENT"
"BANK","Bank","BANK","","123","124","Bank List",593581838480385584,"Bank List","NATIVE_IR","SQL","bank-list","PRESENT"
"ACCOUNTDAYBOOK","Account Day Book","ACCOUNTDAYBOOK","ACCOUNTDAYBOOKDETAIL","125","125","Account Day Book",452387285642117091,"Account Day Book","NATIVE_IR","SQL","account-day-book","MISSING"
"STORAGELOCATION","Storage Location","STORAGELOCATION","","127","128","Storage Location List",593679801670085312,"Storage Location List","NATIVE_IR","SQL","storage-location-list","PRESENT"
"REQUISITION","Requisition","REQUISITION","REQUISITIONDETAIL","129","130","Requisition Register",514060478330215751,"Material Requisition Register","NATIVE_IR","SQL","material-requisition-register","MISSING"
"WEIGHMENT","Weighment","WEIGHMENT","","132","133","Weighment  List",595188795335788960,"Weighment  List","NATIVE_IR","SQL","weighment-list","MISSING"
"EINVOICE","E Invoice","EINVOICE","EINVOICEDETAIL","134","182","E-Invoice Report",613073133236816312,"E-Invoice Report","NATIVE_IR","TABLE","e-invoice-report","MISSING"
"MODULEPRIVILEGE","Module Privilege","MODULEPRIVILEGE","MODULEDOCTYPEDETAIL","135","136","User Privilege",767222192226705086,"User Privilege","NATIVE_IR","SQL","user-privilege","PRESENT"
"ISSUE","Issue","ISSUE","ISSUEDETAIL","137","138","Issue Register",468469204151039622,"Material Issue Report","NATIVE_IR","SQL","material-issue-report","MISSING"
"STOCKDIVISIONWISE","Stock Division Wise","","","141","141","Stock  Division Wise",689067459486981184,"Stock  Division Wise","NATIVE_IR","SQL","stock-division-wise-2","MISSING"
"PURCHASEBILL","Purchase Bill","PURCHASEBILL","PURCHASEBILLDETAIL","142","143","Purchase Bill Register",484351041090418341,"Purchase Bill Register Report","NATIVE_IR","SQL","purchase-bill-register-report","PRESENT"
"STOCKSLWISE","Stock Storage Location Wise","","","144","144","Stock Storage Location Wise",621797707773646466,"Stock Stock Storage Location Wise","NATIVE_IR","SQL","stock-stock-storage-location-wise-2","MISSING"
"GRN","GRN","GRN","GRNDETAIL","145","146","GRN Register",467319924760404589,"GRN Report","NATIVE_IR","SQL","grn-report","PRESENT"
"POAMENDMENT","PO Amendment","POAMENDMENT","POAMENDMENTDETAIL","147","148","PO Amendment Register",500104838763311836,"PO Amendment","NATIVE_IR","SQL","po-amendment","MISSING"
"ISSUERETURN","Issue Return","ISSUERETURN","ISSUERETURNDETAIL","149","150","Issue Return List",601429680349145904,"Issue Return List","NATIVE_IR","SQL","issue-return-list","MISSING"
"PBPASS","Purchase Bill Pass","PBPASS","PBPASSDETAIL","151","152","Purchase Bill Pass Register",504438909802769323,"Purchase Bill Pass Register Report","NATIVE_IR","SQL","purchase-bill-pass-register-report","PRESENT"
"VOUCHER","Voucher","VOUCHER","VOUCHERDETAIL","153","156","Voucher List",845939909901338133,"Voucher Detail List","NATIVE_IG","SQL","voucher-detail-list","MISSING"
"LOADINGADVICE","Loading Advice","LOADINGADVICE","LOADINGADVICEDETAIL","154","155","Loading Advice List",603956119249045018,"Loading Advice List","NATIVE_IR","SQL","loading-advice-list","MISSING"
"DEBITNOTE","Debit Note","DEBITNOTE","DEBITNOTEDETAIL","158","159","Debit Note List",855475548046099083,"Debit Note List","NATIVE_IR","SQL","debit-note-list","MISSING"
"DESPATCHADVICE","Despatch Advice","DESPATCHADVICE","DESPATCHADVICEDETAIL","160","161","Despatch Advice Register",604865642406184046,"Dispatch Advice Register Report","NATIVE_IR","SQL","dispatch-advice-register-report","MISSING"
"CREDITNOTE","Credit Note","CREDITNOTE","CREDITNOTEDETAIL","165","166","Credit Note List",801384753786481411,"Report","NATIVE_IR","SQL","report","MISSING"
"MATERIALOUT","Material Out","MATERIALOUT","MATERIALOUTDETAIL","167","168","Material Out Register",512288033104679057,"Material Out Register","NATIVE_IR","SQL","material-out-register","MISSING"
"SALESORDER","Sales Order","SALESORDER","SalesOrderDetail","170","171","Sales Order Register",578271541182137349,"Sales Order Register","NATIVE_IR","SQL","sales-order-register","MISSING"
"TERMSANDCONDITIONHEAD","Terms and Condition Head","TERMSANDCONDITIONHEAD","TERMSANDCONDITIONHEADDETAIL","172","173","Terms & Condistion HeadList",609174684093545011,"Terms & Condistion HeadList","NATIVE_IR","SQL","terms-condistion-headlist","PRESENT"
"CCINVOICE","CCInvoice","CCINVOICE","CCINVOICEDETAIL","174","175","CC Invoice Register",573917201776151631,"CC Invoice Register Report","NATIVE_IR","SQL","cc-invoice-register-report","MISSING"
"TAXRULE","Tax Rule","TAXRULE","","176","177","Tax Rule List",611150870194606774,"Tax Rule List","NATIVE_IR","SQL","tax-rule-list","PRESENT"
"JOBORDER","Service Order","JOBORDER","JOBORDERDETAIL","178","179","Service Order List",611898560320615286,"Job Order List","NATIVE_IR","SQL","job-order-list","MISSING"
"KITTINGUNKITTING","Kitting Unkitting","STOCKJOURNAL","STOCKJOURNALRAW","180","181","Kitting Unkitting",482982148522204739,"Kitting Unkitting","NATIVE_IR","SQL","kitting-unkitting","MISSING"
"SALESGRN","Sales Grn","SALESGRN","SALESGRNDETAIL","183","184","Sales GRN List",613127647354835954,"Sales GRN List","NATIVE_IR","SQL","sales-grn-list","MISSING"
"STOCKTRANSFER","Stock Transfer","STOCKTRANSFER","STOCKTRANSFERDETAIL","186","187","Stock Transfer",494252376512811160,"Stock Transfer","NATIVE_IR","SQL","stock-transfer","MISSING"
"BILLRECEIPT","Bill Receipt","DFREIGHTBILLRECEIPT","DFREIGHTBILLRECEIPTDETAIL","190","191","Bill Receipt",600498172302484751,"Bill Receipt Register Report","NATIVE_IR","SQL","bill-receipt-register-report","MISSING"
"ITEMOPENING","Item Opening","ITEMOPENING","ITEMOPENINGDETAIL","192","193"," Item Opening List",838938733136155929,"Item Opening List","NATIVE_IR","SQL","item-opening-list","MISSING"
"GATEPASS","Gate Pass","GATEPASS","GATEPASSDETAIL","194","195","Gate Pass Register",594028798366656767,"Gate Pass Register Report","NATIVE_IR","SQL","gate-pass-register-report","MISSING"
"PRODUCTION","Production","PRODUCTION","PRODUCTIONFINISHED","196","197","Production List",443319794454722752,"Production List","NATIVE_IR","SQL","production-list","MISSING"
"FREIGHTADVICE","Freight Advice","FREIGHTADVICE","FREIGHTADVICEDETAIL","198","199","Freight Advice List",506009576941145204,"Freight Advice List","NATIVE_IR","SQL","freight-advice-list","MISSING"
"SHIFT","Shift","SHIFT","","203","204","Shift List",444065914123070097,"Shift List","NATIVE_IR","SQL","shift-list","PRESENT"
"PRODUCTIONCENTRE","Production Centre","PRODUCTIONCENTRE","","205","206","Production Centre List",444146032355482444,"Production Centre List","NATIVE_IR","SQL","production-centre-list","PRESENT"
"REVERSECHARGE","ReverseCharge","REVERSECHARGE","REVERSECHARGEDETAIL","207","208","Reverse Charge Register",554148487385059110,"Reverse Charge List","NATIVE_IR","SQL","reverse-charge-list","MISSING"
"ITEMACCOUNT","Item Account","ITEMACCOUNT","ITEMACCOUNT","209","211","Item Account List",449120996069167789,"Item Account List","NATIVE_IR","SQL","item-account-list","PRESENT"
"PAYBLERECEIVABLEAGEING","Payble Receivable Ageing Report","PRAR","CCINVOICEDETAIL","210","210","Payable/Receivable Aging Report",746296597373680276,"Creditors Aging Report","NATIVE_IR","SQL","creditors-aging-report","MISSING"
"JOBBILL","Service Bill Receipt","JOBBILL","JOBBILLDETAIL","212","213","Service Bill Register",511865500872423775,"Job Bill Register Report","NATIVE_IR","SQL","job-bill-register-report","MISSING"
"JBPASS","Service Bill Receipt Passing","JBPASS","JBPASSDETAIL","220","221","Service Bill Pass Register",533487482412150143,"Service Bill Pass Register Report","NATIVE_IR","SQL","service-bill-pass-register-report","MISSING"
"MRN","M.R.N.","MRN","MRNDETAIL","222","223","MRN List",456974392566741723,"MRN List","NATIVE_IR","SQL","mrn-list","MISSING"
"MODULEDOCTYPEWISETAC","Module Doc Type Wise TAC","MODULEDOCTYPEWISETAC","DESPATCHADVICEDETAIL","224","225","Module Wise TAC List",460787098670416990,"Module Wise TAC List","NATIVE_IR","TABLE","module-wise-tac-list","MISSING"
"OUTSTANDINGBILLMORETHAN180DAYS","Outstanding Bills More Than 180 Days","OBILL","","227","227","Outstanding Bills More Than 180 Days",473507538129429203,"Outstanding Bills More Than 180 Days","NATIVE_IR","SQL","outstanding-bills-more-than-180-days","MISSING"
"OUTSTANDINGBILLMORETHAN180DAYS","Outstanding Bills More Than 180 Days","OBILL","","227","227","Outstanding Bills More Than 180 Days",225290506365926147,"Age Wise Summary","NATIVE_IR","SQL","age-wise-summary","MISSING"
"GSTR1","GSTR1","GSTR1","GSTR1DETAIL","229","230","GSTR1 Register",479359855431728705,"GSTR1 Register","NATIVE_IR","SQL","gstr1-register","MISSING"
"GSTINPUTNEW","GST Input Report As Per Voucher","GSTI","","231","231","GST Input Report As Per Voucher",729079355961894289,"GST Input Report","NATIVE_IR","SQL","gst-input-report","MISSING"
"GSTOUTPUTNEW","GST Output Report As Per Voucher","GSTO","","233","233","GST Output Report As Per Voucher",749010348743988364,"GST Output Report","NATIVE_IR","SQL","gst-output-report","MISSING"
"GSTR3B","GSTR3B","","","236","236","GSTR3B",317170210734038407,"Inter State","NATIVE_IR","SQL","inter-state","MISSING"
"GSTR3B","GSTR3B","","","236","236","GSTR3B",317171106674038416,"Inter State","NATIVE_IR","SQL","inter-state-2","MISSING"
"GSTR3B","GSTR3B","","","236","236","GSTR3B",317171793486038423,"Inter State","NATIVE_IR","SQL","inter-state-3","MISSING"
"GSTR3B","GSTR3B","","","236","236","GSTR3B",448300690491913527,"GSTR3OUTWARD","NATIVE_IR","SQL","gstr3outward","MISSING"
"RTGSLETTER","RTGS Letter","RTGSLETTER","RTGSLETTERDETAIL","241","242","RTGS Letter",569465606323290504,"RTGS Letter","NATIVE_IR","SQL","rtgs-letter","MISSING"
"STOCKREVALUATION","Stock Revaluation","STOCKREVALUATION","STOCKREVALUATIONDETAIL","243","244","Stock Revaluation Register",645271766068777095,"Stock Revaluation","NATIVE_IR","SQL","stock-revaluation","MISSING"
"STOCKTAKING","Stock Taking","STOCKTAKING","STOCKTAKINGDETAIL","245","246","Stock Taking Register",721258456306003468,"Stock Taking","NATIVE_IR","SQL","stock-taking","MISSING"
"ADDITIONALBUSINESSPLACE","Additional Business Place","","","247","248","Additional Business Place List",294800083866940723,"Additional Business Place List","NATIVE_IR","SQL","additional-business-place-list","MISSING"
"MONTHLYSUMMARY","Monthly Summary","","","249","249","Monthly Summary",1004956036463308497,"New","NATIVE_IG","SQL","new","MISSING"
"DAILYSUMMARYREVISED","Daily Summary","","","250","250","Daily  Summary",1083560097994688173,"New","NATIVE_IG","SQL","new","MISSING"
"PAYBLEBILLS","Payable Bills","PENDINGBILLS","","251","251","Payable Bills",766996263459303911,"DETAIL","NATIVE_IG","SQL","detail","MISSING"
"BANKBOOK","Bank /  Cash Book","BANK","","252","252","Cash / Bank Book",845761369849684949,"DETAIL","NATIVE_IG","SQL","detail","MISSING"
"PFMONTHLYREPORT","PF Monthly Report","","","262","262","PF Monthly Report",305508777621806326,"PF Monthly Report","NATIVE_IG","SQL","pf-monthly-report","MISSING"
"MODULEFLOW","Module Flow","MODULEFLOW","","263","264","Module Flow List",448871020061554529,"Module Flow","NATIVE_IR","SQL","module-flow","PRESENT"
"PTSLAB","Pt Slab","PTSLAB","PTSLABDETAIL","265","266","PT Slab Register",601260756642366653,"PT Slab Register","NATIVE_IR","SQL","pt-slab-register","PRESENT"
"BOSSUSEREMPLOYEE","Boss User Employee","","WORKREQUEST","267","267","Boss User Employee",317477073272167003,"Boss User Employee","NATIVE_IG","SQL","boss-user-employee","MISSING"
"ESICMONTHLYREPORT","ESIC Monthly Report","","","268","268","ESIC Monthly Report",393556914767604041,"ESIC Monthly Report","NATIVE_IG","SQL","esic-monthly-report","MISSING"
"BONUSSCHEME","Bonus Scheme","BONUSSCHEME","BONUSSCHEMEDETAIL","269","270","Bonus Scheme List",318335536188876697,"Bonus Scheme List","NATIVE_IR","SQL","bonus-scheme-list","MISSING"
"PORECEIPT","Poreceipt","PORECEIPT","Poreceiptdetail","273","274","PO Receipt List",209951780917329537,"PO Receipt List","NATIVE_IR","SQL","po-receipt-list","MISSING"
"COSTCENTRELEDGERWITHACCOUNT","COST CENTRE LEDGER WITH ACCOUNT","","","275","275","Cost Centre Ledger With Account",944520051334912554,"New","NATIVE_IR","SQL","new","MISSING"
"BONUS","Bonus","BONUS","BONUSDETAIL","276","277","Bonus List",218314976053779949,"Bonus List","NATIVE_IR","TABLE","bonus-list","MISSING"
"EWAYBILL","E-WayBill","","","280","280","E Way Bill",212786888465705097,"E Way Bill","NATIVE_IR","SQL","e-way-bill","MISSING"
"PENDINGSOFOLLOWUP","Pending Sales Order Followup","","","281","281","Pending Sales Order followup",184866605333682390,"Invoice","NATIVE_IR","SQL","invoice","MISSING"
"PENDINGSOFOLLOWUP","Pending Sales Order Followup","","","281","281","Pending Sales Order followup",200106339216295538,"Pending Sales Order followup","NATIVE_IG","SQL","pending-sales-order-followup","MISSING"
"FREIGHTADVANCEREGISTER","Payment Of Transporter Advance","","","283","283","Payment Of Transporter Advance",200131459923335683,"Payment Of Transporter Advance","NATIVE_IR","SQL","payment-of-transporter-advance","MISSING"
"EMPLOYEEGATEPASS","Employee Gate Pass","EMPLOYEEGATEPASS","","284","285","Employee Gate Pass List",219219779842966370,"Employee Gate Pass List","NATIVE_IR","SQL","employee-gate-pass-list","MISSING"
"ZONE","Zone","ZONE","","286","287","Zone List",584572350524502310,"Zone List","NATIVE_IR","SQL","zone-list","PRESENT"
"DAILYDESPATCHREPORT","Daily Despatch Report","","","290","290","Daily Despatch Report",216316007075301282,"Daily Despatch Report","NATIVE_IR","SQL","daily-despatch-report","MISSING"
"PURCHASEPARTYPAYMENTREGISTER","Purchase Party Payment Register","","","291","291","Purchase Party Payment Register",186894187453791355,"Purchase Party Amount Register","NATIVE_IR","SQL","purchase-party-amount-register","MISSING"
"FIXEDASSETREGISTER","Fixed Asset Register","","","293","293","Fixed Asset Register",225151042574869792,"Fixed Asset Register","NATIVE_IR","SQL","fixed-asset-register-2","MISSING"
"DEPRECIATIONREGISTER","Depreciation Register","","","294","294","Depreciation Register",225162597216874095,"Depreciation","NATIVE_IR","SQL","depreciation","MISSING"
"FREIGHTRATEAPPROVALREGISTER","Freight Rate Approval Register","","","295","295","Freight Rate Approval Register",217221131360948874,"Freight Advance Register","NATIVE_IR","SQL","freight-advance-register","MISSING"
"GSTLIABILITY","GST Liability","","","296","296","GST Liability",202942509235275138,"GST OUTPUT Liability","NATIVE_IR","SQL","gst-output-liability","MISSING"
"GSTLIABILITY","GST Liability","","","296","296","GST Liability",224320063161846157,"New","NATIVE_SQL_REPORT","SQL","new","MISSING"
"DUEOUTSTANDINGBALANCE","Due Outstanding Balance","","","298","298","Due Outstanding Balance",205938038314268688,"Due Outstanding Balance","NATIVE_IR","SQL","due-outstanding-balance-2","MISSING"
"CHEQUERECEIPT","Cheque Receipt","CHEQUERECEIPT","CHEQUERECEIPTDETAIL","300","301","Cheque Receipt List",471118625768211594,"Cheque Receipt List","NATIVE_IR","SQL","cheque-receipt-list","MISSING"
"CHEQUEBOOKISSUE","Chequebookissue","CHEQUEBOOKISSUE","CHEQUEBOOKISSUEDETAIL","302","303","Cheque Book Issue List",471227543258873953,"Cheque Book Issue List","NATIVE_IR","SQL","cheque-book-issue-list","MISSING"
"SERVICEBILL","Service Bill","Servicebill","Servicebilldetail","304","305","Service Bill Register",523472344189938035,"Service Bill Register Report","NATIVE_IR","SQL","service-bill-register-report","MISSING"
"GSTSETUP","GST Setup","","","307","308","GST Setup List",189106227408255764,"GST Setup List","NATIVE_IR","SQL","gst-setup-list","MISSING"
"BALANCEFREIGHTSETTLEMENT","Balance Freight Settlement","","","309","309","Balance Freight Settlement ",241170007042395007,"Balance Freight Settlement","NATIVE_IR","SQL","balance-freight-settlement","MISSING"
"CHALLAN","Challan","","","311","312","Challan List",189408356128780990,"Challan List","NATIVE_IR","SQL","challan-list","MISSING"
"PAYMENTADVICE","Payment Advice","PAYMENTADVICE","PAYMENTADVICEDETAIL","314","140","Payment Advice Report",194017613650070977,"Payment Advice Report","NATIVE_IR","SQL","payment-advice-report","MISSING"
"IMPORT","Import","IMPORT","IMPORTDETAIL","316","317","Import Register",539641132128264835,"Import Register","NATIVE_IR","SQL","import-register","MISSING"
"FOOTERFORMULA","Footer Formula","FOOTERSCHEMEDETAIL","FOOTERSCHEMEDETAIL","319","320","Footer Formula List",196082810228355181,"Footer Formula List","NATIVE_IR","TABLE","footer-formula-list","MISSING"
"SAC","Sac","SAC","","322","326","SAC List",612503268491084005,"Sac List","NATIVE_IR","SQL","sac-list","PRESENT"
"PURCHASEBILLLEDGER","Purchase Bill Ledger","PURCHASEBILL","PURCHASEBILLDETAIL","327","327","PURCHASE BILL LEDGER",593666934239704869,"PURCHASE BILL LEDGER","NATIVE_IR","SQL","purchase-bill-ledger","MISSING"
"CCINVOICELEDGER","CCInvoice Ledger","CCINVOICELEDGER","CCINVOICEDETAIL","329","329","CCINVOICE LEDGER",627443024571574857,"CCINVOICE LEDGER","NATIVE_IR","SQL","ccinvoice-ledger","MISSING"
"PFANDESICSETTING","Pf And Esic Setting","PFANDESICSETTING","","331","332","PF & ESI Setting",512585355604558120,"PF & ESI Setting List","NATIVE_IR","SQL","pf-esi-setting-list","PRESENT"
"PFCHALLAN","Pf Challan","PFCHALLAN","","333","334","PF Challan",555190269535808613,"PF Challan List","NATIVE_IR","SQL","pf-challan-list","MISSING"
"CHANGEINEMPLOYEE","Change In Employee","CHANGEINEMPLOYEE","","335","336","Change In Employee List",598915441862590639,"Change In Employee","NATIVE_IR","SQL","change-in-employee","MISSING"
"RESIGNATION","Employee Separation","Resignation","","337","338","Employee Separation List",642991873717139935,"Employee Separation","NATIVE_IR","SQL","employee-separation","MISSING"
"CATEGORY","Employee Category","CATEGORY","","339","340","Employee Category",687223137208968037,"Employee Category","NATIVE_IR","SQL","employee-category","PRESENT"
"LEAVESCHEME","Leave Scheme","Leavescheme","Leaveschemedetail","341","342","Leave Scheme List",731685944754701785,"Leave Scheme","NATIVE_IR","TABLE","leave-scheme","MISSING"
"LOANRECEIPT","Loan Receipt","LOANRECEIPT","","343","344","Employee Loan Receipt",688577660486903483,"Employee Loan Receipt","NATIVE_IR","SQL","employee-loan-receipt","MISSING"
"LOANRELAXATION","Loan Relaxation","141","LOANRELAXATIONDetail","345","346","Employee Loan Relaxation",734245153677969277,"Employee Loan Relaxation","NATIVE_IR","SQL","employee-loan-relaxation","MISSING"
"ADVANCERECEIPT","Advance Receipt","ADVANCERECEIPT","ADVANCERECEIPTDETAIL","347","348","Advance Receipt List",506313811322508472,"Advance Receipt List","NATIVE_IR","TABLE","advance-receipt-list","MISSING"
"VENDOR","Vendor Master","VENDOR","","349","350","Vendor Register",627223253812804561,"Vendor List","NATIVE_IR","SQL","vendor-list","PRESENT"
"PAYMENTFOLLOWUP","Payment Followup","","","362","362","Payment Followup",44821821083098859,"Report Region","NATIVE_IR","SQL","report-region","MISSING"
"TRANSACTIONSUMMARY","Transaction Summary","","","364","364","Transactional Summary Report",51270069056927293,"Transactional Summary","NATIVE_IR","SQL","transactional-summary","MISSING"
"ITEMGRADE","Item Grade","ITEMGRADE","","366","367","Item Grade List",602895307997478548,"Item Grade List","NATIVE_IR","SQL","item-grade-list","PRESENT"
"ITEMLENGTH","Item Length","ITEMLENGTH","","368","369","Item Length List",602942157627563191,"Item Length List","NATIVE_IR","SQL","item-length-list","PRESENT"
"ITEMWIDTH","Item Width","ITEMWIDTH","","370","371","Item Width List",602994696748638546,"Item Width List","NATIVE_IR","SQL","item-width-list","PRESENT"
"ITEMTHICKNESS","Item Thickness","ITEMTHICKNESS","","372","373","Item Thickness List",603085912540729520,"Item Thickness List","NATIVE_IR","SQL","item-thickness-list","PRESENT"
"PAYMENTFOLLOWUPACTION","Payment Follow up Action","PINVOICE","","377","381","Payment Follow-up Action",57926020090864967,"Payment Follow-up Action","NATIVE_IR","SQL","payment-follow-up-action","MISSING"
"GRNPENDINGFORPB","GRN Pending for Purchase Bill","","","378","378","GRN Pending for Purchase Bill Report",59275451967807191,"Pending Purchase Bill Report","NATIVE_IR","SQL","pending-purchase-bill-report","MISSING"
"PINVOICE","Proforma Invoice","PINVOICE","PINVOICEDETAIL","382","383","Proforma Invoice Report",19829060650332680,"Proforma Invoice Report","NATIVE_IR","SQL","proforma-invoice-report","MISSING"
"TRIALBALANCE","Trial Balance","TRIALBALANCE","TRIALBALANCEDETAIL","400","400","Trial Balance",799500938229613050,"New","NATIVE_IR","SQL","new","MISSING"
"GSTINPUTREPORT","GST Input Report As per Transaction","GSTINPUTREPORT","","403","403","GST Input Report As Per Transaction",536200138419635956,"GST Input Report","NATIVE_IR","SQL","gst-input-report","MISSING"
"GSTOUTPUTREPORT","GST Output Report As Per Transaction","GSTOUTPUTREPORT","","404","404","GST Output Report As Per Transaction",556095672323672456,"GST Output Report","NATIVE_IR","SQL","gst-output-report","MISSING"
"TDSPAYBLE","TDS Payble","TDSPAYBLE","","405","405","TDS PAYBLE ",560203891137444026,"TDS PAYBLE","NATIVE_IR","SQL","tds-payble","MISSING"
"TDSRECEIVABLE","TDS Receivable","TDSRECEIVABLE","","406","406","TDS RECEIVABLE",580309016104580067,"TDS RECEIVABLE","NATIVE_IR","SQL","tds-receivable","MISSING"
"STOCKSTATEMENT","Stock Statement","","","407","407","Stock Statement",554632835197078041,"Stock Statement","NATIVE_IR","SQL","stock-statement-2","MISSING"
"PRTODB","PR TO DB","INDENT","","410","410","PR to DB",656580953359170099,"PR to DB","NATIVE_IR","SQL","pr-to-db","MISSING"
"ORDERVSDESPATCH","Order Vs Despatch","SALESORDER","","411","411","Order vs Dispatch",473474319816640358,"Order vs Dispatch Report","NATIVE_IR","SQL","order-vs-dispatch-report","MISSING"
"ORDERVSDESPATCH","Order Vs Despatch","SALESORDER","","411","411","Order vs Dispatch",59660745800184918,"Order vs Sale","NATIVE_IR","SQL","order-vs-sale","MISSING"
"BALANCESHEETREVISED","Balance Sheet","","","412","412","Balance Sheet",231280098046099036,"LIABILITIES","NATIVE_IR","SQL","liabilities","MISSING"
"BALANCESHEETREVISED","Balance Sheet","","","412","412","Balance Sheet",201062135286987207,"PROFIT AND LOSS","NATIVE_IR","SQL","profit-and-loss","MISSING"
"BALANCESHEETREVISED","Balance Sheet","","","412","412","Balance Sheet",231281668204099051,"ASSETS","NATIVE_IR","SQL","assets","MISSING"
"TRIALBALANCEPOSITION","Account Position In Trial Balance","","","413","413","Account Position in Trial Balance",235505455957637719,"Master","NATIVE_IG","SQL","master","MISSING"
"SCHEDULE","Schedule","","","414","415","Schedule Register",532191270663955582,"Schedule Register","NATIVE_IR","SQL","schedule-register","MISSING"
"PROFITANDLOSSREVISED","Profit And Loss","","","416","416","Profit And Loss",271016761985527265,"Income","NATIVE_IG","SQL","income","MISSING"
"PROFITANDLOSSREVISED","Profit And Loss","","","416","416","Profit And Loss",203325845975676320,"Expense","NATIVE_IG","SQL","expense","MISSING"
"TDSCHALLAN","TDS Challan","TDSCHALLAN","TDSCHALLANDETAIL","417","418","TDS Challan Register",488051620533507277,"Report(Material In)","NATIVE_IR","SQL","report-material-in","MISSING"
"ESICHALLAN","ESIC CHALLAN","ESICHALLAN","ESICHALLANDETAIL","419","420","ESIC Challan Register",509341019426674932,"Report ","NATIVE_IR","SQL","report","MISSING"
"STAFFTYPE","staff Type","STAFFTYPE","","601","602","Staff Type List",599665964251280510,"Staff Type List","NATIVE_IR","SQL","staff-type-list","PRESENT"
"SALARYHEAD","Salary Head","SALARYHEAD","","603","604","Salary Head List",614601337361369882,"Salary Head List","NATIVE_IR","SQL","salary-head-list","PRESENT"
"LEAVE","Leave","LEAVE","","605","606","Leave List",629656715357751485,"Leave List","NATIVE_IR","SQL","leave-list","MISSING"
"LOANCATEGORY","Loan Category","LOANCATEGORY","","607","608","Loan Category List",614771914320735980,"Loan Category List","NATIVE_IR","SQL","loan-category-list","PRESENT"
"LOANTYPE","Loan Type","LOANTYPE","","609","610","Loan Type List",629930148699266637,"Loan Type List","NATIVE_IR","SQL","loan-type-list","PRESENT"
"SALARYHEADACCOUNT","Salary Head Account","SALARYHEADACCOUNT","","611","612","Salary Head Account",645191685255985933,"Salary Head Account List","NATIVE_IR","SQL","salary-head-account-list","PRESENT"
"ATTENDENCEHEAD","Attendence Head","ATTENDENCEHEAD","","615","616","Attendence Head List",629991896040608259,"Attendence Head List","NATIVE_IR","SQL","attendence-head-list","PRESENT"
"ATTENDENCEPERIODICAL","Attendence Periodical","ATTENDENCEPERIODICAL","ATTENDENCEPERIODICALDETAIL","619","620","ATTENDENCE PERIODICAL",484714689680678250,"ATTENDENCE PERIODICAL","NATIVE_IR","SQL","attendence-periodical","MISSING"
"EMPLOYEESALARY","Employee Salary","EMPLOYEESALARY","EMPLOYEESALARYDETAIL","621","622","EMPLOYEE SALARY",455159378719756879,"EMPLOYEE SALARY","NATIVE_IR","SQL","employee-salary","MISSING"
"SALARYSCHEME","Salary Scheme","SALARYSCHEME","SALARYSCHEMEDETAIL","623","624","SALARY SCHEME",471452390089212382,"SALARY SCHEME","NATIVE_IR","TABLE","salary-scheme","MISSING"
"EMPLOYEEDEDUCTIONEARNING","Employee Deduction Earning","EMPLOYEEDEDUCTIONEARNING","EMPLOYEEDEDUCTIONEARNINGDETAIL","625","626","EMPLOYEE DEDUCTION EARNING",455599698726345221,"EMPLOYEE DEDUCTION EARNING","NATIVE_IR","SQL","employee-deduction-earning","MISSING"
"LOANSCHEME","Loan Scheme","LOANSCHEME","","627","628","LOAN SCHEME",487984740926815070,"LOAN SCHEME","NATIVE_IR","TABLE","loan-scheme","MISSING"
"ATTENDENCE","Attendence","ATTENDENCE","ATTENDENCEDETAIL","631","632","ATTENDENCE",456456000515433504,"ATTENDENCE","NATIVE_IR","SQL","attendence","MISSING"
"LEAVEREQUEST","Leave Request","LEAVEREQUEST","LEAVEREQUESTDETAIL","633","634","LEAVEREQUEST",458086823991849105,"LEAVEREQUEST","NATIVE_IR","SQL","leaverequest","MISSING"
"LOANREQUEST","Loan Request","LOANREQUEST","LOANREQUESTDETAIL","637","636","LOANREQUEST",459340066640538715,"Loan Request","NATIVE_IR","SQL","loan-request","MISSING"
"LOANSANCTION","Loan Sanction","LOANSANCTION","LOANSANCTIONDETAIL","638","639","LOANSANCTION",459951600331843233,"LOANSANCTION","NATIVE_IR","SQL","loansanction","MISSING"
"SALARY","Salary","SALARY","SALARYDETAIL","640","641","SALARY",491043708945613708,"SALARY","NATIVE_IR","SQL","salary","MISSING"
"ATTENDENCEREVISION","Attendence Revision","ATTENDENCEREVISION","ATTENDENCEREVISIONDETAIL","642","643","ATTENDENCEREVISION",503668940504410398,"AttendenceRevision","NATIVE_IR","SQL","attendencerevision","MISSING"
"VISITORINOUT","Visitor In Out","VISITORINOUT","","644","647","Visitor Gate pass Register",477376970416587842,"Visitor Gate pass Register Report","NATIVE_IR","SQL","visitor-gate-pass-register-report","MISSING"
"CONVEYANCESCHEME","Reimbursement Policy","CONVEYANCESCHEME","CONVEYANCESCHEMEDETAIL","648","649","Reimbursement Policy list",464818680658630333,"Reimbursement Policy list","NATIVE_IR","SQL","reimbursement-policy-list","PRESENT"
"TOURREQUEST","On Duty Request","TOURREQUEST","","651","652","On Duty Request List",465018788150855294,"On Duty Request List","NATIVE_IR","SQL","on-duty-request-list","MISSING"
"TRAVELINGMODE","Traveling Mode","TRAVELINGMODE","TRAVELINGMODEDETAIL","653","654","TRAVELINGMODE",532700171341251039,"TRAVELINGMODE","NATIVE_IR","SQL","travelingmode","PRESENT"
"EXPENSETYPE","Expense Type","EXPENSETYPE","","655","656","EXPENSETYPE",482695226195184534,"EXPENSETYPE","NATIVE_IR","TABLE","expensetype","MISSING"
"TOURREQUESTONSPECIALAPPROVAL","Od Request On Special Approval","TOURREQUESTONSPECIALAPPROVAL","TOURREQONSPECIALAPPROVALDETAIL","657","658","OD Request On Special Approval List",491334630131997996,"OD Request On Special Approval List","NATIVE_IR","SQL","od-request-on-special-approval-list","MISSING"
"TOUREXPENSE","Reimbursement Claim","TOUREXPENSE","","659","660","Reimbursement Claim List",465962029896663203,"Reimbursement Claim List","NATIVE_IR","SQL","reimbursement-claim-list","MISSING"
"CONVEYANCETYPE","Conveyance Type","CONVEYANCETYPE","","661","662","CONVEYANCETYPE",601787149814751071,"CONVEYANCETYPE","NATIVE_IR","TABLE","conveyancetype","MISSING"
"PARTYATTRIBUTE","Attribute","PARTYATTRIBUTE","ATTRIBUTEDETAIL","663","664","PARTYATTRIBUTE",629311064475710113,"PARTYATTRIBUTE","NATIVE_IR","TABLE","partyattribute","MISSING"
"ASSETOPENING","Asset Opening","ASSET","","665","666","Asset Opening List",485593416100137434,"Asset Opening","NATIVE_IR","SQL","asset-opening","MISSING"
"ASSETCATEGORY","Asset Category","ASSETCATEGORY","","667","668","Asset Category List",611308076690226660,"Asset Category List","NATIVE_IR","SQL","asset-category-list","PRESENT"
"ASSETSALE","Asset Sale","ASSETSALE","ASSETSALEDETAIL","669","670","Asset Sale List",516885773362388308,"Asset Opening","NATIVE_IR","SQL","asset-opening","MISSING"
"ASSETDISCARD","Asset Discard","ASSETDISCARD","ASSETDISCARDDETAIL","671","672","Asset Discard",548591116669601624,"Asset Discard","NATIVE_IR","SQL","asset-discard","MISSING"
"BANKRECONSILATION","Bank Reconsilation","","","673","673","Bank Reconsilation",471395144107817107,"Detail","NATIVE_IG","SQL","detail","MISSING"
"ASSET","Asset","ASSET","ASSETDETAIL","674","675","Asset List",518296319056504563,"Asset","NATIVE_IR","SQL","asset","PRESENT"
"DEPRECIATION","Depreciation","DEPRECIATION","DEPRECIATIONDETAIL","676","677","Depreciation List",472523031821017077,"Depreciation List","NATIVE_IR","SQL","depreciation-list","MISSING"
"ASSETCATEGORYDEPRATE","Asset Category Depriciation Rate","ASSETCATEGORYDEPRATE","","678","679","Asset Category Depreciation Rate List",473310978527248385,"Asset Category Depreciation Rate List","NATIVE_IR","SQL","asset-category-depreciation-rate-list","PRESENT"
"FIXEDASSETS","Fixed Assets","","","680","680","Fixed Assets",473319880687353380,"Fixed Assets","NATIVE_IG","SQL","fixed-assets","MISSING"
"SALARYVOUCHER","Salary Voucher","SALARYVOUCHER","salaryvoucherdetail","681","682","Salary Voucher List",480034596034426123,"Salary Voucher List","NATIVE_IR","SQL","salary-voucher-list","MISSING"
"SALARYPAYMENTADVICE","Salary Payment Advice","SALARYPAYMENTADVICE","SALARYPAYMENTADVICE","683","684","Salary Payment Advice List",480438569233038815,"Salary Payment Advice List","NATIVE_IR","SQL","salary-payment-advice-list","MISSING"
"HOLDSALARY","Hold Salary","HOLDSALARY","","685","686","Hold Salary List",482232375177012831,"Hold Salary List","NATIVE_IR","SQL","hold-salary-list","MISSING"
"UNHOLDSALARY","Unhold Salary","UNHOLDSALARY","","687","688","Un-Hold Salary list",483019373770074957,"Un-Hold Salary list","NATIVE_IR","SQL","un-hold-salary-list","MISSING"
"OPENINGLEAVE","Opening Leave","OPENINGLEAVE","OpeingLeavedetail","689","690","Opening Leave List",485122376786622092,"Opening Leave List","NATIVE_IR","SQL","opening-leave-list","MISSING"
"ASSETTRANSFER","Asset Transfer","ASSETTRANSFER","ASSETTRANSFERDETAIL","691","692","Asset Transfer List",487625767753841617,"Asset Transfer List","NATIVE_IR","SQL","asset-transfer-list","MISSING"
"OPENINGLOAN","Opening Loan","OpeningLoan","OpeningLoanDetail","693","694","Opening Loan list",488091905783777899,"Opening Loan list","NATIVE_IR","SQL","opening-loan-list","MISSING"
"FULLANDFINAL","Employee Full And Final","FULLANDFINAL","null","695","696","Full and Final List",488227292182126200,"Full and Final List","NATIVE_IR","SQL","full-and-final-list","MISSING"
"SALESENQUIRY","Sales Enquiry","SalesEnquiry","SalesEnquiryDetail","701","702","Sales Enquiry List",231408634368176212,"Sales Enquiry List","NATIVE_IR","SQL","sales-enquiry-list","MISSING"
"SALESQUOTATION","Sales Quotation","SalesQuotation","SalesQuotationDetail","704","705","Sales Quotation List",232021330335737131,"Sales Quotation List","NATIVE_IR","SQL","sales-quotation-list","MISSING"
"ENQUIRY","Purchase Enquiry","ENQUIRY","","707","708","Enquiry Register",416786540566841742,"Enquiry Report","NATIVE_IR","SQL","enquiry-report","MISSING"
"QUOTATION","Purchase Quotation","QUOTATION","QUOTATIONDETAIL","709","710","Quotation Register",439473576294649698,"Quotation Report","NATIVE_IR","SQL","quotation-report","MISSING"
"COMPARATIVESTATEMENT","Comparative Statement","COMPARATIVESTATEMENT","COMPARATIVESTATEMENTDETAIL","711","712","Comparative Statement Register",462028200917989297,"Comparative Statement Report","NATIVE_IR","SQL","comparative-statement-report","MISSING"
"RATECONTRACT","Rate Contract","RATECONTRACT","RATECONTRACTDETAIL","713","714","Rate Contract List",238367991065946931,"Rate Contrat List","NATIVE_IR","SQL","rate-contrat-list","MISSING"
"PROCESSROUTING","Process Routing","PROCESSROUTING","","715","716","Process Routing List",816442739666198281,"Process Routing Master","NATIVE_IR","SQL","process-routing-master","PRESENT"
"PROCESSTAT","Process TAT","PROCESSTAT","","717","718","Process TAT List",824895409028951852,"Process TAT Master","NATIVE_IR","SQL","process-tat-master","PRESENT"
"PROCESSESCALATION","Process Escalation","PROCESSESCALATION","","719","720","Process Escalation List",239548576856168817,"Process Escalation List","NATIVE_IR","TABLE","process-escalation-list","MISSING"
