"PAGE_ID","PAGE_NAME","PAGE_ALIAS","REGION_NAME","REGION_TYPE"
3,"Company","COMPANY","Company","NATIVE_IR"
4,"Company Master","COMPANY-MASTER","Attributes","NATIVE_IR"
6,"On The table","ON-THE-TABLE1","Search Results","NATIVE_SQL_REPORT"
7,"City List","CITY-LIST","City List","NATIVE_IR"
10,"Item Ledger","ITEM-LEDGER","Item Ledger","NATIVE_IG"
11,"Account Ledger ","ACCOUNT-LEDGER","New","NATIVE_IR"
13,"Item Specification Master","ITEM-SPECIFICATION-MASTER","Item Specification Detail","NATIVE_IG"
17,"Step 4","STEP-4","Step 4","NATIVE_IR"
20,"Item Specification List","ITEM-SPECIFICATION-LIST","Item Specification List","NATIVE_IR"
21,"Doctype List","DOCTYPE-LIST","Doctype List","NATIVE_IR"
24,"Location List","LOCATION-MASTER","Location Master","NATIVE_IR"
25,"Location Master","LOCATION-MASTER1","Location Detail","NATIVE_IR"
25,"Location Master","LOCATION-MASTER1","Attachment","NATIVE_IR"
27,"Financialyear List","FINANCIALYEAR-LIST","Financialyear List","NATIVE_IR"
29,"TDS Nature","TDS-NATURE","TDS Nature","NATIVE_IR"
31,"TDS Tax Category List","TDS-TAX-CATEGORY-LIST","TDS Tax Category List","NATIVE_IR"
32,"TDS Tax Category Master","TDS-TAX-CATEGORY-MASTER","Detail","NATIVE_IG"
33,"TDS Payee Category List","TDS-PAYEE-CATEGORY-LIST","TDS Payee Category List","NATIVE_IR"
35,"Employee","EMPLOYEE","Employee List","NATIVE_IR"
36,"Item Group List","ITEM-TYPE-LIST","Item Group List","NATIVE_IR"
38,"Loan Sanction","","Loan Sanction","NATIVE_IR"
40,"Code Scheme","CODE-SCHEME","Code Scheme","NATIVE_IG"
40,"Code Scheme","CODE-SCHEME","Detail","NATIVE_IG"
41,"Code Scheme Master Report","CODE-SCHEME-MASTER-REPORT","Code Scheme Master Report","NATIVE_IR"
43,"Module Group List","MODULE-GROUP-LIST","Module Group List","NATIVE_IR"
45,"Module Group Change","MODULE-GROUP-CHANGE","Module","NATIVE_IG"
46,"HSN List","HSN-LIST","Hsn List","NATIVE_IR"
48,"Account Master","ACCOUNT-MASTER","Account Master Report","NATIVE_IR"
49,"Account Master","ACCOUNT-MASTER1","Packing (Depo Only)","NATIVE_IG"
49,"Account Master","ACCOUNT-MASTER1","Transporter","NATIVE_IG"
49,"Account Master","ACCOUNT-MASTER1","Depot","NATIVE_IG"
49,"Account Master","ACCOUNT-MASTER1","Attributes","NATIVE_IR"
49,"Account Master","ACCOUNT-MASTER1","Policy","NATIVE_IG"
49,"Account Master","ACCOUNT-MASTER1","Depriciation","NATIVE_IG"
49,"Account Master","ACCOUNT-MASTER1","Company","NATIVE_IG"
49,"Account Master","ACCOUNT-MASTER1","Bank","NATIVE_IG"
49,"Account Master","ACCOUNT-MASTER1","Attachment","NATIVE_IR"
49,"Account Master","ACCOUNT-MASTER1","Ship To Address","NATIVE_IG"
50,"Measuring Unit List","MEASURING-UNIT-LIST","Measuring Unit List","NATIVE_IR"
52,"Item Characteristics List","ITEM-CHARACTERISTICS-LIST","Item Characteristics List","NATIVE_IR"
53,"Item Characteristics Master","ITEM-CHARACTERISTICS-MASTER","Detail","NATIVE_IG"
54,"Item Category List","ITEM-CATEGORY-LIST","Item Category List","NATIVE_IR"
56,"Industry Sector List","INDUSTRY-SECTOR-LIST","Industry Sector List","NATIVE_IR"
58,"Item Master List","ITEM-MASTER-LIST","Filter","NATIVE_STATIC"
58,"Item Master List","ITEM-MASTER-LIST","Item Master","NATIVE_IR"
59,"Item Master","ITEM-MASTER","DETAIL","NATIVE_IG"
59,"Item Master","ITEM-MASTER","Characteristics","NATIVE_IG"
60,"Item Class List","ITEM-CLASS-LIST","Item Class List","NATIVE_IR"
64,"Item Nature List","ITEM-NATURE-LIST","Item Nature List","NATIVE_IR"
66,"Account Opening List","ACCOUNT-OPENING-LIST","Account Opening List","NATIVE_IR"
68,"Material In Register","MATERIAL-IN-REGISTER","Filter","NATIVE_STATIC"
68,"Material In Register","MATERIAL-IN-REGISTER","Report(Material In)","NATIVE_IR"
69,"Material In","MATERIAL-IN","Detail","NATIVE_IG"
69,"Material In","MATERIAL-IN","EquipmentDetail","NATIVE_IG"
69,"Material In","MATERIAL-IN","Personal Belonging","NATIVE_IG"
69,"Material In","MATERIAL-IN","Attachment","NATIVE_IR"
70,"Party Type List","PARTY-TYPE-LIST","Party Type List","NATIVE_IR"
72,"Packing Type List","PACKING-TYPE-LIST","Packing Type List","NATIVE_IR"
74,"Module Doc Type List","MODULE-DOC-TYPE-LIST","Module Doc Type List","NATIVE_IR"
75,"Module Doc Type Master","MODULE-DOC-TYPE-MASTER","Detail","NATIVE_IG"
76,"Module Location List","MODULE-LOCATION-LIST","Module Location List","NATIVE_IR"
77,"Module Location Master","MODULE-LOCATION-MASTER","Detail","NATIVE_IG"
78,"Freight Type List","FREIGHT-TYPE-LIST","Freight Type List","NATIVE_IR"
80,"BOSS User List","BOSS-USER-LIST","BOSS User List","NATIVE_IR"
81,"BOSS User Master","BOSS-USER-MASTER","Detail","NATIVE_IG"
82,"Department List","DEPARTMENT-LIST","Department List","NATIVE_IR"
84,"Employee List","EMPLOYEE-LIST","Filter","NATIVE_STATIC"
84,"Employee List","EMPLOYEE-LIST","Employee List","NATIVE_IR"
85,"Employee Master","EMPLOYEE-MASTER1","Photo","NATIVE_IR"
85,"Employee Master","EMPLOYEE-MASTER1","Detail","NATIVE_IG"
85,"Employee Master","EMPLOYEE-MASTER1","Qualification","NATIVE_IG"
85,"Employee Master","EMPLOYEE-MASTER1","Experience","NATIVE_IG"
85,"Employee Master","EMPLOYEE-MASTER1","References","NATIVE_IG"
85,"Employee Master","EMPLOYEE-MASTER1","Loan Account","NATIVE_IG"
85,"Employee Master","EMPLOYEE-MASTER1","Family","NATIVE_IG"
85,"Employee Master","EMPLOYEE-MASTER1","Attachment","NATIVE_IR"
85,"Employee Master","EMPLOYEE-MASTER1","Earned Salary","NATIVE_IG"
85,"Employee Master","EMPLOYEE-MASTER1","Changes","NATIVE_IG"
86,"Designation List","DESIGNATION-LIST","Designation List","NATIVE_IR"
88,"Vehicle Type List","VEHICLE-TYPE-LIST","Vehicle Type List","NATIVE_IR"
90,"Company Vehicle List","COMPANY-VEHICLE-LIST","Company Vehicle List","NATIVE_IR"
92,"Footer Account List","FOOTER-ACCOUNT-LIST","Footer Account List","NATIVE_IR"
94,"Service Type List","JOB-TYPE-LIST","Service Type List","NATIVE_IR"
96,"Group Of Party List","GROUP-OF-PARTY-LIST","Group Of Party List","NATIVE_IR"
97,"Group Of Party Master","GROUP-OF-PARTY-MASTER","Detail","NATIVE_IG"
98,"Service Type Account List","JOB-TYPE-ACCOUNT-LIST","Service Type Account List","NATIVE_IR"
100,"item specification master copy","ITEM-SPECIFICATION-MASTER-COPY","Itemsp","NATIVE_IG"
101,"Footer Head List","FOOTER-HEAD-LIST","Footer Head List","NATIVE_IR"
103,"Employee List","EMPLOYEE-LIST1","Employee List","NATIVE_IR"
105,"Item Make List","ITEM-MAKE-LIST","Item Make List","NATIVE_IR"
107,"Indent Register","INDENT-REGISTER","Filter","NATIVE_STATIC"
107,"Indent Register","INDENT-REGISTER","Indent Register Report","NATIVE_IR"
108,"Indent","INDENT","Item Detail","NATIVE_IG"
108,"Indent","INDENT","IndentDetailQuality","NATIVE_IG"
108,"Indent","INDENT","Attachment","NATIVE_IR"
109,"My Parameter List","MY-PARAMETER-LIST","My Parameter List","NATIVE_IR"
111,"Quality List","QUALITY-LIST","Quality List","NATIVE_IR"
113,"Quality Type List","QUALITY-TYPE-LIST","Quality Type List","NATIVE_IR"
115,"Item Quality List","ITEM-QUALITY-LIST","Item Quality List","NATIVE_IR"
117,"Purchase Order List","PURCHASE-ORDER-LIST","Filter","NATIVE_STATIC"
117,"Purchase Order List","PURCHASE-ORDER-LIST","Purchase Order Report","NATIVE_IR"
118,"Purchase Order","PURCHASE-ORDER","Detail","NATIVE_IG"
118,"Purchase Order","PURCHASE-ORDER","Terms and Conditions","NATIVE_IG"
118,"Purchase Order","PURCHASE-ORDER","FooterDetail","NATIVE_IG"
118,"Purchase Order","PURCHASE-ORDER","Special Note","NATIVE_IG"
118,"Purchase Order","PURCHASE-ORDER","Attachment","NATIVE_IR"
119,"Cost Centre List","COST-CENTRE-LIST","Cost Centre List","NATIVE_IR"
121,"Currency Unit List","CURRENCY-UNIT-LIST","Currency Unit List","NATIVE_IR"
123,"Bank List","BANK-LIST","Bank List","NATIVE_IR"
125,"Account Day Book","ACCOUNT-DAY-BOOK","Account Day Book","NATIVE_IR"
126,"On The table","ON-THE-TABLE","Search Results","NATIVE_SQL_REPORT"
127,"Storage Location List","STORAGE-LOCATION-LIST","Storage Location List","NATIVE_IR"
129,"Requisition Register","REQUISITION-REGISTER","Filter","NATIVE_STATIC"
129,"Requisition Register","REQUISITION-REGISTER","Material Requisition Register","NATIVE_IR"
130,"Requisition Master","REQUISITION-MASTER","Requisition Detail","NATIVE_IG"
130,"Requisition Master","REQUISITION-MASTER","Attachment","NATIVE_IR"
130,"Requisition Master","REQUISITION-MASTER","Requisition Cost Centre","NATIVE_IG"
131,"Get API Data","GET-API-DATA","New","NATIVE_IG"
132,"Weighment  List","WEIGHMENT-LIST","Weighment  List","NATIVE_IR"
134,"E-Invoice Report","E-INVOICE-REPORT","E-Invoice Report","NATIVE_IR"
135,"User Privilege","USER-PRIVILEGE","User Privilege","NATIVE_IR"
137,"Issue Register","ISSUE-REGISTER","Filter","NATIVE_STATIC"
137,"Issue Register","ISSUE-REGISTER","Material Issue Report","NATIVE_IR"
138,"Issue","ISSUE-MASTER","Issue Detail","NATIVE_IG"
138,"Issue","ISSUE-MASTER","Issue Cost Centre","NATIVE_IG"
138,"Issue","ISSUE-MASTER","Attachment","NATIVE_IR"
138,"Issue","ISSUE-MASTER","Issue Stock Detail","NATIVE_IG"
139,"Payment Advice Register","PAYMENT-ADVICE-REGISTER","Filter","NATIVE_STATIC"
139,"Payment Advice Register","PAYMENT-ADVICE-REGISTER","New","NATIVE_IR"
140,"Payment Advice","PAYMENT-ADVICE-MASTER","Payment Advice Reference","NATIVE_IG"
140,"Payment Advice","PAYMENT-ADVICE-MASTER","Attachment","NATIVE_IR"
141,"Stock  Division Wise","STOCK-DIVISION-WISE","Stock  Division Wise","NATIVE_IR"
142,"Purchase Bill Register","PURCHASE-BILL-REGISTER","Filter","NATIVE_STATIC"
142,"Purchase Bill Register","PURCHASE-BILL-REGISTER","Purchase Bill Register Report","NATIVE_IR"
143,"Purchase Bill","PURCHASE-BILL","DetailFooter","NATIVE_IG"
143,"Purchase Bill","PURCHASE-BILL","GRNSelection1","NATIVE_IG"
143,"Purchase Bill","PURCHASE-BILL","Detail","NATIVE_IG"
143,"Purchase Bill","PURCHASE-BILL","GRN","NATIVE_IG"
143,"Purchase Bill","PURCHASE-BILL","Terms & Conditions","NATIVE_IG"
143,"Purchase Bill","PURCHASE-BILL","Attachment","NATIVE_IR"
144,"Stock Storage Location Wise","STOCK-STORAGE-LOCATION-WISE","Stock Stock Storage Location Wise","NATIVE_IR"
145,"GRN Register","GRN-REGISTER","Filter","NATIVE_STATIC"
145,"GRN Register","GRN-REGISTER","GRN Report","NATIVE_IR"
146,"GRN","GRN","GrnDetail","NATIVE_IG"
146,"GRN","GRN","EQ","NATIVE_IG"
146,"GRN","GRN","DetailStorage","NATIVE_IG"
146,"GRN","GRN","StockStorageDetail","NATIVE_IG"
146,"GRN","GRN","GrnJob","NATIVE_IG"
146,"GRN","GRN","Attachment","NATIVE_IR"
147,"PO Amendment Register","PO-AMENDMENT-REGISTER","PO Amendment Register","NATIVE_STATIC"
147,"PO Amendment Register","PO-AMENDMENT-REGISTER","PO Amendment","NATIVE_IR"
148,"PO Amendment","PO-AMENDMENT-MASTER","Detail","NATIVE_IG"
148,"PO Amendment","PO-AMENDMENT-MASTER","Footer Detail","NATIVE_IG"
148,"PO Amendment","PO-AMENDMENT-MASTER","Terms and Conditions","NATIVE_IG"
148,"PO Amendment","PO-AMENDMENT-MASTER","Quality Detail","NATIVE_IG"
148,"PO Amendment","PO-AMENDMENT-MASTER","Special Note","NATIVE_IG"
148,"PO Amendment","PO-AMENDMENT-MASTER","Attachment","NATIVE_IR"
149,"Issue Return List","ISSUE-RETURN-LIST","Filter","NATIVE_STATIC"
149,"Issue Return List","ISSUE-RETURN-LIST","Issue Return List","NATIVE_IR"
150,"Issue Return Master","ISSUE-RETURN-MASTER","Issue Return Detail","NATIVE_IG"
150,"Issue Return Master","ISSUE-RETURN-MASTER","Issue Return Cost Centre","NATIVE_IG"
150,"Issue Return Master","ISSUE-RETURN-MASTER","Issue Return Stock Detail","NATIVE_IG"
150,"Issue Return Master","ISSUE-RETURN-MASTER","Attachment","NATIVE_IR"
151,"Purchase Bill Pass Register","PURCHASE-BILL-PASS-REGISTER","Filter","NATIVE_STATIC"
151,"Purchase Bill Pass Register","PURCHASE-BILL-PASS-REGISTER","Purchase Bill Pass Register Report","NATIVE_IR"
152,"Purchase Bill Pass","PURCHASE-BILL-PASS","PBPassDetailGrn","NATIVE_IG"
152,"Purchase Bill Pass","PURCHASE-BILL-PASS","Detail","NATIVE_IG"
152,"Purchase Bill Pass","PURCHASE-BILL-PASS","DetailFooter","NATIVE_IG"
152,"Purchase Bill Pass","PURCHASE-BILL-PASS","Attachment","NATIVE_IR"
152,"Purchase Bill Pass","PURCHASE-BILL-PASS","PaidInAdvance","NATIVE_IG"
152,"Purchase Bill Pass","PURCHASE-BILL-PASS","TDS","NATIVE_IG"
152,"Purchase Bill Pass","PURCHASE-BILL-PASS","PBPassTDSDeductedInAdvance","NATIVE_IG"
153,"Voucher List","VOUCHER-LIST","Filter","NATIVE_STATIC"
153,"Voucher List","VOUCHER-LIST","Voucher Detail List","NATIVE_IG"
154,"Loading Advice List","LOADING-ADVICE-LIST","Filter","NATIVE_STATIC"
154,"Loading Advice List","LOADING-ADVICE-LIST","Loading Advice List","NATIVE_IR"
155,"Loading Advice","LOADING-ADVICE","Detail","NATIVE_IG"
156,"Voucher","VOUCHER","Voucher Detail","NATIVE_IG"
156,"Voucher","VOUCHER","Voucher Created Automatically","NATIVE_IG"
156,"Voucher","VOUCHER","Cost Centre","NATIVE_IG"
156,"Voucher","VOUCHER","Reference","NATIVE_IG"
158,"Debit Note List","DEBIT-NOTE-LIST","FILTER","NATIVE_STATIC"
158,"Debit Note List","DEBIT-NOTE-LIST","Debit Note List","NATIVE_IR"
159,"Debit Note","DEBIT-NOTE","Detail","NATIVE_IG"
159,"Debit Note","DEBIT-NOTE","Footer","NATIVE_IG"
159,"Debit Note","DEBIT-NOTE","Terms and Condition","NATIVE_IG"
159,"Debit Note","DEBIT-NOTE","Detail Footer","NATIVE_IG"
159,"Debit Note","DEBIT-NOTE","Stock Detail","NATIVE_IG"
160,"Despatch Advice Register","DESPATCH-ADVICE-REGISTER","Filter","NATIVE_STATIC"
160,"Despatch Advice Register","DESPATCH-ADVICE-REGISTER","Dispatch Advice Register Report","NATIVE_IR"
161,"Despatch Advice","DESPATCH-ADVICE","Item Detail","NATIVE_IG"
162,"Work Flow","WORK-FLOW","Work Flow","NATIVE_IG"
164,"Status","STATUS","New","NATIVE_IG"
165,"Credit Note List","CREDIT-NOTE-LIST","Filter","NATIVE_STATIC"
165,"Credit Note List","CREDIT-NOTE-LIST","Report","NATIVE_IR"
166,"Credit Note","CREDIT-NOTE","Credit Note Detail","NATIVE_IG"
166,"Credit Note","CREDIT-NOTE","Footer","NATIVE_IG"
166,"Credit Note","CREDIT-NOTE","Terms and Condition","NATIVE_IG"
166,"Credit Note","CREDIT-NOTE","Detail Footer","NATIVE_IG"
167,"Material Out Register","MATERIAL-OUT-REGISTER","Filter","NATIVE_STATIC"
167,"Material Out Register","MATERIAL-OUT-REGISTER","Material Out Register","NATIVE_IR"
168,"Material Out","MATERIAL-OUT","Item Detail","NATIVE_IG"
169,"Pending Despatch Advice","PENDING-DESPATCH-ADVICE","Pending Despatch Advice","NATIVE_IG"
170,"Sales Order Register","SALES-ORDER-REGISTER","Filter","NATIVE_STATIC"
170,"Sales Order Register","SALES-ORDER-REGISTER","Sales Order Register","NATIVE_IR"
171,"Sales Order","SALES-ORDER","Detail","NATIVE_IG"
171,"Sales Order","SALES-ORDER","FooterDetail","NATIVE_IG"
171,"Sales Order","SALES-ORDER","Terms and Conditions","NATIVE_IG"
171,"Sales Order","SALES-ORDER","Special Note","NATIVE_IG"
171,"Sales Order","SALES-ORDER","Attachment","NATIVE_IR"
171,"Sales Order","SALES-ORDER","Revision","NATIVE_IG"
172,"Terms & Condistion HeadList","TERMS-CONDISTION-HEADLIST","Terms & Condistion HeadList","NATIVE_IR"
173,"Terms & Condition","TERMS-CONDITION","Detail","NATIVE_IG"
174,"CC Invoice Register","CC-INVOICE-REGISTER","CC Invoice Register","NATIVE_STATIC"
174,"CC Invoice Register","CC-INVOICE-REGISTER","CC Invoice Register Report","NATIVE_IR"
175,"CCInvoice","CCINVOICE","Item Detail","NATIVE_IG"
175,"CCInvoice","CCINVOICE","Detail Footer","NATIVE_IG"
175,"CCInvoice","CCINVOICE","Stock  Detail","NATIVE_IG"
175,"CCInvoice","CCINVOICE","CCInvoice Job","NATIVE_IG"
175,"CCInvoice","CCINVOICE","Advancereceipt","NATIVE_IG"
175,"CCInvoice","CCINVOICE","Footer","NATIVE_IG"
175,"CCInvoice","CCINVOICE","Terms And Conditions","NATIVE_IG"
176,"Tax Rule List","TAX-RULE-LIST","Tax Rule List","NATIVE_IR"
177,"Tax Rule","TAX-RULE","Footer Detail","NATIVE_IG"
177,"Tax Rule","TAX-RULE","Tax Rule Detail","NATIVE_IG"
177,"Tax Rule","TAX-RULE","HSN Detail","NATIVE_IG"
177,"Tax Rule","TAX-RULE","SAC Detail","NATIVE_IG"
178,"Service Order List","JOB-ORDER-LIST","Filter","NATIVE_STATIC"
178,"Service Order List","JOB-ORDER-LIST","Job Order List","NATIVE_IR"
179,"Service Order","JOB-ORDER","Detail","NATIVE_IG"
179,"Service Order","JOB-ORDER","Terms and condition","NATIVE_IG"
179,"Service Order","JOB-ORDER","Footer Detail","NATIVE_IG"
179,"Service Order","JOB-ORDER","Attachment","NATIVE_IR"
180,"Kitting Unkitting","KITTING-UNKITTING1","Kitting Unkitting","NATIVE_IR"
181,"Kitting Unkitting","KITTING-UNKITTING","Raw Stock","NATIVE_IG"
181,"Kitting Unkitting","KITTING-UNKITTING","Stock Finished","NATIVE_IG"
181,"Kitting Unkitting","KITTING-UNKITTING","Raw Stock Detail","NATIVE_IG"
181,"Kitting Unkitting","KITTING-UNKITTING","Stock Finished Details","NATIVE_IG"
182,"E-Invoice","E-INVOICE","E-Invoice","NATIVE_IG"
183,"Sales GRN List","SALES-GRN-LIST","Filter","NATIVE_STATIC"
183,"Sales GRN List","SALES-GRN-LIST","Sales GRN List","NATIVE_IR"
184,"Sales GRN","SALES-GRN","StockDetail","NATIVE_IG"
184,"Sales GRN","SALES-GRN","FooterDetail","NATIVE_IG"
184,"Sales GRN","SALES-GRN","Detail","NATIVE_IG"
185,"Pending  Invoice For Sales GRN","PENDING-INVOICE-FOR-SALES-GRN","PendingCCinvoice","NATIVE_IG"
186,"Stock Transfer","STOCK-TRANSFER1","Stock Transfer","NATIVE_IR"
187,"Stock Transfer","STOCK-TRANSFER","DETAIL","NATIVE_IG"
187,"Stock Transfer","STOCK-TRANSFER","Stock  Detail","NATIVE_IG"
189,"GRN","GRN1","GrnDetail","NATIVE_IG"
189,"GRN","GRN1","EQ","NATIVE_IG"
189,"GRN","GRN1","DetailStorage","NATIVE_IG"
189,"GRN","GRN1","StockStorageDetail","NATIVE_IG"
189,"GRN","GRN1","GrnJob","NATIVE_IG"
189,"GRN","GRN1","Attachment&nbsp&nbsp&nbsp&nbsp&nbsp&nbsp&nbsp&nbsp","NATIVE_IR"
190,"Bill Receipt","BILL-RECEIPT1","Bill Receipt Register Report","NATIVE_IR"
191,"Bill Receipt","BILL-RECEIPT","Detail","NATIVE_IG"
191,"Bill Receipt","BILL-RECEIPT","Penalty","NATIVE_IG"
192," Item Opening List","ITEM-OPENING-LIST","Filter","NATIVE_STATIC"
192," Item Opening List","ITEM-OPENING-LIST","Item Opening List","NATIVE_IR"
194,"Gate Pass Register","GATE-PASS-REGISTER","Filter","NATIVE_STATIC"
194,"Gate Pass Register","GATE-PASS-REGISTER","Gate Pass Register Report","NATIVE_IR"
195,"Gate Pass","GATE-PASS","Detail","NATIVE_IG"
195,"Gate Pass","GATE-PASS","Stock Detail","NATIVE_IG"
195,"Gate Pass","GATE-PASS","Attachment","NATIVE_IR"
196,"Production List","PRODUCTION-LIST","Production","NATIVE_STATIC"
196,"Production List","PRODUCTION-LIST","Production List","NATIVE_IR"
197,"PRODUCTION","PRODUCTION","Production Raw Stock Detail","NATIVE_IG"
197,"PRODUCTION","PRODUCTION","Input Detail","NATIVE_IG"
197,"PRODUCTION","PRODUCTION","OutPut Detail","NATIVE_IG"
197,"PRODUCTION","PRODUCTION","productionfinisheddetail","NATIVE_IG"
198,"Freight Advice List","FREIGHT-ADVICE-LIST","Filter","NATIVE_STATIC"
198,"Freight Advice List","FREIGHT-ADVICE-LIST","Freight Advice List","NATIVE_IR"
199,"Freight Advice","FREIGHT-ADVICE","Detail Footer","NATIVE_IG"
199,"Freight Advice","FREIGHT-ADVICE","GRNSelection1","NATIVE_IG"
199,"Freight Advice","FREIGHT-ADVICE","Detail","NATIVE_IG"
199,"Freight Advice","FREIGHT-ADVICE","Master Footer ","NATIVE_IG"
201,"BOM List","BOM-LIST","Filter","NATIVE_STATIC"
201,"BOM List","BOM-LIST","BOM List","NATIVE_IR"
202,"BOM","BOM","Detail","NATIVE_IG"
203,"Shift List","SHIFT-LIST","Shift List","NATIVE_IR"
205,"Production Centre List","PRODUCTION-CENTRE-LIST","Production Centre List","NATIVE_IR"
207,"Reverse Charge Register","REVERSE-CHARGE-REGISTER","Reverse Charge List","NATIVE_IR"
208,"Reverse Charge","REVERSE-CHARGE1","Detail Footer","NATIVE_IG"
208,"Reverse Charge","REVERSE-CHARGE1","Detail","NATIVE_IG"
209,"Item Account List","ITEMACCOUNT-REPORT","Item Account List","NATIVE_IR"
210,"Payable/Receivable Aging Report","PAYABLE-RECEIVABLE-AGING-REPORT","Creditors Aging Report","NATIVE_IR"
212,"Service Bill Register","JOB-BILL-REGISTER","Service Bill Register","NATIVE_STATIC"
212,"Service Bill Register","JOB-BILL-REGISTER","Job Bill Register Report","NATIVE_IR"
213,"Service Bill","JOB-BILL","Detail","NATIVE_IG"
213,"Service Bill","JOB-BILL","FooterDetail","NATIVE_IG"
213,"Service Bill","JOB-BILL","Footer","NATIVE_IG"
213,"Service Bill","JOB-BILL","ServiceBillJOBCCInvoice","NATIVE_IG"
213,"Service Bill","JOB-BILL","ServiceBillJOBGRN","NATIVE_IG"
213,"Service Bill","JOB-BILL","ServiceBILLJOBPRODUCTIONDETAIL","NATIVE_IG"
214,"Agent Commision Rate List","AGENT-COMMISION-RATE-LIST","Agent Commision Rate List","NATIVE_IR"
215,"Agent Commision Rate","AGENT-COMMISION-RATE","Detail","NATIVE_IG"
216,"Sale Incentive Rate Register","SALE-INCENTIVE-RATE-REGISTER","Sale Incentive Rate Register","NATIVE_IR"
217,"Sale Incentive Rate","SALE-INCENTIVE-RATE","Rate Detail","NATIVE_IG"
218,"HAR_SALEINCENTIVERATE","HAR-SALEINCENTIVERATE","Sales Incentive Detail","NATIVE_IG"
219,"Creditors Aging Detail Report","CREDITORS-AGING-DETAIL-REPORT1","Payable/Receivable Ageing Detail Report","NATIVE_IR"
220,"Service Bill Pass Register","JOB-BILL-PASS-REGISTER","Service Bill Pass Register","NATIVE_STATIC"
220,"Service Bill Pass Register","JOB-BILL-PASS-REGISTER","Service Bill Pass Register Report","NATIVE_IR"
221,"Service Bill Pass","JOB-BILL-PASS","Detail","NATIVE_IG"
221,"Service Bill Pass","JOB-BILL-PASS","Footer","NATIVE_IG"
221,"Service Bill Pass","JOB-BILL-PASS","FooterDetail","NATIVE_IG"
221,"Service Bill Pass","JOB-BILL-PASS","TDS","NATIVE_IG"
221,"Service Bill Pass","JOB-BILL-PASS","JBPASSJOBCCINVOICE","NATIVE_IG"
221,"Service Bill Pass","JOB-BILL-PASS","JBPASSJOBGRN","NATIVE_IG"
221,"Service Bill Pass","JOB-BILL-PASS","JBPASSJOBPRODUCTIONDETAIL","NATIVE_IG"
222,"MRN List","MRN-LIST","Filter","NATIVE_STATIC"
222,"MRN List","MRN-LIST","MRN List","NATIVE_IR"
223,"MRN","MRN","Detail","NATIVE_IG"
224,"Module Wise TAC List","MODULE-WISE-TAC-LIST","Module Wise TAC List","NATIVE_IR"
225,"Module Wise TAC","MODULE-WISE-TAC","Detail","NATIVE_IG"
226,"Show Blob_1","SHOW-BLOB-1","Show Blob","NATIVE_IR"
227,"Outstanding Bills More Than 180 Days","OUTSTANDING-BILLS-MORE-THAN-180-DAYS","Outstanding Bills More Than 180 Days","NATIVE_IR"
227,"Outstanding Bills More Than 180 Days","OUTSTANDING-BILLS-MORE-THAN-180-DAYS","Age Wise Summary","NATIVE_IR"
228,"640","","640","NATIVE_IR"
229,"GSTR1 Register","GSTR1-REGISTER","GSTR1 Register","NATIVE_IR"
230,"GSTR1","GSTR1","Transaction","NATIVE_IR"
230,"GSTR1","GSTR1","B2B","NATIVE_IG"
230,"GSTR1","GSTR1","B2CL","NATIVE_IG"
230,"GSTR1","GSTR1","B2CS","NATIVE_IG"
230,"GSTR1","GSTR1","B2CS-MODULEWISE","NATIVE_IG"
230,"GSTR1","GSTR1","GSTR1CDNR","NATIVE_IG"
230,"GSTR1","GSTR1","GSTR1CDNUR","NATIVE_IG"
230,"GSTR1","GSTR1","EXP","NATIVE_IG"
230,"GSTR1","GSTR1","AT Modulewise","NATIVE_IG"
230,"GSTR1","GSTR1","AT","NATIVE_IG"
230,"GSTR1","GSTR1","ATADJ Modulewise","NATIVE_IG"
230,"GSTR1","GSTR1","ATADJ","NATIVE_IG"
230,"GSTR1","GSTR1","EXEMP Modulewise","NATIVE_IG"
230,"GSTR1","GSTR1","EXEMP","NATIVE_IG"
230,"GSTR1","GSTR1","HSN Modulewise","NATIVE_IG"
230,"GSTR1","GSTR1","HSN","NATIVE_IG"
230,"GSTR1","GSTR1","DOCS","NATIVE_IG"
231,"GST Input Report As Per Voucher","GST-INPUT-REPORT-AS-PER-VOUCHER","GST Input Report","NATIVE_IR"
232,"User Privilege Location","USER-PRIVILEGE-LOCATION","User Privilege Location","NATIVE_IG"
233,"GST Output Report As Per Voucher","GST-OUTPUT-REPORT-AS-PER-VOUCHER","GST Output Report","NATIVE_IR"
234,"User Privilege Department","USER-PRIVILEGE-DEPARTMENT","User Privilege Department","NATIVE_IG"
235,"User Privilege Account","USER-PRIVILEGE-ACCOUNT","User Privilege Account","NATIVE_IG"
236,"GSTR3B","GSTR3B","Inter State","NATIVE_IR"
236,"GSTR3B","GSTR3B","Inter State","NATIVE_IR"
236,"GSTR3B","GSTR3B","Inter State","NATIVE_IR"
236,"GSTR3B","GSTR3B","GSTR3OUTWARD","NATIVE_IR"
237,"User Privilege DocType","USER-PRIVILEGE-DOCTYPE","User Privilege DocType","NATIVE_IG"
238,"User Privilege Item","USER-PRIVILEGE-ITEM","User Privilege Item","NATIVE_IG"
239,"User Privilege Storage Location","USER-PRIVILEGE-STORAGE-LOCATION","User Privilege Storage Location","NATIVE_IG"
240,"User Privilege Extra","USER-PRIVILEGE-EXTRA","User Privilege Extra","NATIVE_IR"
241,"RTGS Letter","RTGS-LETTER1","RTGS Letter","NATIVE_IR"
242,"RTGS Letter","RTGS-LETTER","DETAIL","NATIVE_IG"
243,"Stock Revaluation Register","STOCK-REVALUATION-REGISTER","Stock Revaluation Register","NATIVE_STATIC"
243,"Stock Revaluation Register","STOCK-REVALUATION-REGISTER","Stock Revaluation","NATIVE_IR"
244,"Stock Revaluation ","STOCK-REVALUATION","Detail","NATIVE_IG"
245,"Stock Taking Register","STOCK-TAKING-REGISTER","Stock Taking Register","NATIVE_STATIC"
245,"Stock Taking Register","STOCK-TAKING-REGISTER","Stock Taking","NATIVE_IR"
246,"Stock Taking","STOCK-TAKING","Detail","NATIVE_IG"
247,"Additional Business Place List","ADDITIONAL-BUSINESS-PLACE-LIST","Additional Business Place List","NATIVE_IR"
249,"Monthly Summary","MONTHLY-SUMMARY","New","NATIVE_IG"
250,"Daily  Summary","DAILY-SUMMARY","New","NATIVE_IG"
251,"Payable Bills","PAYBLE-BILLS","DETAIL","NATIVE_IG"
252,"Cash / Bank Book","CASH-BANK-BOOK","DETAIL","NATIVE_IG"
253,"Hire to Retire","HIRE-TO-RETIRE","HIRE CARD","NATIVE_SQL_REPORT"
253,"Hire to Retire","HIRE-TO-RETIRE","ATTENDANCE CARD","NATIVE_SQL_REPORT"
253,"Hire to Retire","HIRE-TO-RETIRE","PAYROLL CARD","NATIVE_SQL_REPORT"
253,"Hire to Retire","HIRE-TO-RETIRE","Employee Exit CARD","NATIVE_SQL_REPORT"
253,"Hire to Retire","HIRE-TO-RETIRE","LEAVE CARD","NATIVE_SQL_REPORT"
253,"Hire to Retire","HIRE-TO-RETIRE","LOAN CARD","NATIVE_SQL_REPORT"
253,"Hire to Retire","HIRE-TO-RETIRE","REWARD CARD","NATIVE_SQL_REPORT"
253,"Hire to Retire","HIRE-TO-RETIRE","TOUR AND TRAVEL CARD","NATIVE_SQL_REPORT"
254,"Procure to Pay","PROCURE-TO-PAY1","PR to PAY","NATIVE_SQL_REPORT"
255,"Order to Cash","ORDER-TO-CASH","Order to Cash","NATIVE_SQL_REPORT"
257,"Asset Management","ASSET-MANAGEMENT","ASSET CARD","NATIVE_SQL_REPORT"
258,"Account Ledger ","ACCOUNT-LEDGER1","New","NATIVE_IR"
259,"Setup and Admin","SETUP-AND-ADMIN","ORG CARD","NATIVE_SQL_REPORT"
259,"Setup and Admin","SETUP-AND-ADMIN","USER CARD","NATIVE_SQL_REPORT"
259,"Setup and Admin","SETUP-AND-ADMIN","EMP CARD","NATIVE_SQL_REPORT"
261,"Job and Service","JOB-AND-SERVICE","SERVICE CARD","NATIVE_SQL_REPORT"
262,"PF Monthly Report","PF-MONTHLY-REPORT","PF Monthly Report","NATIVE_IG"
263,"Module Flow List","MODULE-FLOW-LIST","Module Flow","NATIVE_IR"
264,"Module Flow","MODULE-FLOW","Flow Condition","NATIVE_IG"
264,"Module Flow","MODULE-FLOW","Module Flow User","NATIVE_IG"
265,"PT Slab Register","PT-SLAB-REGISTER","Filter","NATIVE_STATIC"
265,"PT Slab Register","PT-SLAB-REGISTER","PT Slab Register","NATIVE_IR"
266,"PT Slab Master","PT-SLAB-MASTER","Detail","NATIVE_IG"
267,"Boss User Employee","BOSS-USER-EMPLOYEE","Boss User Employee","NATIVE_IG"
268,"ESIC Monthly Report","ESIC-MONTHLY-REPORT","ESIC Monthly Report","NATIVE_IG"
269,"Bonus Scheme List","BONUS-SCHEME-LIST","Bonus Scheme List","NATIVE_IR"
270,"Bonus Scheme","BONUS-SCHEME","Bonus Scheme Detail","NATIVE_IG"
270,"Bonus Scheme","BONUS-SCHEME","Bonus Scheme Attendence Head","NATIVE_IG"
271,"Chart of Accounts","CHART-OF-ACCOUNTS","DETAIL","NATIVE_IG"
273,"PO Receipt List","PO-RECEIPT-LIST","PO Receipt","NATIVE_STATIC"
273,"PO Receipt List","PO-RECEIPT-LIST","PO Receipt List","NATIVE_IR"
274,"PO Receipt","PO-RECEIPT","Detail Footer","NATIVE_IG"
274,"PO Receipt","PO-RECEIPT","Detail","NATIVE_IG"
274,"PO Receipt","PO-RECEIPT","Footer","NATIVE_IG"
274,"PO Receipt","PO-RECEIPT","Terms & Condition","NATIVE_IG"
275,"Cost Centre Ledger With Account","COST-CENTRE-LEDGER-WITH-ACCOUNT","New","NATIVE_IR"
276,"Bonus List","BONUS-LIST","Bonus List","NATIVE_IR"
277,"Bonus","BONUS","Detail","NATIVE_IG"
280,"E Way Bill","E-WAY-BILL","E Way Bill","NATIVE_IR"
281,"Pending Sales Order followup","PENDING-SALES-ORDER-FOLLOWUP","Invoice","NATIVE_IR"
281,"Pending Sales Order followup","PENDING-SALES-ORDER-FOLLOWUP","Pending Sales Order followup","NATIVE_IG"
282,"Trial Balance","TRIAL-BALANCE3","New","NATIVE_IG"
283,"Payment Of Transporter Advance","FREIGHT-ADVANCE-REGISTER1","Payment Of Transporter Advance","NATIVE_IR"
284,"Employee Gate Pass List","EMPLOYEE-GATE-PASS-LIST","Employee Gate Pass List","NATIVE_IR"
286,"Zone List","ZONE-LIST","Zone List","NATIVE_IR"
288,"Outward Freight Rate Approval","OUTWARD-FREIGHT-RATE-APPROVAL","Outward Freight Rate Approval","NATIVE_IR"
290,"Daily Despatch Report","DAILY-DESPATCH-REPORT","Daily Despatch Report","NATIVE_IR"
291,"Purchase Party Payment Register","PURCHASE-PARTY-AMOUNT-REPORT","Filter","NATIVE_STATIC"
291,"Purchase Party Payment Register","PURCHASE-PARTY-AMOUNT-REPORT","Purchase Party Amount Register","NATIVE_IR"
293,"Fixed Asset Register","FIXED-ASSET-REGISTER","Fixed Asset Register","NATIVE_STATIC"
293,"Fixed Asset Register","FIXED-ASSET-REGISTER","Fixed Asset Register","NATIVE_IR"
294,"Depreciation Register","DEPRECIATION-REGISTER","Depreciation Register","NATIVE_STATIC"
294,"Depreciation Register","DEPRECIATION-REGISTER","Depreciation","NATIVE_IR"
295,"Freight Rate Approval Register","FREIGHT-RATE-APPROVAL-REGISTER","Filter","NATIVE_STATIC"
295,"Freight Rate Approval Register","FREIGHT-RATE-APPROVAL-REGISTER","Freight Advance Register","NATIVE_IR"
296,"GST Liability","GST-LIABILITY","GST OUTPUT Liability","NATIVE_IR"
296,"GST Liability","GST-LIABILITY","New","NATIVE_SQL_REPORT"
298,"Due Outstanding Balance","DUE-OUTSTANDING-BALANCE","Due Outstanding Balance","NATIVE_IR"
299,"Due Outstanding Balance Detail","DUE-OUTSTANDING-BALANCE-DETAIL","Due Outstanding Balance Detail","NATIVE_IR"
300,"Cheque Receipt List","CHEQUE-RECEIPT-LIST","Filter","NATIVE_STATIC"
300,"Cheque Receipt List","CHEQUE-RECEIPT-LIST","Cheque Receipt List","NATIVE_IR"
301,"Cheque Receipt","CHEQUE-RECEIPT","Detail","NATIVE_IG"
302,"Cheque Book Issue List","CHEQUE-BOOK-ISSUE-LIST","Filter","NATIVE_STATIC"
302,"Cheque Book Issue List","CHEQUE-BOOK-ISSUE-LIST","Cheque Book Issue List","NATIVE_IR"
303,"Cheque Book Issue","CHEQUE-BOOK-ISSUE","Detail","NATIVE_IG"
304,"Service Bill Register","SERVICE-BILL-REGISTER","Service Bill Register","NATIVE_STATIC"
304,"Service Bill Register","SERVICE-BILL-REGISTER","Service Bill Register Report","NATIVE_IR"
305,"Service  Bill","SERVICE-BILL","Detail","NATIVE_IG"
305,"Service  Bill","SERVICE-BILL","FooterDetail","NATIVE_IG"
305,"Service  Bill","SERVICE-BILL","Footer","NATIVE_IG"
305,"Service  Bill","SERVICE-BILL","Terms and Conditions","NATIVE_IG"
305,"Service  Bill","SERVICE-BILL","Special Note","NATIVE_IG"
305,"Service  Bill","SERVICE-BILL","Attachment","NATIVE_IR"
306,"Due  Balance Detail","DUE-BALANCE-DETAIL","Due Balance Detail","NATIVE_IR"
307,"GST Setup List","GST-SETUP-LIST","GST Setup List","NATIVE_IR"
309,"Balance Freight Settlement ","BALANCE-FREIGHT-SETTLEMENT","Balance Freight Settlement","NATIVE_IR"
310,"location list","LOCATION-LIST","location list","NATIVE_IR"
311,"Challan List","CHALLAN-LIST","Challan List","NATIVE_IR"
312,"Challan","CHALLAN","Detail","NATIVE_IG"
312,"Challan","CHALLAN","Challan Account Detail","NATIVE_IG"
314,"Payment Advice Report","PAYMENT-ADVICE-ONLY-REPORT","Payment Advice Report","NATIVE_IR"
315,"Account Master Import","ACCOUNT-MASTER-IMPORT","Preview","NATIVE_SQL_REPORT"
316,"Import Register","IMPORT-REGISTER","Filter","NATIVE_STATIC"
316,"Import Register","IMPORT-REGISTER","Import Register","NATIVE_IR"
317,"Import ","IMPORT","Import Detail","NATIVE_IG"
317,"Import ","IMPORT","Error","NATIVE_IG"
318,"Account Opening Import","ACCOUNT-OPENING-IMPORT","Preview","NATIVE_SQL_REPORT"
319,"Footer Formula List","FOOTER-FORMULA-LIST","Footer Formula List","NATIVE_IR"
321,"PURCHASEBILLDETAILFOOTER","PURCHASEBILLDETAILFOOTER","DetailFooter","NATIVE_IG"
322,"SAC List","SAC-LIST","Sac List","NATIVE_IR"
323,"PURCHASEBILLFOOTER","PURCHASEBILLFOOTER","DetailFooter","NATIVE_IG"
324,"CREDITNOTEDETAILFOOTER","CREDITNOTEDETAILFOOTER","DetailFooter","NATIVE_IG"
325,"DEBITNOTEDETAILFOOTER","DEBITNOTEDETAILFOOTER","DetailFooter","NATIVE_IG"
327,"PURCHASE BILL LEDGER","PURCHASE-BILL-LEDGER","PURCHASE BILL LEDGER","NATIVE_IR"
329,"CCINVOICE LEDGER","CCINVOICE-LEDGER","CCINVOICE LEDGER","NATIVE_IR"
330,"Trial Grid Testing","TRIAL-GRID-TESTING","Trial","NATIVE_IG"
331,"PF & ESI Setting","PF-ESI-SETTING","PF & ESI Setting List","NATIVE_IR"
333,"PF Challan","PF-CHALLAN","PF Challan List","NATIVE_IR"
334,"PF Challan","PF-CHALLAN1","PF Detail","NATIVE_IG"
335,"Change In Employee List","CHANGE-IN-EMPLOYEE-LIST","Filter","NATIVE_STATIC"
335,"Change In Employee List","CHANGE-IN-EMPLOYEE-LIST","Change In Employee","NATIVE_IR"
337,"Employee Separation List","EMPLOYEE-SEPARATION-LIST","Filter","NATIVE_STATIC"
337,"Employee Separation List","EMPLOYEE-SEPARATION-LIST","Employee Separation","NATIVE_IR"
339,"Employee Category","EMPLOYEE-CATEGORY","Employee Category","NATIVE_IR"
341,"Leave Scheme List","LEAVE-SCHEME-LIST","Filter","NATIVE_STATIC"
341,"Leave Scheme List","LEAVE-SCHEME-LIST","Leave Scheme","NATIVE_IR"
342,"Leave Scheme","LEAVE-SCHEME","Leave Scheme Detail","NATIVE_IG"
343,"Employee Loan Receipt","EMPLOYEE-LOAN-RECEIPT","Employee Loan Receipt","NATIVE_IR"
345,"Employee Loan Relaxation","EMPLOYEE-LOAN-RELAXATION","Employee Loan Relaxation","NATIVE_IR"
346,"Employee Loan Relaxation","EMPLOYEE-LOAN-RELAXATION1","Relaxation Detail","NATIVE_IG"
347,"Advance Receipt List","ADVANCE-RECEIPT-LIST","Advance Receipt List","NATIVE_IR"
348,"Advance Receipt","ADVANCE-RECEIPT","Detail","NATIVE_IG"
349,"Vendor Register","VENDOR-REGISTER","Vendor List","NATIVE_IR"
351,"GSTR9 Register","GSTR9-REGISTER","GSTR9 Register","NATIVE_IR"
352,"GSTR9","GSTR9","Transaction","NATIVE_IR"
352,"GSTR9","GSTR9","4 Outward","NATIVE_IR"
352,"GSTR9","GSTR9","5 Outward","NATIVE_IR"
352,"GSTR9","GSTR9","6 ITC Availed","NATIVE_IR"
352,"GSTR9","GSTR9","7 ITC Rev","NATIVE_IR"
352,"GSTR9","GSTR9","8  Other ITC","NATIVE_IR"
352,"GSTR9","GSTR9","9 Tax Paid","NATIVE_IR"
352,"GSTR9","GSTR9","10 PY trans in current FY","NATIVE_IR"
352,"GSTR9","GSTR9","14 Differential tax","NATIVE_IR"
352,"GSTR9","GSTR9","15 Demand and Refunds","NATIVE_IR"
352,"GSTR9","GSTR9","16 Comp DS and Goods sent on appr","NATIVE_IR"
352,"GSTR9","GSTR9","17 HSN Outward","NATIVE_IR"
352,"GSTR9","GSTR9","18 HSN Inward","NATIVE_IR"
353,"Profit And Loss Detail","PROFIT-AND-LOSS-DETAIL","Income","NATIVE_IR"
353,"Profit And Loss Detail","PROFIT-AND-LOSS-DETAIL","Income","NATIVE_IG"
354,"Balance Sheet Detail","BALANCE-SHEET-DETAIL","Detail","NATIVE_IG"
354,"Balance Sheet Detail","BALANCE-SHEET-DETAIL","LIABILITIES","NATIVE_IR"
354,"Balance Sheet Detail","BALANCE-SHEET-DETAIL","PROFIT AND LOSS","NATIVE_IR"
354,"Balance Sheet Detail","BALANCE-SHEET-DETAIL","ASSETS","NATIVE_IR"
357,"Import Item","IMPORT-ITEM","Preview","NATIVE_SQL_REPORT"
358,"Item Import New","ITEM-IMPORT-NEW","Preview","NATIVE_SQL_REPORT"
359,"ITEMOPENING","ITEMOPENING","Preview","NATIVE_SQL_REPORT"
360,"Task Dashboard","TASK-DASHBOARD","Task Grid","NATIVE_IG"
362,"Payment Followup","PAYMENT-FOLLOWUP","Report Region","NATIVE_IR"
363,"Active Module","ACTIVE-MODULE","Active Module","NATIVE_IG"
364,"Transactional Summary Report","TRANSACTIONAL-SUMMARY-REPORT","Transactional Summary","NATIVE_IR"
365,"Enhance Interactive Grid with Treegrid","ENHANCE-INTERACTIVE-GRID-WITH-TREEGRID","Interactive Grid - Employees","NATIVE_IG"
366,"Item Grade List","ITEM-GRADE-LIST","Item Grade List","NATIVE_IR"
368,"Item Length List","ITEM-LENGTH-LIST","Item Length List","NATIVE_IR"
370,"Item Width List","ITEM-WIDTH-LIST","Item Width List","NATIVE_IR"
372,"Item Thickness List","ITEM-THICKNESS-LIST","Item Thickness List","NATIVE_IR"
375,"Pending Dispatch Quantity Register","PENDING-DISPATCH-QUANTITY-REGISTER","Pending Dispatch Quantity Register","NATIVE_IR"
377,"Payment Follow-up Action","PAYMENT-FOLLOW-UP-ACTION1","Payment Follow-up Action","NATIVE_IR"
378,"GRN Pending for Purchase Bill Report","GRN-PENDING-PURCHASE-BILL-REPORT","Pending Purchase Bill Report","NATIVE_IR"
380,"Sales Dashboard Detail Report","SALES-DASHBOARD-DETAIL-REPORT","Quantity Over Time Report","NATIVE_SQL_REPORT"
380,"Sales Dashboard Detail Report","SALES-DASHBOARD-DETAIL-REPORT","Total Dispatched Quantity","NATIVE_SQL_REPORT"
380,"Sales Dashboard Detail Report","SALES-DASHBOARD-DETAIL-REPORT","Category Wise Revenue By Quantity Report","NATIVE_SQL_REPORT"
380,"Sales Dashboard Detail Report","SALES-DASHBOARD-DETAIL-REPORT","Category Wise Revenue By Amount Report","NATIVE_SQL_REPORT"
380,"Sales Dashboard Detail Report","SALES-DASHBOARD-DETAIL-REPORT","Cancelled Out Report","NATIVE_SQL_REPORT"
380,"Sales Dashboard Detail Report","SALES-DASHBOARD-DETAIL-REPORT","Sales Executive Wise Report","NATIVE_SQL_REPORT"
380,"Sales Dashboard Detail Report","SALES-DASHBOARD-DETAIL-REPORT","Total Pending Dispatched Quantity","NATIVE_SQL_REPORT"
380,"Sales Dashboard Detail Report","SALES-DASHBOARD-DETAIL-REPORT","Total Amount Report","NATIVE_SQL_REPORT"
380,"Sales Dashboard Detail Report","SALES-DASHBOARD-DETAIL-REPORT","Dispatched Quantity Out Report","NATIVE_SQL_REPORT"
380,"Sales Dashboard Detail Report","SALES-DASHBOARD-DETAIL-REPORT","Total Clients Report","NATIVE_SQL_REPORT"
380,"Sales Dashboard Detail Report","SALES-DASHBOARD-DETAIL-REPORT","Total Orders Report","NATIVE_SQL_REPORT"
380,"Sales Dashboard Detail Report","SALES-DASHBOARD-DETAIL-REPORT","Pending Quantity Out Report","NATIVE_SQL_REPORT"
380,"Sales Dashboard Detail Report","SALES-DASHBOARD-DETAIL-REPORT","Total Ordered Quantity","NATIVE_SQL_REPORT"
380,"Sales Dashboard Detail Report","SALES-DASHBOARD-DETAIL-REPORT","Seller State Wise Report","NATIVE_SQL_REPORT"
380,"Sales Dashboard Detail Report","SALES-DASHBOARD-DETAIL-REPORT","Customer Wise Orders Report","NATIVE_SQL_REPORT"
380,"Sales Dashboard Detail Report","SALES-DASHBOARD-DETAIL-REPORT","Seller City Wise Report","NATIVE_SQL_REPORT"
380,"Sales Dashboard Detail Report","SALES-DASHBOARD-DETAIL-REPORT","Seller Category Wise Report","NATIVE_SQL_REPORT"
380,"Sales Dashboard Detail Report","SALES-DASHBOARD-DETAIL-REPORT","Month Wise Report","NATIVE_SQL_REPORT"
382,"Proforma Invoice Report","PROFORMA-INVOICE-REPORT","Proforma Invoice Report","NATIVE_IR"
383,"Proforma Invoice","PROFORMA-INVOICE","Details","NATIVE_IG"
383,"Proforma Invoice","PROFORMA-INVOICE","Detail Footer","NATIVE_IG"
383,"Proforma Invoice","PROFORMA-INVOICE","PInvoice Footer","NATIVE_IG"
383,"Proforma Invoice","PROFORMA-INVOICE","Terms and Condition","NATIVE_IG"
400,"Trial Balance","TRIAL-BALANCE","New","NATIVE_IR"
401,"Trial Balance","TRIAL-BALANCE2","New","NATIVE_IR"
402,"Trial Balance","TRIAL-BALANCE1","New","NATIVE_IR"
403,"GST Input Report As Per Transaction","GST-INPUT-REPORT-AS-PER-TRANSACTION","GST Input Report","NATIVE_IR"
404,"GST Output Report As Per Transaction","GST-OUTPUT-REPORT-AS-PER-TRANSACTION","GST Output Report","NATIVE_IR"
405,"TDS PAYBLE ","TDS-PAYBLE","TDS PAYBLE","NATIVE_IR"
406,"TDS RECEIVABLE","TDS-RECEIVABLE","TDS RECEIVABLE","NATIVE_IR"
407,"Stock Statement","STOCK-STATEMENT","Stock Statement","NATIVE_IR"
410,"PR to DB","PR-TO-DB","PR to DB","NATIVE_IR"
411,"Order vs Dispatch","ORDER-VS-DISPATCH","Order vs Dispatch Report","NATIVE_IR"
411,"Order vs Dispatch","ORDER-VS-DISPATCH","Order vs Sale","NATIVE_IR"
412,"Balance Sheet","BALANCE-SHEET","LIABILITIES","NATIVE_IR"
412,"Balance Sheet","BALANCE-SHEET","PROFIT AND LOSS","NATIVE_IR"
412,"Balance Sheet","BALANCE-SHEET","ASSETS","NATIVE_IR"
413,"Account Position in Trial Balance","ACCOUNT-POSITION-IN-TRIAL-BALANCE","Master","NATIVE_IG"
414,"Schedule Register","SCHEDULE-REGISTER","Filter","NATIVE_STATIC"
414,"Schedule Register","SCHEDULE-REGISTER","Schedule Register","NATIVE_IR"
415,"Schedule","SCHEDULE","Schedule Detail","NATIVE_IG"
416,"Profit And Loss","PROFIT-AND-LOSS","Income","NATIVE_IG"
416,"Profit And Loss","PROFIT-AND-LOSS","Expense","NATIVE_IG"
417,"TDS Challan Register","TDS-CHALLAN-REGISTER","Filter","NATIVE_STATIC"
417,"TDS Challan Register","TDS-CHALLAN-REGISTER","Report(Material In)","NATIVE_IR"
418,"TDS Challan ","TDS-CHALLAN","Detail","NATIVE_IG"
418,"TDS Challan ","TDS-CHALLAN","TDS Deductee Detail","NATIVE_IG"
419,"ESIC Challan Register","ESIC-CHALLAN-REGISTER","Filter","NATIVE_STATIC"
419,"ESIC Challan Register","ESIC-CHALLAN-REGISTER","Report ","NATIVE_IR"
502,"Portlet Purchase","PORTLET-PURCHASE","New Card View Dashboard (Query based)","NATIVE_SQL_REPORT"
504,"Sales Dashboard","SALES-DASHBOARD","New Card View Dashboard (Query based)","NATIVE_SQL_REPORT"
504,"Sales Dashboard","SALES-DASHBOARD","Seller / State","NATIVE_SQL_REPORT"
504,"Sales Dashboard","SALES-DASHBOARD","Customer Check","NATIVE_SQL_REPORT"
504,"Sales Dashboard","SALES-DASHBOARD","Seller vs State City","NATIVE_IR"
504,"Sales Dashboard","SALES-DASHBOARD","New Card View Dashboard  for (DEBUGING)","NATIVE_SQL_REPORT"
504,"Sales Dashboard","SALES-DASHBOARD","Sales Person vs Item Category","NATIVE_IR"
504,"Sales Dashboard","SALES-DASHBOARD","Party Wise Pending Qty","NATIVE_SQL_REPORT"
505,"Sales Detail (With Filter)","SALES-DETAIL-WITH-FILTER","Sample","NATIVE_SQL_REPORT"
507,"Purchase Detail (with Filter)","PURCHASE-DETAIL-WITH-FILTER","Sample","NATIVE_SQL_REPORT"
508,"Month x Item wise Issue (Department)","MONTH-X-ITEM-WISE-ISSUE-DEPARTMENT","Report","NATIVE_IR"
509,"HR - Dashboard","HR-DASHBOARD","Department Wise Employee","NATIVE_SQL_REPORT"
509,"HR - Dashboard","HR-DASHBOARD","Active  Manpower","NATIVE_SQL_REPORT"
509,"HR - Dashboard","HR-DASHBOARD","Gender Wise Manpower","NATIVE_SQL_REPORT"
509,"HR - Dashboard","HR-DASHBOARD","Remuneration","NATIVE_SQL_REPORT"
509,"HR - Dashboard","HR-DASHBOARD","PF Contribution","NATIVE_SQL_REPORT"
509,"HR - Dashboard","HR-DASHBOARD","ESIC Contribution","NATIVE_SQL_REPORT"
510,"Customer","CUSTOMER","Customer 360 View Report","NATIVE_IR"
511,"D Customer Dashboard","D-CUSTOMER-DASHBOARD","Ageing Summary","NATIVE_IG"
513,"Supplier","SUPPLIER","Supplier 360 View Report","NATIVE_IR"
515,"Supplier Dashboard","SUPPLIER-DASHBOARD","12 Months Purchase","NATIVE_IR"
515,"Supplier Dashboard","SUPPLIER-DASHBOARD","Ageing Summary","NATIVE_IR"
516,"Finished Products","FINISHED-PRODUCTS","Products 360 View Report","NATIVE_IR"
518,"Product Dashboard","PRODUCT-DASHBOARD","12 Months Details","NATIVE_IR"
518,"Product Dashboard","PRODUCT-DASHBOARD","12 Months Production","NATIVE_IR"
518,"Product Dashboard","PRODUCT-DASHBOARD","12 Months Purchase","NATIVE_IR"
518,"Product Dashboard","PRODUCT-DASHBOARD","12 Months Sale","NATIVE_IR"
518,"Product Dashboard","PRODUCT-DASHBOARD","Ageing Summary","NATIVE_IR"
518,"Product Dashboard","PRODUCT-DASHBOARD","Stock Storage Location","NATIVE_IR"
522,"Customer Pending Orders","CUSTOMER-PENDING-ORDERS","Customer Pending Orders","NATIVE_IR"
523,"Creditors Aging Detail Report","CREDITORS-AGING-DETAIL-REPORT","Creditors Aging Detail Report","NATIVE_IR"
524,"Customer Overdue Invoices","CUSTOMER-OVERDUE-INVOICES","Customer Overdue Invoices","NATIVE_IR"
525,"Customer Billed Invoices","CUSTOMER-BILLED-INVOICES","Customer Billed Invoices","NATIVE_IR"
526,"Customer Active Invoices","CUSTOMER-ACTIVE-INVOICES","Customer Active Invoices","NATIVE_IR"
527,"Customer Inactive Invoices","CUSTOMER-INACTIVE-INVOICES","Customer Inactive Invoices","NATIVE_IR"
528,"Supplier Overdue Amount","SUPPLIER-OVERDUE-AMOUNT","Supplier Overdue Amount","NATIVE_IR"
529,"Supplier Outstanding Amount","SUPPLIER-OUTSTANDING-AMOUNT","Supplier Outstanding Amount","NATIVE_IR"
530,"Supplier Active PO","SUPPLIER-ACTIVE-PO","Supplier Active PO","NATIVE_IR"
531,"Supplier Pending for GRN","SUPPLIER-PENDING-FOR-GRN","Supplier Pending for GRN","NATIVE_IR"
532,"Supplier Orders Completed","SUPPLIER-ORDERS-COMPLETED","Supplier Orders Completed","NATIVE_IR"
533,"Supplier Orders Delivered on Time","SUPPLIER-ORDERS-DELIVERED-ON-TIME","Supplier Orders Delivered on Time","NATIVE_IR"
534,"Product Pending Sales Order","PRODUCT-PENDING-SALES-ORDER","Product Pending Sales Order","NATIVE_IR"
535,"Product Pending Purchase Order","PRODUCT-PENDING-PURCHASE-ORDER","Product Pending Purchase Order","NATIVE_IR"
536,"Product Stock Group by Storage Location","PRODUCT-STOCK-GROUP-BY-STORAGE-LOCATION","Product Stock Group by Storage Location","NATIVE_IR"
537,"Product Pipeline Stock group by Module","PRODUCT-PIPELINE-STOCK-GROUP-BY-MODULE","Product Pipeline Stock group by Module","NATIVE_IR"
538,"Product Stock Storage Location wise","PRODUCT-STOCK-STORAGE-LOCATION-WISE","Product Stock Storage Location wise","NATIVE_IR"
539,"Product Stock","PRODUCT-STOCK","Product Stock","NATIVE_IR"
540,"Products 12 Months Detail","PRODUCTS-12-MONTHS-DETAIL","Products 12 Months Sale Detail","NATIVE_IR"
540,"Products 12 Months Detail","PRODUCTS-12-MONTHS-DETAIL","Products 12 Months Purchase Detail","NATIVE_IR"
540,"Products 12 Months Detail","PRODUCTS-12-MONTHS-DETAIL","Products 12 Months Production Detail","NATIVE_IR"
541,"Customer Billed Invoices","CUSTOMER-BILLED-INVOICES1","Customer Billed Invoices","NATIVE_IR"
542,"Supplier Active Purchase Bill Pass","SUPPLIER-ACTIVE-PURCHASE-BILL-PASS","Supplier Active Purchase Bill Pass","NATIVE_IR"
543,"Supplier Active PO","SUPPLIER-ACTIVE-PO1","Supplier Active PO","NATIVE_IR"
601,"Staff Type List","STAFF-TYPE-LIST","Staff Type List","NATIVE_IR"
603,"Salary Head List","SALARY-HEAD-LIST","Salary Head List","NATIVE_IR"
605,"Leave List","LEAVE-LIST","Leave List","NATIVE_IR"
607,"Loan Category List","LOAN-CATEGORY-LIST","Loan Category List","NATIVE_IR"
609,"Loan Type List","LOAN-TYPE-LIST","Loan Type List","NATIVE_IR"
611,"Salary Head Account","SALARY-HEAD-ACCOUNT","Salary Head Account List","NATIVE_IR"
613,"Qualification Type List","QUALIFICATION-TYPE-LIST1","Qualification Type List","NATIVE_IR"
615,"Attendence Head List","ATTENDENCE-HEAD-LIST","Attendence Head List","NATIVE_IR"
617,"Qualification List","QUALIFICATION-LIST","Qualification List","NATIVE_IR"
619,"ATTENDENCE PERIODICAL","ATTENDENCE-PERIODICAL1","ATTENDENCE PERIODICAL","NATIVE_IR"
620,"ATTENDENCE PERIODICAL","ATTENDENCE-PERIODICAL","ATTENDENCEPERIODICAL DETAIL","NATIVE_IG"
621,"EMPLOYEE SALARY","EMPLOYEE-SALARY1","EMPLOYEE SALARY","NATIVE_IR"
622,"EMPLOYEE SALARY","EMPLOYEE-SALARY","DETAIL","NATIVE_IG"
623,"SALARY SCHEME","SALARY-SCHEME","SALARY SCHEME","NATIVE_IR"
624,"SALARY SCHEME","SALARY-SCHEME1","DETAIL","NATIVE_IG"
625,"EMPLOYEE DEDUCTION EARNING","EMPLOYEE-DEDUCTION-EARNING","EMPLOYEE DEDUCTION EARNING","NATIVE_IR"
626,"EmployeeDeductionEarning","EMPLOYEEDE-DUCTION-EARNING","EMPLOYEE DEDUCTION EARNING DETAIL","NATIVE_IG"
627,"LOAN SCHEME","LOAN-SCHEME","LOAN SCHEME","NATIVE_IR"
628,"LOAN SCHEME","LOAN-SCHEME1","Applicable For Designation","NATIVE_IG"
628,"LOAN SCHEME","LOAN-SCHEME1","Applicable for Staff Type","NATIVE_IG"
629,"LOAN REQUEST","LOAN-REQUEST","LOAN REQUEST","NATIVE_IR"
630,"LOAN  REQUEST","LOAN-REQUEST1","Detail","NATIVE_IG"
631,"ATTENDENCE","ATTENDENCE","ATTENDENCE","NATIVE_IR"
632,"ATTENDENCE","ATTENDENCE1","ATTENDENCEDETAIL","NATIVE_IG"
633,"LEAVEREQUEST","LEAVEREQUEST","LEAVEREQUEST","NATIVE_IR"
634,"LEAVEREQUEST","LEAVEREQUEST1","Leave Detail","NATIVE_IG"
634,"LEAVEREQUEST","LEAVEREQUEST1","Leave Balance","NATIVE_IR"
634,"LEAVEREQUEST","LEAVEREQUEST1","Leave Taken","NATIVE_IR"
635,"LEAVEREQUEST","LEAVEREQUEST2","Leave Detail","NATIVE_IR"
636,"LOANREQUEST","LOANREQUEST","LOANREQUESTDETAIL","NATIVE_IG"
636,"LOANREQUEST","LOANREQUEST","Guarantor","NATIVE_IG"
637,"LOANREQUEST","LOANREQUEST1","Loan Request","NATIVE_IR"
638,"LOANSANCTION","LOANSANCTION","LOANSANCTION","NATIVE_IR"
639,"LOANSANCTION","LOANSANCTION1","LOANSANCTIONDETAIL","NATIVE_IG"
640,"SALARY","SALARY","SALARY","NATIVE_IR"
641,"SALARY","SALARY1","SalaryDetail","NATIVE_IG"
642,"ATTENDENCEREVISION","ATTENDENCEREVISION","AttendenceRevision","NATIVE_IR"
643,"ATTENDENCEREVISION","ATTENDENCEREVISION1","ATTENDENCEREVISIONATTENDENCE","NATIVE_IG"
643,"ATTENDENCEREVISION","ATTENDENCEREVISION1","ATTENDENCEREVISIONDETAIL","NATIVE_IG"
644,"Visitor Gate pass Register","VISITOR-GATE-PASS-REGISTER","Visitor Gate pass Register","NATIVE_STATIC"
644,"Visitor Gate pass Register","VISITOR-GATE-PASS-REGISTER","Visitor Gate pass Register Report","NATIVE_IR"
645,"Visitor In Out","VISITOR-IN-OUT","PHOTOS","NATIVE_IR"
645,"Visitor In Out","VISITOR-IN-OUT","My Photos","NATIVE_SQL_REPORT"
645,"Visitor In Out","VISITOR-IN-OUT","Detail","NATIVE_IG"
647,"Visitor In Out","VISITOR-IN-OUT1","PHOTOS","NATIVE_IR"
647,"Visitor In Out","VISITOR-IN-OUT1","Detail","NATIVE_IG"
648,"Reimbursement Policy list","REIMBURSEMENT-POLICY-LIST","Filter","NATIVE_STATIC"
648,"Reimbursement Policy list","REIMBURSEMENT-POLICY-LIST","Reimbursement Policy list","NATIVE_IR"
649,"Reimbursement Policy","REIMBURSEMENT-POLICY","Designation","NATIVE_IG"
649,"Reimbursement Policy","REIMBURSEMENT-POLICY","Detail","NATIVE_IG"
651,"On Duty Request List","ON-DUTY-REQUEST-LIST","Filter","NATIVE_STATIC"
651,"On Duty Request List","ON-DUTY-REQUEST-LIST","On Duty Request List","NATIVE_IR"
652,"On Duty Request","ON-DUTY-REQUEST","Detail","NATIVE_IG"
653,"TRAVELINGMODE","TRAVELINGMODE1","TRAVELINGMODE","NATIVE_IR"
654,"TRAVELINGMODE","TRAVELINGMODE","TRAVELINGMODEDETAIL","NATIVE_IG"
655,"EXPENSETYPE","EXPENSETYPE","EXPENSETYPE","NATIVE_IR"
657,"OD Request On Special Approval List","OD-REQUEST-ON-SPECIAL-APPROVAL-LIST","Filter","NATIVE_STATIC"
657,"OD Request On Special Approval List","OD-REQUEST-ON-SPECIAL-APPROVAL-LIST","OD Request On Special Approval List","NATIVE_IR"
658,"OD Request On Special Approval","OD-REQUEST-ON-SPECIAL-APPROVAL","Detail","NATIVE_IG"
659,"Reimbursement Claim List","REIMBURSEMENT-CLAIM-LIST1","Filter","NATIVE_STATIC"
659,"Reimbursement Claim List","REIMBURSEMENT-CLAIM-LIST1","Reimbursement Claim List","NATIVE_IR"
660,"Reimbursement Claim","REIMBURSEMENT-CLAIM-LIST","Detail","NATIVE_IG"
661,"CONVEYANCETYPE","CONVEYANCETYPE","CONVEYANCETYPE","NATIVE_IR"
663,"PARTYATTRIBUTE","PARTYATTRIBUTE","PARTYATTRIBUTE","NATIVE_IR"
665,"Asset Opening List","ASSET-OPENING","Filter","NATIVE_STATIC"
665,"Asset Opening List","ASSET-OPENING","Asset Opening","NATIVE_IR"
667,"Asset Category List","ASSET-CATEGORY-LIST","Asset Category List","NATIVE_IR"
669,"Asset Sale List","ASSET-SALE-LIST","Filter","NATIVE_STATIC"
669,"Asset Sale List","ASSET-SALE-LIST","Asset Opening","NATIVE_IR"
670,"Asset Sale","ASSET-SALE","Asset Sale Detail","NATIVE_IG"
671,"Asset Discard","ASSET-DISCARD","Asset Discard","NATIVE_IR"
672,"Asset Discard","ASSET-DISCARD1","Detail","NATIVE_IG"
673,"Bank Reconsilation","BANK-RECONSILATION","Detail","NATIVE_IG"
674,"Asset List","ASSET-LIST","Filter","NATIVE_STATIC"
674,"Asset List","ASSET-LIST","Asset","NATIVE_IR"
675,"Asset","ASSET","Asset Credit Account","NATIVE_IG"
675,"Asset","ASSET","Assetcreditaccountdetail","NATIVE_IG"
675,"Asset","ASSET","Asset Detail","NATIVE_IG"
675,"Asset","ASSET","Asset Component Detail","NATIVE_IG"
675,"Asset","ASSET","Asset Code Detail","NATIVE_IG"
676,"Depreciation List","DEPRECIATION-LIST","Filter","NATIVE_STATIC"
676,"Depreciation List","DEPRECIATION-LIST","Depreciation List","NATIVE_IR"
677,"Depreciation","DEPRECIATION","Detail","NATIVE_IG"
678,"Asset Category Depreciation Rate List","ASSET-CATEGORY-DEPRECIATION-RATE-LIST1","Asset Category Depreciation Rate List","NATIVE_IR"
679,"Asset Category Depreciation Rate List","ASSET-CATEGORY-DEPRECIATION-RATE-LIST","New","NATIVE_STATIC"
679,"Asset Category Depreciation Rate List","ASSET-CATEGORY-DEPRECIATION-RATE-LIST","Detail","NATIVE_IG"
679,"Asset Category Depreciation Rate List","ASSET-CATEGORY-DEPRECIATION-RATE-LIST","Common Fields","NATIVE_STATIC"
679,"Asset Category Depreciation Rate List","ASSET-CATEGORY-DEPRECIATION-RATE-LIST","Buttons","NATIVE_STATIC"
680,"Fixed Assets","FIXED-ASSETS","Fixed Assets","NATIVE_IG"
681,"Salary Voucher List","SALARY-VOUCHER-LIST","Filter","NATIVE_STATIC"
681,"Salary Voucher List","SALARY-VOUCHER-LIST","Salary Voucher List","NATIVE_IR"
682,"Salary Voucher","SALARY-VOUCHER","Detail","NATIVE_IG"
683,"Salary Payment Advice List","SALARY-PAYMENT-ADVICE-LIST1","Salary Payment Advice List","NATIVE_IR"
684,"Salary Payment Advice List","SALARY-PAYMENT-ADVICE-LIST","New","NATIVE_STATIC"
684,"Salary Payment Advice List","SALARY-PAYMENT-ADVICE-LIST","Buttons","NATIVE_STATIC"
684,"Salary Payment Advice List","SALARY-PAYMENT-ADVICE-LIST","Detail","NATIVE_IG"
684,"Salary Payment Advice List","SALARY-PAYMENT-ADVICE-LIST","Common Fields","NATIVE_STATIC"
684,"Salary Payment Advice List","SALARY-PAYMENT-ADVICE-LIST","Other Details","NATIVE_STATIC"
685,"Hold Salary List","HOLD-SALARY-LIST","Hold Salary List","NATIVE_IR"
687,"Un-Hold Salary list","UN-HOLD-SALARY-LIST1","Un-Hold Salary list","NATIVE_IR"
688,"Un-Hold Salary List","UN-HOLD-SALARY-LIST","Buttons","NATIVE_STATIC"
688,"Un-Hold Salary List","UN-HOLD-SALARY-LIST","Common Fields","NATIVE_STATIC"
689,"Opening Leave List","OPENING-LEAVE-LIST","Opening Leave List","NATIVE_IR"
690,"Opening Leave","OPENING-LEAVE","Detail","NATIVE_IG"
691,"Asset Transfer List","ASSET-TRANSFER-LIST","Filter","NATIVE_STATIC"
691,"Asset Transfer List","ASSET-TRANSFER-LIST","Asset Transfer List","NATIVE_IR"
692,"Asset Transfer","ASSET-TRANSFER","FromAsset","NATIVE_IG"
692,"Asset Transfer","ASSET-TRANSFER","Detail","NATIVE_IG"
693,"Opening Loan list","OPENING-LOAN-LIST","Opening Loan list","NATIVE_IR"
694,"Opening Loan","OPENING-LOAN","Detail","NATIVE_IG"
695,"Full and Final List","FULL-AND-FINAL-LIST","Full and Final List","NATIVE_IR"
696,"Full and Final","FULL-AND-FINAL","GUARANTOR","NATIVE_IG"
696,"Full and Final","FULL-AND-FINAL","Item Details","NATIVE_IG"
696,"Full and Final","FULL-AND-FINAL","Loan Detail","NATIVE_IG"
696,"Full and Final","FULL-AND-FINAL","Leave","NATIVE_IG"
696,"Full and Final","FULL-AND-FINAL","Unpaid Salary","NATIVE_IG"
696,"Full and Final","FULL-AND-FINAL","Other Deduction","NATIVE_IG"
701,"Sales Enquiry List","SALES-ENQUIRY-LIST","Filter","NATIVE_STATIC"
701,"Sales Enquiry List","SALES-ENQUIRY-LIST","Sales Enquiry List","NATIVE_IR"
702,"Sales Enquiry","SALES-ENQUIRY","Detail","NATIVE_IG"
702,"Sales Enquiry","SALES-ENQUIRY","FooterDetail","NATIVE_IG"
702,"Sales Enquiry","SALES-ENQUIRY","Terms and Conditions","NATIVE_IG"
702,"Sales Enquiry","SALES-ENQUIRY","Special Note","NATIVE_IG"
702,"Sales Enquiry","SALES-ENQUIRY","Attachment","NATIVE_IR"
702,"Sales Enquiry","SALES-ENQUIRY","Revision","NATIVE_IG"
703,"Sales Enquiry Tracking","SALES-ENQUIRY-TRACKING","Process Routing Detail","NATIVE_IG"
703,"Sales Enquiry Tracking","SALES-ENQUIRY-TRACKING","Attachment","NATIVE_IR"
704,"Sales Quotation List","SALES-QUOTATION-LIST","Filter","NATIVE_STATIC"
704,"Sales Quotation List","SALES-QUOTATION-LIST","Sales Quotation List","NATIVE_IR"
704,"Sales Quotation List","SALES-QUOTATION-LIST","reason","NATIVE_STATIC"
705,"Sales Quotation","SALES-QUOTATION","Detail","NATIVE_IG"
705,"Sales Quotation","SALES-QUOTATION","FooterDetail","NATIVE_IG"
705,"Sales Quotation","SALES-QUOTATION","Terms and Conditions","NATIVE_IG"
705,"Sales Quotation","SALES-QUOTATION","Special Note","NATIVE_IG"
705,"Sales Quotation","SALES-QUOTATION","Attachment","NATIVE_IR"
705,"Sales Quotation","SALES-QUOTATION","Revision","NATIVE_IG"
706,"Sales Enquiry","SALES-ENQUIRY1","Detail","NATIVE_IG"
706,"Sales Enquiry","SALES-ENQUIRY1","FooterDetail","NATIVE_IG"
706,"Sales Enquiry","SALES-ENQUIRY1","Terms and Conditions","NATIVE_IG"
706,"Sales Enquiry","SALES-ENQUIRY1","Special Note","NATIVE_IG"
706,"Sales Enquiry","SALES-ENQUIRY1","Attachment","NATIVE_IR"
706,"Sales Enquiry","SALES-ENQUIRY1","Revision","NATIVE_IG"
707,"Enquiry Register","ENQUIRY-REGISTER","Enquiry Register","NATIVE_STATIC"
707,"Enquiry Register","ENQUIRY-REGISTER","Enquiry Report","NATIVE_IR"
708,"Purchase Enquiry ","PURCHASE-ENQUIRY","Item Detail","NATIVE_IG"
708,"Purchase Enquiry ","PURCHASE-ENQUIRY","Enquiry Indent Detail","NATIVE_IG"
708,"Purchase Enquiry ","PURCHASE-ENQUIRY","Terms and Condition","NATIVE_IG"
708,"Purchase Enquiry ","PURCHASE-ENQUIRY","Party","NATIVE_IG"
708,"Purchase Enquiry ","PURCHASE-ENQUIRY","EnquiryDetailQuality","NATIVE_IG"
709,"Quotation Register","QUOTATION-REGISTER","Quotation Register","NATIVE_STATIC"
709,"Quotation Register","QUOTATION-REGISTER","Quotation Report","NATIVE_IR"
710,"Purchase Quotation","PURCHASE-QUOTATION","Quotation Detail","NATIVE_IG"
710,"Purchase Quotation","PURCHASE-QUOTATION","DetailQuality","NATIVE_IG"
710,"Purchase Quotation","PURCHASE-QUOTATION","DetailFooter","NATIVE_IG"
710,"Purchase Quotation","PURCHASE-QUOTATION","Terms and Condition","NATIVE_IG"
711,"Comparative Statement Register","COMPARATIVE-STATEMENT-REGISTER","Comparative Statement Register","NATIVE_STATIC"
711,"Comparative Statement Register","COMPARATIVE-STATEMENT-REGISTER","Comparative Statement Report","NATIVE_IR"
712,"Comparative Statement","COMPARATIVE-STATEMENT","CS Detail","NATIVE_IG"
713,"Rate Contract List","RATE-CONTRACT-LIST","Filter","NATIVE_STATIC"
713,"Rate Contract List","RATE-CONTRACT-LIST","Rate Contrat List","NATIVE_IR"
714,"Rate Contract","RATE-CONTRACT","Detail","NATIVE_IG"
714,"Rate Contract","RATE-CONTRACT","FooterDetail","NATIVE_IG"
714,"Rate Contract","RATE-CONTRACT","Terms and Conditions","NATIVE_IG"
714,"Rate Contract","RATE-CONTRACT","Special Note","NATIVE_IG"
714,"Rate Contract","RATE-CONTRACT","Attachment","NATIVE_IR"
715,"Process Routing List","PROCESS-ROUTING-LIST","Process Routing Master","NATIVE_IR"
716,"Process Routing Master","PROCESS-ROUTING-MASTER","Process Routing Detail","NATIVE_IG"
716,"Process Routing Master","PROCESS-ROUTING-MASTER","Attachment","NATIVE_IR"
717,"Process TAT List","PROCESS-TAT-LIST","Process TAT Master","NATIVE_IR"
718,"Process TAT Master","PROCESS-TAT-MASTER","Process TAT Detail","NATIVE_IG"
718,"Process TAT Master","PROCESS-TAT-MASTER","Attachment","NATIVE_IR"
719,"Process Escalation List","PROCESS-ESCALATION-LIST","Process Escalation List","NATIVE_IR"
720,"Process Escalation","PROCESS-ESCALATION","Detail","NATIVE_IG"
720,"Process Escalation","PROCESS-ESCALATION","PROCESS ESCALATION DETAIL USER","NATIVE_IG"
721,"Sales Lifecycle Control Tower","SALES-LIFECYCLE-CONTROL-TOWER","Sales Lifecycle Control Tower","NATIVE_SQL_REPORT"
721,"Sales Lifecycle Control Tower","SALES-LIFECYCLE-CONTROL-TOWER","Trading &amp; Fulfilment KPIs","NATIVE_SQL_REPORT"
721,"Sales Lifecycle Control Tower","SALES-LIFECYCLE-CONTROL-TOWER","Fulfilment Mix","NATIVE_SQL_REPORT"
721,"Sales Lifecycle Control Tower","SALES-LIFECYCLE-CONTROL-TOWER","Executive KPIs","NATIVE_SQL_REPORT"
721,"Sales Lifecycle Control Tower","SALES-LIFECYCLE-CONTROL-TOWER","Fulfilment Health","NATIVE_SQL_REPORT"
721,"Sales Lifecycle Control Tower","SALES-LIFECYCLE-CONTROL-TOWER","Sales Lifecycle Register Flow","NATIVE_SQL_REPORT"
721,"Sales Lifecycle Control Tower","SALES-LIFECYCLE-CONTROL-TOWER","Sales Quotation Follow-up &mdash; Detail Register","NATIVE_IR"
721,"Sales Lifecycle Control Tower","SALES-LIFECYCLE-CONTROL-TOWER","Sales Order Register","NATIVE_IR"
721,"Sales Lifecycle Control Tower","SALES-LIFECYCLE-CONTROL-TOWER","Direct Delivery Funnel","NATIVE_SQL_REPORT"
721,"Sales Lifecycle Control Tower","SALES-LIFECYCLE-CONTROL-TOWER","Vehicles Inside &mdash; Gate In Register","NATIVE_IR"
721,"Sales Lifecycle Control Tower","SALES-LIFECYCLE-CONTROL-TOWER","CC Invoice Register","NATIVE_IR"
721,"Sales Lifecycle Control Tower","SALES-LIFECYCLE-CONTROL-TOWER","Lifecycle Trend","NATIVE_SQL_REPORT"
721,"Sales Lifecycle Control Tower","SALES-LIFECYCLE-CONTROL-TOWER","Loading Advice Destination &amp; Status","NATIVE_SQL_REPORT"
721,"Sales Lifecycle Control Tower","SALES-LIFECYCLE-CONTROL-TOWER","Bottlenecks","NATIVE_SQL_REPORT"
721,"Sales Lifecycle Control Tower","SALES-LIFECYCLE-CONTROL-TOWER","Exception Mix","NATIVE_SQL_REPORT"
721,"Sales Lifecycle Control Tower","SALES-LIFECYCLE-CONTROL-TOWER","Handoff Pressure","NATIVE_SQL_REPORT"
721,"Sales Lifecycle Control Tower","SALES-LIFECYCLE-CONTROL-TOWER","Stage Documents","NATIVE_IR"
721,"Sales Lifecycle Control Tower","SALES-LIFECYCLE-CONTROL-TOWER","Direct Supplier &rarr; Customer Matrix","NATIVE_SQL_REPORT"
721,"Sales Lifecycle Control Tower","SALES-LIFECYCLE-CONTROL-TOWER","Vehicle KPIs","NATIVE_SQL_REPORT"
721,"Sales Lifecycle Control Tower","SALES-LIFECYCLE-CONTROL-TOWER","Order Book Bottleneck","NATIVE_SQL_REPORT"
721,"Sales Lifecycle Control Tower","SALES-LIFECYCLE-CONTROL-TOWER","Vehicle Operational Detail","NATIVE_IR"
721,"Sales Lifecycle Control Tower","SALES-LIFECYCLE-CONTROL-TOWER","Margin Coverage","NATIVE_SQL_REPORT"
721,"Sales Lifecycle Control Tower","SALES-LIFECYCLE-CONTROL-TOWER","Fulfilment Evidence Register","NATIVE_IR"
721,"Sales Lifecycle Control Tower","SALES-LIFECYCLE-CONTROL-TOWER","Category Mix","NATIVE_SQL_REPORT"
721,"Sales Lifecycle Control Tower","SALES-LIFECYCLE-CONTROL-TOWER","Category 360 Register","NATIVE_IR"
721,"Sales Lifecycle Control Tower","SALES-LIFECYCLE-CONTROL-TOWER","Item Performance","NATIVE_IR"
721,"Sales Lifecycle Control Tower","SALES-LIFECYCLE-CONTROL-TOWER","Top Customers","NATIVE_IR"
721,"Sales Lifecycle Control Tower","SALES-LIFECYCLE-CONTROL-TOWER","Agent Performance","NATIVE_IR"
721,"Sales Lifecycle Control Tower","SALES-LIFECYCLE-CONTROL-TOWER","Sales Quotation Balance Register","NATIVE_IR"
721,"Sales Lifecycle Control Tower","SALES-LIFECYCLE-CONTROL-TOWER","Sales Quotation 360 Register","NATIVE_IR"
721,"Sales Lifecycle Control Tower","SALES-LIFECYCLE-CONTROL-TOWER","Vehicle 360 Register","NATIVE_IR"
721,"Sales Lifecycle Control Tower","SALES-LIFECYCLE-CONTROL-TOWER","Customer Collections &amp; Balance","NATIVE_IR"
721,"Sales Lifecycle Control Tower","SALES-LIFECYCLE-CONTROL-TOWER","Customer Credit Limit &amp; Exposure","NATIVE_IR"
721,"Sales Lifecycle Control Tower","SALES-LIFECYCLE-CONTROL-TOWER","Direct Delivery &mdash; Loading Advice Register","NATIVE_IR"
721,"Sales Lifecycle Control Tower","SALES-LIFECYCLE-CONTROL-TOWER","Category Flow","NATIVE_IR"
721,"Sales Lifecycle Control Tower","SALES-LIFECYCLE-CONTROL-TOWER","Category Flow &mdash; Quotation vs Order Detail","NATIVE_IR"
721,"Sales Lifecycle Control Tower","SALES-LIFECYCLE-CONTROL-TOWER","Exception Summary by Condition","NATIVE_SQL_REPORT"
721,"Sales Lifecycle Control Tower","SALES-LIFECYCLE-CONTROL-TOWER","Documents Behind the Selected Exception","NATIVE_IR"
721,"Sales Lifecycle Control Tower","SALES-LIFECYCLE-CONTROL-TOWER","Loading Advice &amp; Trading Exceptions","NATIVE_IR"
798,"New Ledger","NEW-LEDGER","Item Ledger","NATIVE_IG"
902,"Trial Balance Intelligence","TRIAL-BALANCE-INTELLIGENCE","Trial Balance Intelligence Header","NATIVE_SQL_REPORT"
902,"Trial Balance Intelligence","TRIAL-BALANCE-INTELLIGENCE","Balance Control","NATIVE_SQL_REPORT"
902,"Trial Balance Intelligence","TRIAL-BALANCE-INTELLIGENCE","Trial Balance","NATIVE_IR"
903,"Trial Balance Analytics","TRIAL-BALANCE-ANALYTICS","Trial Balance Analytics","NATIVE_SQL_REPORT"
903,"Trial Balance Analytics","TRIAL-BALANCE-ANALYTICS","Ledger Pulse KPIs","NATIVE_SQL_REPORT"
903,"Trial Balance Analytics","TRIAL-BALANCE-ANALYTICS","Accounts That Moved Most","NATIVE_IR"
903,"Trial Balance Analytics","TRIAL-BALANCE-ANALYTICS","Posting Integrity","NATIVE_SQL_REPORT"
903,"Trial Balance Analytics","TRIAL-BALANCE-ANALYTICS","Balances on the Wrong Side","NATIVE_IR"
903,"Trial Balance Analytics","TRIAL-BALANCE-ANALYTICS","Suspense, Clearing and Difference Accounts","NATIVE_IR"
903,"Trial Balance Analytics","TRIAL-BALANCE-ANALYTICS","Dormant Balances","NATIVE_IR"
903,"Trial Balance Analytics","TRIAL-BALANCE-ANALYTICS","Voucher Register","NATIVE_IR"
904,"Profit and Loss Summary","PROFIT-AND-LOSS-SUMMARY","Profit and Loss Summary","NATIVE_SQL_REPORT"
904,"Profit and Loss Summary","PROFIT-AND-LOSS-SUMMARY","Closing Control","NATIVE_SQL_REPORT"
904,"Profit and Loss Summary","PROFIT-AND-LOSS-SUMMARY","Profit and Loss","NATIVE_SQL_REPORT"
904,"Profit and Loss Summary","PROFIT-AND-LOSS-SUMMARY","Reconciliation","NATIVE_SQL_REPORT"
905,"Monthly Profit and Loss","MONTHLY-PROFIT-AND-LOSS","Monthly Profit and Loss","NATIVE_SQL_REPORT"
905,"Monthly Profit and Loss","MONTHLY-PROFIT-AND-LOSS","Monthly Profit and Loss","NATIVE_SQL_REPORT"
905,"Monthly Profit and Loss","MONTHLY-PROFIT-AND-LOSS","Cross-check","NATIVE_SQL_REPORT"
906,"Location Profitability","LOCATION-PROFITABILITY","Location Profitability","NATIVE_SQL_REPORT"
906,"Location Profitability","LOCATION-PROFITABILITY","Profitability by Location","NATIVE_SQL_REPORT"
906,"Location Profitability","LOCATION-PROFITABILITY","Cross-check","NATIVE_SQL_REPORT"
907,"Accounts Receivable Command Centre","AR-COMMAND-CENTRE","Accounts Receivable Command Centre","NATIVE_SQL_REPORT"
907,"Accounts Receivable Command Centre","AR-COMMAND-CENTRE","Receivable Position","NATIVE_SQL_REPORT"
907,"Accounts Receivable Command Centre","AR-COMMAND-CENTRE","Measurement Basis","NATIVE_SQL_REPORT"
907,"Accounts Receivable Command Centre","AR-COMMAND-CENTRE","Receivables KPIs","NATIVE_SQL_REPORT"
907,"Accounts Receivable Command Centre","AR-COMMAND-CENTRE","Secondary KPIs","NATIVE_SQL_REPORT"
907,"Accounts Receivable Command Centre","AR-COMMAND-CENTRE","Ageing Distribution","NATIVE_SQL_REPORT"
907,"Accounts Receivable Command Centre","AR-COMMAND-CENTRE","Exceptions and Controls","NATIVE_SQL_REPORT"
907,"Accounts Receivable Command Centre","AR-COMMAND-CENTRE","What This ERP Can And Cannot Measure","NATIVE_SQL_REPORT"
907,"Accounts Receivable Command Centre","AR-COMMAND-CENTRE","Go to","NATIVE_SQL_REPORT"
908,"Party-wise Outstanding","AR-PARTY-OUTSTANDING","Party-wise Outstanding","NATIVE_SQL_REPORT"
908,"Party-wise Outstanding","AR-PARTY-OUTSTANDING","Customer Outstanding","NATIVE_IR"
908,"Party-wise Outstanding","AR-PARTY-OUTSTANDING","Go to","NATIVE_SQL_REPORT"
909,"Bill-wise Outstanding","AR-OPEN-ITEMS","Bill-wise Outstanding","NATIVE_SQL_REPORT"
909,"Bill-wise Outstanding","AR-OPEN-ITEMS","Open Items","NATIVE_IR"
909,"Bill-wise Outstanding","AR-OPEN-ITEMS","Go to","NATIVE_SQL_REPORT"
910,"Debtor 360","DEBTOR-360","Debtor 360","NATIVE_SQL_REPORT"
910,"Debtor 360","DEBTOR-360","Customer Position","NATIVE_SQL_REPORT"
910,"Debtor 360","DEBTOR-360","Ageing","NATIVE_SQL_REPORT"
910,"Debtor 360","DEBTOR-360","Payment Behaviour","NATIVE_SQL_REPORT"
910,"Debtor 360","DEBTOR-360","Open Items","NATIVE_IR"
910,"Debtor 360","DEBTOR-360","Advances and On-account","NATIVE_SQL_REPORT"
910,"Debtor 360","DEBTOR-360","Credit and Debit Notes","NATIVE_SQL_REPORT"
910,"Debtor 360","DEBTOR-360","Receipt History","NATIVE_IR"
910,"Debtor 360","DEBTOR-360","Receipt Allocation","NATIVE_IR"
910,"Debtor 360","DEBTOR-360","Customer Statement","NATIVE_IR"
910,"Debtor 360","DEBTOR-360","Reconciliation","NATIVE_SQL_REPORT"
910,"Debtor 360","DEBTOR-360","Exceptions and Controls","NATIVE_SQL_REPORT"
910,"Debtor 360","DEBTOR-360","Timeline","NATIVE_SQL_REPORT"
910,"Debtor 360","DEBTOR-360","Go to","NATIVE_SQL_REPORT"
911,"Receipts and Collections","AR-COLLECTIONS","Receipts and Collections","NATIVE_SQL_REPORT"
911,"Receipts and Collections","AR-COLLECTIONS","Collection KPIs","NATIVE_SQL_REPORT"
911,"Receipts and Collections","AR-COLLECTIONS","Receipt Register","NATIVE_IR"
911,"Receipts and Collections","AR-COLLECTIONS","Go to","NATIVE_SQL_REPORT"
912,"Advances and Unapplied Cash","AR-ADVANCES","Advances and Unapplied Cash","NATIVE_SQL_REPORT"
912,"Advances and Unapplied Cash","AR-ADVANCES","Customer Credit KPIs","NATIVE_SQL_REPORT"
912,"Advances and Unapplied Cash","AR-ADVANCES","Customers Holding Credit","NATIVE_IR"
912,"Advances and Unapplied Cash","AR-ADVANCES","Go to","NATIVE_SQL_REPORT"
913,"AR Exceptions and Controls","AR-EXCEPTIONS-CONTROLS","AR Exceptions and Controls","NATIVE_SQL_REPORT"
913,"AR Exceptions and Controls","AR-EXCEPTIONS-CONTROLS","Exception KPIs","NATIVE_SQL_REPORT"
913,"AR Exceptions and Controls","AR-EXCEPTIONS-CONTROLS","Control Matrix","NATIVE_SQL_REPORT"
913,"AR Exceptions and Controls","AR-EXCEPTIONS-CONTROLS","Affected Records","NATIVE_IR"
913,"AR Exceptions and Controls","AR-EXCEPTIONS-CONTROLS","Go to","NATIVE_SQL_REPORT"
914,"AR Reconciliation and Data Health","AR-RECONCILIATION","AR Reconciliation and Data Health","NATIVE_SQL_REPORT"
914,"AR Reconciliation and Data Health","AR-RECONCILIATION","Reconciliation Result","NATIVE_SQL_REPORT"
914,"AR Reconciliation and Data Health","AR-RECONCILIATION","Cross-location settlement basis","NATIVE_SQL_REPORT"
914,"AR Reconciliation and Data Health","AR-RECONCILIATION","Reconciliation by Company, Location and Customer","NATIVE_IR"
914,"AR Reconciliation and Data Health","AR-RECONCILIATION","Go to","NATIVE_SQL_REPORT"
915,"Bill Detail","AR-BILL-DETAIL","Bill Detail","NATIVE_SQL_REPORT"
915,"Bill Detail","AR-BILL-DETAIL","Financial Movement","NATIVE_SQL_REPORT"
915,"Bill Detail","AR-BILL-DETAIL","Originating Document","NATIVE_SQL_REPORT"
915,"Bill Detail","AR-BILL-DETAIL","General Ledger Entry","NATIVE_SQL_REPORT"
915,"Bill Detail","AR-BILL-DETAIL","Settlements","NATIVE_IR"
915,"Bill Detail","AR-BILL-DETAIL","Exceptions on This Item","NATIVE_SQL_REPORT"
915,"Bill Detail","AR-BILL-DETAIL","Go to","NATIVE_SQL_REPORT"
916,"AR Trend Analysis","AR-TREND-ANALYSIS","AR Trend Analysis","NATIVE_SQL_REPORT"
916,"AR Trend Analysis","AR-TREND-ANALYSIS","Go to","NATIVE_SQL_REPORT"
917,"Daily Collection MIS","AR-DAILY-MIS","Daily Collection MIS","NATIVE_SQL_REPORT"
917,"Daily Collection MIS","AR-DAILY-MIS","Daily Position","NATIVE_SQL_REPORT"
917,"Daily Collection MIS","AR-DAILY-MIS","What Falls Due Next","NATIVE_SQL_REPORT"
917,"Daily Collection MIS","AR-DAILY-MIS","Collections Today","NATIVE_IR"
917,"Daily Collection MIS","AR-DAILY-MIS","Largest Overdue Positions","NATIVE_SQL_REPORT"
917,"Daily Collection MIS","AR-DAILY-MIS","Go to","NATIVE_SQL_REPORT"
918,"Weekly AR Review","AR-WEEKLY-MIS","Weekly AR Review","NATIVE_SQL_REPORT"
918,"Weekly AR Review","AR-WEEKLY-MIS","Position and Movement","NATIVE_SQL_REPORT"
918,"Weekly AR Review","AR-WEEKLY-MIS","Largest Exposures","NATIVE_SQL_REPORT"
918,"Weekly AR Review","AR-WEEKLY-MIS","Control Failures","NATIVE_SQL_REPORT"
918,"Weekly AR Review","AR-WEEKLY-MIS","Go to","NATIVE_SQL_REPORT"
919,"Monthly AR Management MIS","AR-MONTHLY-MIS","Monthly AR Management MIS","NATIVE_SQL_REPORT"
919,"Monthly AR Management MIS","AR-MONTHLY-MIS","Management Pack","NATIVE_SQL_REPORT"
919,"Monthly AR Management MIS","AR-MONTHLY-MIS","Position by Company and Location","NATIVE_SQL_REPORT"
919,"Monthly AR Management MIS","AR-MONTHLY-MIS","Go to","NATIVE_SQL_REPORT"
920,"Accounts Payable Command Centre","AP-COMMAND-CENTRE","Accounts Payable Command Centre","NATIVE_SQL_REPORT"
920,"Accounts Payable Command Centre","AP-COMMAND-CENTRE","Payable Position","NATIVE_SQL_REPORT"
920,"Accounts Payable Command Centre","AP-COMMAND-CENTRE","Measurement Basis","NATIVE_SQL_REPORT"
920,"Accounts Payable Command Centre","AP-COMMAND-CENTRE","Payables KPIs","NATIVE_SQL_REPORT"
920,"Accounts Payable Command Centre","AP-COMMAND-CENTRE","Secondary KPIs","NATIVE_SQL_REPORT"
920,"Accounts Payable Command Centre","AP-COMMAND-CENTRE","Ageing Distribution","NATIVE_SQL_REPORT"
920,"Accounts Payable Command Centre","AP-COMMAND-CENTRE","Exceptions and Controls","NATIVE_SQL_REPORT"
920,"Accounts Payable Command Centre","AP-COMMAND-CENTRE","Go to","NATIVE_SQL_REPORT"
921,"Vendor-wise Payable","AP-VENDOR-OUTSTANDING","Vendor-wise Payable","NATIVE_SQL_REPORT"
921,"Vendor-wise Payable","AP-VENDOR-OUTSTANDING","Vendor Outstanding","NATIVE_IR"
921,"Vendor-wise Payable","AP-VENDOR-OUTSTANDING","Go to","NATIVE_SQL_REPORT"
922,"Bill-wise Payable","AP-OPEN-ITEMS","Bill-wise Payable","NATIVE_SQL_REPORT"
922,"Bill-wise Payable","AP-OPEN-ITEMS","Open Items","NATIVE_IR"
922,"Bill-wise Payable","AP-OPEN-ITEMS","Go to","NATIVE_SQL_REPORT"
923,"Creditor 360","CREDITOR-360","Creditor 360","NATIVE_SQL_REPORT"
923,"Creditor 360","CREDITOR-360","Vendor Position","NATIVE_SQL_REPORT"
923,"Creditor 360","CREDITOR-360","Ageing","NATIVE_SQL_REPORT"
923,"Creditor 360","CREDITOR-360","Payment Behaviour","NATIVE_SQL_REPORT"
923,"Creditor 360","CREDITOR-360","Open Items","NATIVE_IR"
923,"Creditor 360","CREDITOR-360","Advances and Debits Held","NATIVE_SQL_REPORT"
923,"Creditor 360","CREDITOR-360","Credit and Debit Notes","NATIVE_SQL_REPORT"
923,"Creditor 360","CREDITOR-360","Payment History","NATIVE_IR"
923,"Creditor 360","CREDITOR-360","Payment Allocation","NATIVE_IR"
923,"Creditor 360","CREDITOR-360","Vendor Statement","NATIVE_IR"
923,"Creditor 360","CREDITOR-360","Reconciliation","NATIVE_SQL_REPORT"
923,"Creditor 360","CREDITOR-360","Exceptions and Controls","NATIVE_SQL_REPORT"
923,"Creditor 360","CREDITOR-360","Timeline","NATIVE_SQL_REPORT"
923,"Creditor 360","CREDITOR-360","Go to","NATIVE_SQL_REPORT"
924,"Payments and Settlement","AP-PAYMENTS","Payments and Settlement","NATIVE_SQL_REPORT"
924,"Payments and Settlement","AP-PAYMENTS","Payment KPIs","NATIVE_SQL_REPORT"
924,"Payments and Settlement","AP-PAYMENTS","Payment Approval Pipeline","NATIVE_SQL_REPORT"
924,"Payments and Settlement","AP-PAYMENTS","Payment Register","NATIVE_IR"
924,"Payments and Settlement","AP-PAYMENTS","Go to","NATIVE_SQL_REPORT"
925,"Advances and Unapplied Payments","AP-ADVANCES","Advances and Unapplied Payments","NATIVE_SQL_REPORT"
925,"Advances and Unapplied Payments","AP-ADVANCES","Vendor Credit KPIs","NATIVE_SQL_REPORT"
925,"Advances and Unapplied Payments","AP-ADVANCES","Vendors Holding Debits","NATIVE_IR"
925,"Advances and Unapplied Payments","AP-ADVANCES","Go to","NATIVE_SQL_REPORT"
926,"Unbilled Liability (GRNI)","AP-GRNI","Unbilled Liability (GRNI)","NATIVE_SQL_REPORT"
926,"Unbilled Liability (GRNI)","AP-GRNI","Why GRNI is not in vendor AP","NATIVE_SQL_REPORT"
926,"Unbilled Liability (GRNI)","AP-GRNI","GRNI KPIs","NATIVE_SQL_REPORT"
926,"Unbilled Liability (GRNI)","AP-GRNI","Pending GRN Register","NATIVE_IR"
926,"Unbilled Liability (GRNI)","AP-GRNI","Go to","NATIVE_SQL_REPORT"
927,"AP Exceptions and Controls","AP-EXCEPTIONS-CONTROLS","AP Exceptions and Controls","NATIVE_SQL_REPORT"
927,"AP Exceptions and Controls","AP-EXCEPTIONS-CONTROLS","Exception KPIs","NATIVE_SQL_REPORT"
927,"AP Exceptions and Controls","AP-EXCEPTIONS-CONTROLS","Control Matrix","NATIVE_SQL_REPORT"
927,"AP Exceptions and Controls","AP-EXCEPTIONS-CONTROLS","Affected Records","NATIVE_IR"
927,"AP Exceptions and Controls","AP-EXCEPTIONS-CONTROLS","Go to","NATIVE_SQL_REPORT"
928,"AP Reconciliation and Data Health","AP-RECONCILIATION","AP Reconciliation and Data Health","NATIVE_SQL_REPORT"
928,"AP Reconciliation and Data Health","AP-RECONCILIATION","Reconciliation Result","NATIVE_SQL_REPORT"
928,"AP Reconciliation and Data Health","AP-RECONCILIATION","Cross-location settlement basis","NATIVE_SQL_REPORT"
928,"AP Reconciliation and Data Health","AP-RECONCILIATION","Reconciliation by Company, Location and Vendor","NATIVE_IR"
928,"AP Reconciliation and Data Health","AP-RECONCILIATION","Go to","NATIVE_SQL_REPORT"
929,"Bill Detail","AP-BILL-DETAIL","Bill Detail","NATIVE_SQL_REPORT"
929,"Bill Detail","AP-BILL-DETAIL","Financial Movement","NATIVE_SQL_REPORT"
929,"Bill Detail","AP-BILL-DETAIL","Originating Document","NATIVE_SQL_REPORT"
929,"Bill Detail","AP-BILL-DETAIL","General Ledger Entry","NATIVE_SQL_REPORT"
929,"Bill Detail","AP-BILL-DETAIL","Settlements","NATIVE_IR"
929,"Bill Detail","AP-BILL-DETAIL","Ledger vs the ERP's Own Documents","NATIVE_SQL_REPORT"
929,"Bill Detail","AP-BILL-DETAIL","Exceptions on This Item","NATIVE_SQL_REPORT"
929,"Bill Detail","AP-BILL-DETAIL","Go to","NATIVE_SQL_REPORT"
930,"AP Trends and Cash Forecast","AP-TREND-ANALYSIS","AP Trends and Cash Forecast","NATIVE_SQL_REPORT"
930,"AP Trends and Cash Forecast","AP-TREND-ANALYSIS","Cash Requirement by Due Date","NATIVE_SQL_REPORT"
930,"AP Trends and Cash Forecast","AP-TREND-ANALYSIS","Go to","NATIVE_SQL_REPORT"
931,"Daily Payment MIS","AP-DAILY-MIS","Daily Payment MIS","NATIVE_SQL_REPORT"
931,"Daily Payment MIS","AP-DAILY-MIS","Daily Position","NATIVE_SQL_REPORT"
931,"Daily Payment MIS","AP-DAILY-MIS","What Falls Due Next","NATIVE_SQL_REPORT"
931,"Daily Payment MIS","AP-DAILY-MIS","Payments Today","NATIVE_IR"
931,"Daily Payment MIS","AP-DAILY-MIS","Largest Overdue Positions","NATIVE_SQL_REPORT"
931,"Daily Payment MIS","AP-DAILY-MIS","Go to","NATIVE_SQL_REPORT"
932,"Weekly AP Review","AP-WEEKLY-MIS","Weekly AP Review","NATIVE_SQL_REPORT"
932,"Weekly AP Review","AP-WEEKLY-MIS","Position and Movement","NATIVE_SQL_REPORT"
932,"Weekly AP Review","AP-WEEKLY-MIS","Largest Exposures","NATIVE_SQL_REPORT"
932,"Weekly AP Review","AP-WEEKLY-MIS","Control Failures","NATIVE_SQL_REPORT"
932,"Weekly AP Review","AP-WEEKLY-MIS","Go to","NATIVE_SQL_REPORT"
933,"Monthly AP Management MIS","AP-MONTHLY-MIS","Monthly AP Management MIS","NATIVE_SQL_REPORT"
933,"Monthly AP Management MIS","AP-MONTHLY-MIS","Management Pack","NATIVE_SQL_REPORT"
933,"Monthly AP Management MIS","AP-MONTHLY-MIS","Position by Company and Location","NATIVE_SQL_REPORT"
933,"Monthly AP Management MIS","AP-MONTHLY-MIS","Go to","NATIVE_SQL_REPORT"
934,"Purchase Command Centre","PURCHASE-COMMAND-CENTRE","Purchase Command Centre","NATIVE_SQL_REPORT"
934,"Purchase Command Centre","PURCHASE-COMMAND-CENTRE","Procurement Pulse KPIs","NATIVE_SQL_REPORT"
934,"Purchase Command Centre","PURCHASE-COMMAND-CENTRE","Sourcing Stages","NATIVE_SQL_REPORT"
934,"Purchase Command Centre","PURCHASE-COMMAND-CENTRE","How Orders Were Sourced","NATIVE_SQL_REPORT"
934,"Purchase Command Centre","PURCHASE-COMMAND-CENTRE","Order Value by Type","NATIVE_SQL_REPORT"
934,"Purchase Command Centre","PURCHASE-COMMAND-CENTRE","Pipeline by Document Type","NATIVE_SQL_REPORT"
934,"Purchase Command Centre","PURCHASE-COMMAND-CENTRE","Quotation Register","NATIVE_IR"
934,"Purchase Command Centre","PURCHASE-COMMAND-CENTRE","Comparative Statement Register","NATIVE_IR"
934,"Purchase Command Centre","PURCHASE-COMMAND-CENTRE","Indent Register","NATIVE_IR"
934,"Purchase Command Centre","PURCHASE-COMMAND-CENTRE","Enquiry Register","NATIVE_IR"
934,"Purchase Command Centre","PURCHASE-COMMAND-CENTRE","Purchase Order Register","NATIVE_IR"
934,"Purchase Command Centre","PURCHASE-COMMAND-CENTRE","Documents Behind the Stage","NATIVE_IR"
934,"Purchase Command Centre","PURCHASE-COMMAND-CENTRE","Execution Pipeline","NATIVE_SQL_REPORT"
934,"Purchase Command Centre","PURCHASE-COMMAND-CENTRE","Pipeline Conversion - click a segment to view orders","NATIVE_SQL_REPORT"
934,"Purchase Command Centre","PURCHASE-COMMAND-CENTRE","Orders Behind the Selected Slice","NATIVE_IR"
934,"Purchase Command Centre","PURCHASE-COMMAND-CENTRE","Documents Behind the Execution Stage","NATIVE_IR"
934,"Purchase Command Centre","PURCHASE-COMMAND-CENTRE","Purchase Order Register (Execution)","NATIVE_IR"
934,"Purchase Command Centre","PURCHASE-COMMAND-CENTRE","Material In Register","NATIVE_IR"
934,"Purchase Command Centre","PURCHASE-COMMAND-CENTRE","Payment Register","NATIVE_IR"
934,"Purchase Command Centre","PURCHASE-COMMAND-CENTRE","GRN Register","NATIVE_IR"
934,"Purchase Command Centre","PURCHASE-COMMAND-CENTRE","Bill Pass Register","NATIVE_IR"
934,"Purchase Command Centre","PURCHASE-COMMAND-CENTRE","Purchase Bill Register","NATIVE_IR"
934,"Purchase Command Centre","PURCHASE-COMMAND-CENTRE","Orders in the Last 10 Days","NATIVE_IR"
934,"Purchase Command Centre","PURCHASE-COMMAND-CENTRE","Supplier Order-to-Payment Cycle","NATIVE_IR"
934,"Purchase Command Centre","PURCHASE-COMMAND-CENTRE","Monthly Purchase Value - click a point to view supplier results","NATIVE_SQL_REPORT"
934,"Purchase Command Centre","PURCHASE-COMMAND-CENTRE","Material In &rarr; Receipt","NATIVE_SQL_REPORT"
934,"Purchase Command Centre","PURCHASE-COMMAND-CENTRE","Purchase by Financial Year - click a column to view supplier results","NATIVE_SQL_REPORT"
934,"Purchase Command Centre","PURCHASE-COMMAND-CENTRE","Purchase Value by Item Category","NATIVE_SQL_REPORT"
934,"Purchase Command Centre","PURCHASE-COMMAND-CENTRE","Location Concentration (Top 12 + Others)","NATIVE_SQL_REPORT"
934,"Purchase Command Centre","PURCHASE-COMMAND-CENTRE","Top 12 Suppliers by Purchase Value - click a bar to filter results","NATIVE_SQL_REPORT"
934,"Purchase Command Centre","PURCHASE-COMMAND-CENTRE","Purchase Value by Location - click a bar to filter results","NATIVE_SQL_REPORT"
934,"Purchase Command Centre","PURCHASE-COMMAND-CENTRE","Supplier Performance","NATIVE_IR"
934,"Purchase Command Centre","PURCHASE-COMMAND-CENTRE","Top 12 Items by Purchase Value - click a bar to view results","NATIVE_SQL_REPORT"
934,"Purchase Command Centre","PURCHASE-COMMAND-CENTRE","Purchase Value by Unit of Measure","NATIVE_SQL_REPORT"
934,"Purchase Command Centre","PURCHASE-COMMAND-CENTRE","Top 10 Transporters by Freight Billed","NATIVE_SQL_REPORT"
934,"Purchase Command Centre","PURCHASE-COMMAND-CENTRE","Broker and Agent Coverage","NATIVE_SQL_REPORT"
934,"Purchase Command Centre","PURCHASE-COMMAND-CENTRE","Transporter Freight Register","NATIVE_IR"
934,"Purchase Command Centre","PURCHASE-COMMAND-CENTRE","Exception Register","NATIVE_SQL_REPORT"
934,"Purchase Command Centre","PURCHASE-COMMAND-CENTRE","Documents Behind the Exception","NATIVE_IR"
934,"Purchase Command Centre","PURCHASE-COMMAND-CENTRE","Purchase Bills","NATIVE_IR"
934,"Purchase Command Centre","PURCHASE-COMMAND-CENTRE","Purchase Analytics","NATIVE_SQL_REPORT"
934,"Purchase Command Centre","PURCHASE-COMMAND-CENTRE","Quick Reports","NATIVE_SQL_REPORT"
935,"Supplier 360","SUPPLIER-360","Supplier 360","NATIVE_SQL_REPORT"
935,"Supplier 360","SUPPLIER-360","Supplier KPIs","NATIVE_SQL_REPORT"
935,"Supplier 360","SUPPLIER-360","Monthly Billed Value","NATIVE_SQL_REPORT"
935,"Supplier 360","SUPPLIER-360","What We Buy From Them","NATIVE_SQL_REPORT"
935,"Supplier 360","SUPPLIER-360","Purchase Orders","NATIVE_IR"
935,"Supplier 360","SUPPLIER-360","Purchase Bills","NATIVE_IR"
936,"Item 360","ITEM-360","Item 360","NATIVE_SQL_REPORT"
936,"Item 360","ITEM-360","Item KPIs","NATIVE_SQL_REPORT"
936,"Item 360","ITEM-360","Item Master","NATIVE_IR"
936,"Item 360","ITEM-360","Specification Mix","NATIVE_IR"
936,"Item 360","ITEM-360","Vendor Comparison","NATIVE_IR"
936,"Item 360","ITEM-360","Realised Rate by Month","NATIVE_SQL_REPORT"
937,"Purchase Bill 360","PURCHASE-BILL-360","Purchase Bill 360","NATIVE_SQL_REPORT"
937,"Purchase Bill 360","PURCHASE-BILL-360","Bill Position","NATIVE_SQL_REPORT"
937,"Purchase Bill 360","PURCHASE-BILL-360","Bill Lines","NATIVE_IR"
937,"Purchase Bill 360","PURCHASE-BILL-360","Receipts Against This Bill","NATIVE_IR"
938,"Specification 360","SPECIFICATION-360","Specification 360","NATIVE_SQL_REPORT"
938,"Specification 360","SPECIFICATION-360","Specification KPIs","NATIVE_SQL_REPORT"
938,"Specification 360","SPECIFICATION-360","Suppliers of This Specification","NATIVE_IR"
939,"Purchase Order 360","PURCHASE-ORDER-360","Purchase Order 360","NATIVE_SQL_REPORT"
939,"Purchase Order 360","PURCHASE-ORDER-360","Order Position","NATIVE_SQL_REPORT"
939,"Purchase Order 360","PURCHASE-ORDER-360","Order Lines","NATIVE_SQL_REPORT"
939,"Purchase Order 360","PURCHASE-ORDER-360","Receipts Against This Order","NATIVE_SQL_REPORT"
939,"Purchase Order 360","PURCHASE-ORDER-360","Bills Against This Order","NATIVE_SQL_REPORT"
940,"Purchase Analytics","PURCHASE-ANALYTICS","Purchase Analytics","NATIVE_SQL_REPORT"
940,"Purchase Analytics","PURCHASE-ANALYTICS","Supplier Concentration","NATIVE_SQL_REPORT"
940,"Purchase Analytics","PURCHASE-ANALYTICS","Vendor KPIs","NATIVE_SQL_REPORT"
940,"Purchase Analytics","PURCHASE-ANALYTICS","Vendor Scorecard","NATIVE_IR"
940,"Purchase Analytics","PURCHASE-ANALYTICS","Purchase Price Movement","NATIVE_SQL_REPORT"
940,"Purchase Analytics","PURCHASE-ANALYTICS","Item Procurement Analysis","NATIVE_IR"
940,"Purchase Analytics","PURCHASE-ANALYTICS","Executive Exception Register","NATIVE_SQL_REPORT"
940,"Purchase Analytics","PURCHASE-ANALYTICS","Records Behind the Exception","NATIVE_IR"
7777,"Prototype and Testing","PROTOTYPE-AND-TESTING","Mismatched Stock","NATIVE_IR"
7777,"Prototype and Testing","PROTOTYPE-AND-TESTING","New Card View Dashboard_VIEW BASED","NATIVE_SQL_REPORT"
7777,"Prototype and Testing","PROTOTYPE-AND-TESTING","New Card View Dashboard","NATIVE_SQL_REPORT"
9996,"Module Search","MSEARCH","9996","NATIVE_IR"
9998,"Search","SEARCH","New","NATIVE_IR"
