"REGION_ID","PAGE_ID","MODULE_CODE","REGION_LABEL","KEY_EXPRESSION","STATUS_EXPRESSION","RECENT_PREDICATE","MINE_PREDICATE","GRAIN_LABEL","STATE","ISSUE"
781918885732158092,10,"ITEMLEDGER","Item Ledger","","","","","Rows in this report scope","REVIEW","Editable grid: requires unsaved-edit safe filtering; original source retained."
926956271824446849,11,"ACCOUNTLEDGERREVISED","New","rk_source.TNO","","","","Distinct document IDs in this report scope","READY",""
585394972912631849,20,"ITEMSPECIFICATION","Item Specification List","cast(rk_source.TNO as varchar2(100))||chr(31)||cast(rk_source.SNO as varchar2(100))","(select ds.documentstatuscode from documentstatusdetail ds where ds.modulecode='ITEMSPECIFICATION' and ds.moduletno=rk_source.TNO fetch first 1 row only)","","","Distinct item specifications in this report scope","READY",""
198604611866540688,40,"CODESCHEME","Detail","","","","","Rows in this report scope","REVIEW","Editable grid: requires unsaved-edit safe filtering; original source retained."
902228166283819606,40,"CODESCHEME","Code Scheme","","","","","Rows in this report scope","REVIEW","Editable grid: requires unsaved-edit safe filtering; original source retained."
918531513221779186,45,"MODULE","Module","","","","","Rows in this report scope","REVIEW","Editable grid: requires unsaved-edit safe filtering; original source retained."
886493536659587176,66,"ACCOUNTOPENING","Account Opening List","rk_source.TNO","(select ds.documentstatuscode from documentstatusdetail ds where ds.modulecode='ACCOUNTOPENING' and ds.moduletno=rk_source.TNO fetch first 1 row only)","","","Distinct document IDs in this report scope","READY",""
585482435493463795,90,"COMPANYVEHICLE","Company Vehicle List","nvl(to_char(rk_source.TNO),chr(0))","(select ds.documentstatuscode from documentstatusdetail ds where ds.modulecode='COMPANYVEHICLE' and ds.moduletno=rk_source.TNO fetch first 1 row only)","exists(select 1 from COMPANYVEHICLE rk_created where rk_created.TNO=rk_source.TNO and rk_created.CREATIONTIME>=sysdate-7 and rk_created.CREATIONTIME<=sysdate)","exists(select 1 from COMPANYVEHICLE rk_created where rk_created.TNO=rk_source.TNO and upper(trim(rk_created.CREATOR))=upper(trim(:APP_USER)))","Distinct records in this report scope","READY",""
587224639552375010,103,"EMPLOYEE","Employee List","nvl(to_char(rk_source.TNO),chr(0))","(select ds.documentstatuscode from documentstatusdetail ds where ds.modulecode='EMPLOYEE' and ds.moduletno=rk_source.TNO fetch first 1 row only)","exists(select 1 from EMPLOYEE rk_created where rk_created.TNO=rk_source.TNO and rk_created.CREATIONTIME>=sysdate-7 and rk_created.CREATIONTIME<=sysdate)","exists(select 1 from EMPLOYEE rk_created where rk_created.TNO=rk_source.TNO and upper(trim(rk_created.CREATOR))=upper(trim(:APP_USER)))","Distinct records in this report scope","READY",""
588739501640962044,111,"QUALITY","Quality List","nvl(to_char(rk_source.TNO),chr(0))","","exists(select 1 from QUALITY rk_created where rk_created.TNO=rk_source.TNO and rk_created.CREATIONTIME>=sysdate-7 and rk_created.CREATIONTIME<=sysdate)","exists(select 1 from QUALITY rk_created where rk_created.TNO=rk_source.TNO and upper(trim(rk_created.CREATOR))=upper(trim(:APP_USER)))","Distinct records in this report scope","READY",""
588806425170150851,113,"QUALITYTYPE","Quality Type List","nvl(to_char(rk_source.TNO),chr(0))","","exists(select 1 from QUALITYTYPE rk_created where rk_created.TNO=rk_source.TNO and rk_created.CREATIONTIME>=sysdate-7 and rk_created.CREATIONTIME<=sysdate)","exists(select 1 from QUALITYTYPE rk_created where rk_created.TNO=rk_source.TNO and upper(trim(rk_created.CREATOR))=upper(trim(:APP_USER)))","Distinct records in this report scope","READY",""
588884606095317622,115,"ITEMQUALITY","Item Quality List","rk_source.TNO","","","","Distinct document IDs in this report scope","READY",""
589363510932892364,121,"CURRENCYUNIT","Currency Unit List","rk_source.TNO","(select ds.documentstatuscode from documentstatusdetail ds where ds.modulecode='CURRENCYUNIT' and ds.moduletno=rk_source.TNO fetch first 1 row only)","","","Distinct document IDs in this report scope","READY",""
452387285642117091,125,"ACCOUNTDAYBOOK","Account Day Book","rk_source.TNO","","","","Distinct document IDs in this report scope","READY",""
514060478330215751,129,"REQUISITION","Material Requisition Register","rk_source.TNO","trim(cast(rk_source.DOCUMENTSTATUSCODE as varchar2(4000)))","","","Distinct document IDs in this report scope","READY",""
595188795335788960,132,"WEIGHMENT","Weighment  List","nvl(to_char(rk_source.COMPANYCODE),chr(0))||chr(31)||nvl(to_char(rk_source.FINANCIALYEARCODE),chr(0))||chr(31)||nvl(to_char(rk_source.LOCATIONCODE),chr(0))||chr(31)||nvl(to_char(rk_source.DOCTYPECODE),chr(0))||chr(31)||nvl(to_char(rk_source.WEIGHMENTNO),chr(0))","","exists(select 1 from WEIGHMENT rk_created where rk_created.COMPANYCODE=rk_source.COMPANYCODE and rk_created.FINANCIALYEARCODE=rk_source.FINANCIALYEARCODE and rk_created.LOCATIONCODE=rk_source.LOCATIONCODE and rk_created.DOCTYPECODE=rk_source.DOCTYPECODE and rk_created.WEIGHMENTNO=rk_source.WEIGHMENTNO and rk_created.CREATIONTIME>=sysdate-7 and rk_created.CREATIONTIME<=sysdate)","exists(select 1 from WEIGHMENT rk_created where rk_created.COMPANYCODE=rk_source.COMPANYCODE and rk_created.FINANCIALYEARCODE=rk_source.FINANCIALYEARCODE and rk_created.LOCATIONCODE=rk_source.LOCATIONCODE and rk_created.DOCTYPECODE=rk_source.DOCTYPECODE and rk_created.WEIGHMENTNO=rk_source.WEIGHMENTNO and upper(trim(rk_created.CREATOR))=upper(trim(:APP_USER)))","Distinct records in this report scope","READY",""
613073133236816312,134,"EINVOICE","E-Invoice Report","rk_source.TNO","","","","Distinct document IDs in this report scope","READY",""
468469204151039622,137,"ISSUE","Material Issue Report","nvl(to_char(rk_source.TNO),chr(0))","(select ds.documentstatuscode from documentstatusdetail ds where ds.modulecode='ISSUE' and ds.moduletno=rk_source.TNO fetch first 1 row only)","exists(select 1 from ISSUE rk_created where rk_created.TNO=rk_source.TNO and rk_created.CREATIONTIME>=sysdate-7 and rk_created.CREATIONTIME<=sysdate)","exists(select 1 from ISSUE rk_created where rk_created.TNO=rk_source.TNO and upper(trim(rk_created.CREATOR))=upper(trim(:APP_USER)))","Distinct records in this report scope","READY",""
470972124676845228,139,"PAYMENTADVICE","New","nvl(to_char(rk_source.TNO),chr(0))","(select ds.documentstatuscode from documentstatusdetail ds where ds.modulecode='PAYMENTADVICE' and ds.moduletno=rk_source.TNO fetch first 1 row only)","exists(select 1 from PAYMENTADVICE rk_created where rk_created.TNO=rk_source.TNO and rk_created.CREATIONTIME>=sysdate-7 and rk_created.CREATIONTIME<=sysdate)","exists(select 1 from PAYMENTADVICE rk_created where rk_created.TNO=rk_source.TNO and upper(trim(rk_created.CREATOR))=upper(trim(:APP_USER)))","Distinct records in this report scope","READY",""
689067459486981184,141,"STOCKDIVISIONWISE","Stock  Division Wise","","","","","Rows in this report scope","READY",""
621797707773646466,144,"STOCKSLWISE","Stock Stock Storage Location Wise","","","","","Rows in this report scope","READY",""
500104838763311836,147,"POAMENDMENT","PO Amendment","rk_source.TNO","(select ds.documentstatuscode from documentstatusdetail ds where ds.modulecode='POAMENDMENT' and ds.moduletno=rk_source.TNO fetch first 1 row only)","","","Distinct document IDs in this report scope","READY",""
601429680349145904,149,"ISSUERETURN","Issue Return List","rk_source.TNO","","","","Distinct document IDs in this report scope","READY",""
845939909901338133,153,"VOUCHER","Voucher Detail List","rk_source.TNO","(select ds.documentstatuscode from documentstatusdetail ds where ds.modulecode='VOUCHER' and ds.moduletno=rk_source.TNO fetch first 1 row only)","","","Distinct document IDs in this report scope","READY",""
603956119249045018,154,"LOADINGADVICE","Loading Advice List","nvl(to_char(rk_source.TNO),chr(0))","(select ds.documentstatuscode from documentstatusdetail ds where ds.modulecode='LOADINGADVICE' and ds.moduletno=rk_source.TNO fetch first 1 row only)","exists(select 1 from LOADINGADVICE rk_created where rk_created.TNO=rk_source.TNO and rk_created.CREATIONTIME>=sysdate-7 and rk_created.CREATIONTIME<=sysdate)","exists(select 1 from LOADINGADVICE rk_created where rk_created.TNO=rk_source.TNO and upper(trim(rk_created.CREATOR))=upper(trim(:APP_USER)))","Distinct records in this report scope","READY",""
855475548046099083,158,"DEBITNOTE","Debit Note List","rk_source.TNO","(select ds.documentstatuscode from documentstatusdetail ds where ds.modulecode='DEBITNOTE' and ds.moduletno=rk_source.TNO fetch first 1 row only)","","","Distinct document IDs in this report scope","READY",""
604865642406184046,160,"DESPATCHADVICE","Dispatch Advice Register Report","nvl(to_char(rk_source.TNO),chr(0))","(select ds.documentstatuscode from documentstatusdetail ds where ds.modulecode='DESPATCHADVICE' and ds.moduletno=rk_source.TNO fetch first 1 row only)","exists(select 1 from DESPATCHADVICE rk_created where rk_created.TNO=rk_source.TNO and rk_created.CREATIONTIME>=sysdate-7 and rk_created.CREATIONTIME<=sysdate)","exists(select 1 from DESPATCHADVICE rk_created where rk_created.TNO=rk_source.TNO and upper(trim(rk_created.CREATOR))=upper(trim(:APP_USER)))","Distinct records in this report scope","READY",""
801384753786481411,165,"CREDITNOTE","Report","rk_source.TNO","(select ds.documentstatuscode from documentstatusdetail ds where ds.modulecode='CREDITNOTE' and ds.moduletno=rk_source.TNO fetch first 1 row only)","","","Distinct document IDs in this report scope","READY",""
512288033104679057,167,"MATERIALOUT","Material Out Register","rk_source.TNO","(select ds.documentstatuscode from documentstatusdetail ds where ds.modulecode='MATERIALOUT' and ds.moduletno=rk_source.TNO fetch first 1 row only)","","","Distinct document IDs in this report scope","READY",""
578271541182137349,170,"SALESORDER","Sales Order Register","nvl(to_char(rk_source.TNO),chr(0))","(select ds.documentstatuscode from documentstatusdetail ds where ds.modulecode='SALESORDER' and ds.moduletno=rk_source.TNO fetch first 1 row only)","exists(select 1 from SALESORDER rk_created where rk_created.TNO=rk_source.TNO and rk_created.CREATIONTIME>=sysdate-7 and rk_created.CREATIONTIME<=sysdate)","exists(select 1 from SALESORDER rk_created where rk_created.TNO=rk_source.TNO and upper(trim(rk_created.CREATOR))=upper(trim(:APP_USER)))","Distinct records in this report scope","READY",""
573917201776151631,174,"CCINVOICE","CC Invoice Register Report","rk_source.TNO","(select ds.documentstatuscode from documentstatusdetail ds where ds.modulecode='CCINVOICE' and ds.moduletno=rk_source.TNO fetch first 1 row only)","","","Distinct document IDs in this report scope","READY",""
611898560320615286,178,"JOBORDER","Job Order List","rk_source.TNO","(select ds.documentstatuscode from documentstatusdetail ds where ds.modulecode='JOBORDER' and ds.moduletno=rk_source.TNO fetch first 1 row only)","","","Distinct document IDs in this report scope","READY",""
482982148522204739,180,"KITTINGUNKITTING","Kitting Unkitting","nvl(to_char(rk_source.TNO),chr(0))","(select ds.documentstatuscode from documentstatusdetail ds where ds.modulecode='KITTINGUNKITTING' and ds.moduletno=rk_source.TNO fetch first 1 row only)","exists(select 1 from STOCKJOURNAL rk_created where rk_created.TNO=rk_source.TNO and rk_created.CREATIONTIME>=sysdate-7 and rk_created.CREATIONTIME<=sysdate)","exists(select 1 from STOCKJOURNAL rk_created where rk_created.TNO=rk_source.TNO and upper(trim(rk_created.CREATOR))=upper(trim(:APP_USER)))","Distinct records in this report scope","READY",""
613127647354835954,183,"SALESGRN","Sales GRN List","rk_source.TNO","(select ds.documentstatuscode from documentstatusdetail ds where ds.modulecode='SALESGRN' and ds.moduletno=rk_source.TNO fetch first 1 row only)","","","Distinct document IDs in this report scope","READY",""
494252376512811160,186,"STOCKTRANSFER","Stock Transfer","rk_source.TNO","(select ds.documentstatuscode from documentstatusdetail ds where ds.modulecode='STOCKTRANSFER' and ds.moduletno=rk_source.TNO fetch first 1 row only)","","","Distinct document IDs in this report scope","READY",""
600498172302484751,190,"BILLRECEIPT","Bill Receipt Register Report","rk_source.TNO","(select ds.documentstatuscode from documentstatusdetail ds where ds.modulecode='BILLRECEIPT' and ds.moduletno=rk_source.TNO fetch first 1 row only)","","","Distinct document IDs in this report scope","READY",""
838938733136155929,192,"ITEMOPENING","Item Opening List","rk_source.TNO","(select ds.documentstatuscode from documentstatusdetail ds where ds.modulecode='ITEMOPENING' and ds.moduletno=rk_source.TNO fetch first 1 row only)","","","Distinct document IDs in this report scope","READY",""
594028798366656767,194,"GATEPASS","Gate Pass Register Report","rk_source.TNO","","","","Distinct document IDs in this report scope","READY",""
443319794454722752,196,"PRODUCTION","Production List","rk_source.TNO","(select ds.documentstatuscode from documentstatusdetail ds where ds.modulecode='PRODUCTION' and ds.moduletno=rk_source.TNO fetch first 1 row only)","","","Distinct document IDs in this report scope","READY",""
506009576941145204,198,"FREIGHTADVICE","Freight Advice List","rk_source.TNO","trim(cast(rk_source.DOCUMENTSTATUSCODE as varchar2(4000)))","","","Distinct document IDs in this report scope","READY",""
443539642980668122,201,"BOM","BOM List","rk_source.TNO","(select ds.documentstatuscode from documentstatusdetail ds where ds.modulecode='BOM' and ds.moduletno=rk_source.TNO fetch first 1 row only)","","","Distinct document IDs in this report scope","READY",""
554148487385059110,207,"REVERSECHARGE","Reverse Charge List","rk_source.TNO","(select ds.documentstatuscode from documentstatusdetail ds where ds.modulecode='REVERSECHARGE' and ds.moduletno=rk_source.TNO fetch first 1 row only)","","","Distinct document IDs in this report scope","READY",""
746296597373680276,210,"PAYBLERECEIVABLEAGEING","Creditors Aging Report","","","","","Rows in this report scope","READY",""
511865500872423775,212,"JOBBILL","Job Bill Register Report","rk_source.TNO","(select ds.documentstatuscode from documentstatusdetail ds where ds.modulecode='JOBBILL' and ds.moduletno=rk_source.TNO fetch first 1 row only)","","","Distinct document IDs in this report scope","READY",""
449994081294410699,214,"AGENTCOMMISSIONRATE","Agent Commision Rate List","nvl(to_char(rk_source.TNO),chr(0))","","exists(select 1 from AGENTCOMMISSIONRATE rk_created where rk_created.TNO=rk_source.TNO and rk_created.CREATIONTIME>=sysdate-7 and rk_created.CREATIONTIME<=sysdate)","exists(select 1 from AGENTCOMMISSIONRATE rk_created where rk_created.TNO=rk_source.TNO and upper(trim(rk_created.CREATOR))=upper(trim(:APP_USER)))","Distinct records in this report scope","READY",""
450489618753956748,216,"SALEINCENTIVERATE","Sale Incentive Rate Register","nvl(to_char(rk_source.TNO),chr(0))","","exists(select 1 from SALEINCENTIVERATE rk_created where rk_created.TNO=rk_source.TNO and rk_created.CREATIONTIME>=sysdate-7 and rk_created.CREATIONTIME<=sysdate)","exists(select 1 from SALEINCENTIVERATE rk_created where rk_created.TNO=rk_source.TNO and upper(trim(rk_created.CREATOR))=upper(trim(:APP_USER)))","Distinct records in this report scope","READY",""
811164723847924758,219,"AGEINGROWS","Payable/Receivable Ageing Detail Report","rk_source.TNO","","","","Distinct document IDs in this report scope","READY",""
533487482412150143,220,"JBPASS","Service Bill Pass Register Report","rk_source.TNO","(select ds.documentstatuscode from documentstatusdetail ds where ds.modulecode='JBPASS' and ds.moduletno=rk_source.TNO fetch first 1 row only)","","","Distinct document IDs in this report scope","READY",""
456974392566741723,222,"MRN","MRN List","rk_source.TNO","(select ds.documentstatuscode from documentstatusdetail ds where ds.modulecode='MRN' and ds.moduletno=rk_source.TNO fetch first 1 row only)","","","Distinct document IDs in this report scope","READY",""
460787098670416990,224,"MODULEDOCTYPEWISETAC","Module Wise TAC List","rk_source.TNO","","","","Distinct document IDs in this report scope","READY",""
225290506365926147,227,"OUTSTANDINGBILLMORETHAN180DAYS","Age Wise Summary","","","","","Rows in this report scope","READY",""
473507538129429203,227,"OUTSTANDINGBILLMORETHAN180DAYS","Outstanding Bills More Than 180 Days","","","","","Rows in this report scope","READY",""
479359855431728705,229,"GSTR1","GSTR1 Register","rk_source.TNO","(select ds.documentstatuscode from documentstatusdetail ds where ds.modulecode='GSTR1' and ds.moduletno=rk_source.TNO fetch first 1 row only)","","","Distinct document IDs in this report scope","READY",""
729079355961894289,231,"GSTINPUTNEW","GST Input Report","","","","","Rows in this report scope","READY",""
749010348743988364,233,"GSTOUTPUTNEW","GST Output Report","","","","","Rows in this report scope","READY",""
317170210734038407,236,"GSTR3B","Inter State","","","","","Rows in this report scope","READY",""
317171106674038416,236,"GSTR3B","Inter State","","","","","Rows in this report scope","READY",""
317171793486038423,236,"GSTR3B","Inter State","","","","","Rows in this report scope","READY",""
448300690491913527,236,"GSTR3B","GSTR3OUTWARD","","","","","Rows in this report scope","READY",""
569465606323290504,241,"RTGSLETTER","RTGS Letter","nvl(to_char(rk_source.TNO),chr(0))","(select ds.documentstatuscode from documentstatusdetail ds where ds.modulecode='RTGSLETTER' and ds.moduletno=rk_source.TNO fetch first 1 row only)","exists(select 1 from RTGSLETTER rk_created where rk_created.TNO=rk_source.TNO and rk_created.CREATIONTIME>=sysdate-7 and rk_created.CREATIONTIME<=sysdate)","exists(select 1 from RTGSLETTER rk_created where rk_created.TNO=rk_source.TNO and upper(trim(rk_created.CREATOR))=upper(trim(:APP_USER)))","Distinct records in this report scope","READY",""
645271766068777095,243,"STOCKREVALUATION","Stock Revaluation","nvl(to_char(rk_source.TNO),chr(0))","","exists(select 1 from STOCKREVALUATION rk_created where rk_created.TNO=rk_source.TNO and rk_created.CREATIONTIME>=sysdate-7 and rk_created.CREATIONTIME<=sysdate)","exists(select 1 from STOCKREVALUATION rk_created where rk_created.TNO=rk_source.TNO and upper(trim(rk_created.CREATOR))=upper(trim(:APP_USER)))","Distinct records in this report scope","READY",""
721258456306003468,245,"STOCKTAKING","Stock Taking","rk_source.TNO","","","","Distinct document IDs in this report scope","READY",""
294800083866940723,247,"ADDITIONALBUSINESSPLACE","Additional Business Place List","rk_source.TNO","(select ds.documentstatuscode from documentstatusdetail ds where ds.modulecode='ADDITIONALBUSINESSPLACE' and ds.moduletno=rk_source.TNO fetch first 1 row only)","","","Distinct document IDs in this report scope","READY",""
1004956036463308497,249,"MONTHLYSUMMARY","New","","","","","Rows in this report scope","REVIEW","Editable grid: requires unsaved-edit safe filtering; original source retained."
1083560097994688173,250,"DAILYSUMMARYREVISED","New","rk_source.TNO","","","","Distinct document IDs in this report scope","READY",""
766996263459303911,251,"PAYBLEBILLS","DETAIL","","","","","Rows in this report scope","REVIEW","Editable grid: requires unsaved-edit safe filtering; original source retained."
845761369849684949,252,"BANKBOOK","DETAIL","","","","","Rows in this report scope","REVIEW","Editable grid: requires unsaved-edit safe filtering; original source retained."
305508777621806326,262,"PFMONTHLYREPORT","PF Monthly Report","","","","","Rows in this report scope","READY",""
317477073272167003,267,"BOSSUSEREMPLOYEE","Boss User Employee","","","","","Rows in this report scope","REVIEW","Editable grid: requires unsaved-edit safe filtering; original source retained."
393556914767604041,268,"ESICMONTHLYREPORT","ESIC Monthly Report","","","","","Rows in this report scope","READY",""
318335536188876697,269,"BONUSSCHEME","Bonus Scheme List","rk_source.TNO","","","","Distinct document IDs in this report scope","READY",""
209951780917329537,273,"PORECEIPT","PO Receipt List","rk_source.TNO","(select ds.documentstatuscode from documentstatusdetail ds where ds.modulecode='PORECEIPT' and ds.moduletno=rk_source.TNO fetch first 1 row only)","","","Distinct document IDs in this report scope","READY",""
944520051334912554,275,"COSTCENTRELEDGERWITHACCOUNT","New","rk_source.TNO","","","","Distinct document IDs in this report scope","READY",""
218314976053779949,276,"BONUS","Bonus List","rk_source.TNO","","","","Distinct document IDs in this report scope","READY",""
212786888465705097,280,"EWAYBILL","E Way Bill","rk_source.TNO","","","","Distinct document IDs in this report scope","READY",""
184866605333682390,281,"PENDINGSOFOLLOWUP","Invoice","rk_source.TNO","","","","Distinct document IDs in this report scope","READY",""
200106339216295538,281,"PENDINGSOFOLLOWUP","Pending Sales Order followup","","","","","Rows in this report scope","REVIEW","Editable grid: requires unsaved-edit safe filtering; original source retained."
200131459923335683,283,"FREIGHTADVANCEREGISTER","Payment Of Transporter Advance","","","","","Rows in this report scope","READY",""
219219779842966370,284,"EMPLOYEEGATEPASS","Employee Gate Pass List","rk_source.TNO","","","","Distinct document IDs in this report scope","READY",""
216316007075301282,290,"DAILYDESPATCHREPORT","Daily Despatch Report","","","","","Rows in this report scope","READY",""
186894187453791355,291,"PURCHASEPARTYPAYMENTREGISTER","Purchase Party Amount Register","rk_source.TNO","","","","Distinct document IDs in this report scope","READY",""
225151042574869792,293,"FIXEDASSETREGISTER","Fixed Asset Register","rk_source.TNO","","","","Distinct document IDs in this report scope","READY",""
225162597216874095,294,"DEPRECIATIONREGISTER","Depreciation","rk_source.TNO","","","","Distinct document IDs in this report scope","READY",""
217221131360948874,295,"FREIGHTRATEAPPROVALREGISTER","Freight Advance Register","","","","","Rows in this report scope","READY",""
224320063161846157,296,"GSTLIABILITY","New","","","","","Rows in this report scope","REVIEW","ORA-00904: ""F"".""IGSTRCMINPUTACCOUNTCODE"": invalid identifier"
202942509235275138,296,"GSTLIABILITY","GST OUTPUT Liability","","","","","Rows in this report scope","READY",""
205938038314268688,298,"DUEOUTSTANDINGBALANCE","Due Outstanding Balance","","","","","Rows in this report scope","READY",""
471118625768211594,300,"CHEQUERECEIPT","Cheque Receipt List","rk_source.TNO","(select ds.documentstatuscode from documentstatusdetail ds where ds.modulecode='CHEQUERECEIPT' and ds.moduletno=rk_source.TNO fetch first 1 row only)","","","Distinct document IDs in this report scope","READY",""
471227543258873953,302,"CHEQUEBOOKISSUE","Cheque Book Issue List","rk_source.TNO","(select ds.documentstatuscode from documentstatusdetail ds where ds.modulecode='CHEQUEBOOKISSUE' and ds.moduletno=rk_source.TNO fetch first 1 row only)","","","Distinct document IDs in this report scope","READY",""
523472344189938035,304,"SERVICEBILL","Service Bill Register Report","rk_source.TNO","(select ds.documentstatuscode from documentstatusdetail ds where ds.modulecode='SERVICEBILL' and ds.moduletno=rk_source.TNO fetch first 1 row only)","","","Distinct document IDs in this report scope","READY",""
189106227408255764,307,"GSTSETUP","GST Setup List","rk_source.TNO","(select ds.documentstatuscode from documentstatusdetail ds where ds.modulecode='GSTSETUP' and ds.moduletno=rk_source.TNO fetch first 1 row only)","","","Distinct document IDs in this report scope","READY",""
241170007042395007,309,"BALANCEFREIGHTSETTLEMENT","Balance Freight Settlement","","","","","Rows in this report scope","READY",""
192124335951032243,310,"LOCATION","location list","nvl(to_char(rk_source.LOCATIONCODE),chr(0))","trim(cast(rk_source.STATUS as varchar2(4000)))","exists(select 1 from LOCATION rk_created where rk_created.LOCATIONCODE=rk_source.LOCATIONCODE and rk_created.CREATIONTIME>=sysdate-7 and rk_created.CREATIONTIME<=sysdate)","exists(select 1 from LOCATION rk_created where rk_created.LOCATIONCODE=rk_source.LOCATIONCODE and upper(trim(rk_created.CREATOR))=upper(trim(:APP_USER)))","Distinct records in this report scope","READY",""
189408356128780990,311,"CHALLAN","Challan List","rk_source.TNO","","","","Distinct document IDs in this report scope","READY",""
194017613650070977,314,"PAYMENTADVICE","Payment Advice Report","nvl(to_char(rk_source.TNO),chr(0))","(select ds.documentstatuscode from documentstatusdetail ds where ds.modulecode='PAYMENTADVICE' and ds.moduletno=rk_source.TNO fetch first 1 row only)","exists(select 1 from PAYMENTADVICE rk_created where rk_created.TNO=rk_source.TNO and rk_created.CREATIONTIME>=sysdate-7 and rk_created.CREATIONTIME<=sysdate)","exists(select 1 from PAYMENTADVICE rk_created where rk_created.TNO=rk_source.TNO and upper(trim(rk_created.CREATOR))=upper(trim(:APP_USER)))","Distinct records in this report scope","READY",""
539641132128264835,316,"IMPORT","Import Register","rk_source.TNO","","","","Distinct document IDs in this report scope","READY",""
196082810228355181,319,"FOOTERFORMULA","Footer Formula List","rk_source.TNO","","","","Distinct document IDs in this report scope","READY",""
593666934239704869,327,"PURCHASEBILLLEDGER","PURCHASE BILL LEDGER","","","","","Rows in this report scope","READY",""
627443024571574857,329,"CCINVOICELEDGER","CCINVOICE LEDGER","","","","","Rows in this report scope","READY",""
555190269535808613,333,"PFCHALLAN","PF Challan List","rk_source.TNO","","","","Distinct document IDs in this report scope","READY",""
598915441862590639,335,"CHANGEINEMPLOYEE","Change In Employee","rk_source.TNO","","","","Distinct document IDs in this report scope","READY",""
642991873717139935,337,"RESIGNATION","Employee Separation","rk_source.TNO","","","","Distinct document IDs in this report scope","READY",""
731685944754701785,341,"LEAVESCHEME","Leave Scheme","rk_source.TNO","","","","Distinct document IDs in this report scope","READY",""
688577660486903483,343,"LOANRECEIPT","Employee Loan Receipt","rk_source.TNO","(select ds.documentstatuscode from documentstatusdetail ds where ds.modulecode='LOANRECEIPT' and ds.moduletno=rk_source.TNO fetch first 1 row only)","","","Distinct document IDs in this report scope","READY",""
734245153677969277,345,"LOANRELAXATION","Employee Loan Relaxation","rk_source.TNO","","","","Distinct document IDs in this report scope","READY",""
506313811322508472,347,"ADVANCERECEIPT","Advance Receipt List","nvl(to_char(rk_source.TNO),chr(0))","(select ds.documentstatuscode from documentstatusdetail ds where ds.modulecode='ADVANCERECEIPT' and ds.moduletno=rk_source.TNO fetch first 1 row only)","exists(select 1 from ADVANCERECEIPT rk_created where rk_created.TNO=rk_source.TNO and rk_created.CREATIONTIME>=sysdate-7 and rk_created.CREATIONTIME<=sysdate)","exists(select 1 from ADVANCERECEIPT rk_created where rk_created.TNO=rk_source.TNO and upper(trim(rk_created.CREATOR))=upper(trim(:APP_USER)))","Distinct records in this report scope","READY",""
521245344516031622,351,"GSTR9","GSTR9 Register","","","","","Rows in this report scope","REVIEW","ORA-00942: table or view ""IMART"".""GSTR9"" does not exist"
44821821083098859,362,"PAYMENTFOLLOWUP","Report Region","","","","","Rows in this report scope","READY",""
51270069056927293,364,"TRANSACTIONSUMMARY","Transactional Summary","","","","","Rows in this report scope","READY",""
57203661423730711,375,"DESPATCHADVICE","Pending Dispatch Quantity Register","nvl(to_char(rk_source.TNO),chr(0))","(select ds.documentstatuscode from documentstatusdetail ds where ds.modulecode='DESPATCHADVICE' and ds.moduletno=rk_source.TNO fetch first 1 row only)","exists(select 1 from DESPATCHADVICE rk_created where rk_created.TNO=rk_source.TNO and rk_created.CREATIONTIME>=sysdate-7 and rk_created.CREATIONTIME<=sysdate)","exists(select 1 from DESPATCHADVICE rk_created where rk_created.TNO=rk_source.TNO and upper(trim(rk_created.CREATOR))=upper(trim(:APP_USER)))","Distinct records in this report scope","READY",""
57926020090864967,377,"PAYMENTFOLLOWUPACTION","Payment Follow-up Action","nvl(to_char(rk_source.TNO),chr(0))","(select ds.documentstatuscode from documentstatusdetail ds where ds.modulecode='PAYMENTFOLLOWUPACTION' and ds.moduletno=rk_source.TNO fetch first 1 row only)","exists(select 1 from PINVOICE rk_created where rk_created.TNO=rk_source.TNO and rk_created.CREATIONTIME>=sysdate-7 and rk_created.CREATIONTIME<=sysdate)","exists(select 1 from PINVOICE rk_created where rk_created.TNO=rk_source.TNO and upper(trim(rk_created.CREATOR))=upper(trim(:APP_USER)))","Distinct records in this report scope","READY",""
59275451967807191,378,"GRNPENDINGFORPB","Pending Purchase Bill Report","rk_source.TNO","trim(cast(rk_source.DOCSTATUS as varchar2(4000)))","","","Distinct document IDs in this report scope","READY",""
19829060650332680,382,"PINVOICE","Proforma Invoice Report","nvl(to_char(rk_source.TNO),chr(0))","(select ds.documentstatuscode from documentstatusdetail ds where ds.modulecode='PINVOICE' and ds.moduletno=rk_source.TNO fetch first 1 row only)","exists(select 1 from PINVOICE rk_created where rk_created.TNO=rk_source.TNO and rk_created.CREATIONTIME>=sysdate-7 and rk_created.CREATIONTIME<=sysdate)","exists(select 1 from PINVOICE rk_created where rk_created.TNO=rk_source.TNO and upper(trim(rk_created.CREATOR))=upper(trim(:APP_USER)))","Distinct records in this report scope","READY",""
799500938229613050,400,"TRIALBALANCE","New","","","","","Rows in this report scope","READY",""
536200138419635956,403,"GSTINPUTREPORT","GST Input Report","","","","","Rows in this report scope","READY",""
556095672323672456,404,"GSTOUTPUTREPORT","GST Output Report","","","","","Rows in this report scope","READY",""
560203891137444026,405,"TDSPAYBLE","TDS PAYBLE","","","","","Rows in this report scope","READY",""
580309016104580067,406,"TDSRECEIVABLE","TDS RECEIVABLE","","","","","Rows in this report scope","READY",""
554632835197078041,407,"STOCKSTATEMENT","Stock Statement","","","","","Rows in this report scope","READY",""
656580953359170099,410,"PRTODB","PR to DB","","","","","Rows in this report scope","READY",""
59660745800184918,411,"ORDERVSDESPATCH","Order vs Sale","","","","","Rows in this report scope","READY",""
473474319816640358,411,"ORDERVSDESPATCH","Order vs Dispatch Report","","","","","Rows in this report scope","READY",""
231280098046099036,412,"BALANCESHEETREVISED","LIABILITIES","","","","","Rows in this report scope","READY",""
231281668204099051,412,"BALANCESHEETREVISED","ASSETS","","","","","Rows in this report scope","READY",""
201062135286987207,412,"BALANCESHEETREVISED","PROFIT AND LOSS","","","","","Rows in this report scope","READY",""
235505455957637719,413,"TRIALBALANCEPOSITION","Master","","","","","Rows in this report scope","REVIEW","Editable grid: requires unsaved-edit safe filtering; original source retained."
532191270663955582,414,"SCHEDULE","Schedule Register","rk_source.TNO","","","","Distinct document IDs in this report scope","READY",""
271016761985527265,416,"PROFITANDLOSSREVISED","Income","","","","","Rows in this report scope","REVIEW","Editable grid: requires unsaved-edit safe filtering; original source retained."
203325845975676320,416,"PROFITANDLOSSREVISED","Expense","","","","","Rows in this report scope","REVIEW","Editable grid: requires unsaved-edit safe filtering; original source retained."
488051620533507277,417,"TDSCHALLAN","Report(Material In)","rk_source.TNO","","","","Distinct document IDs in this report scope","READY",""
509341019426674932,419,"ESICHALLAN","Report ","rk_source.TNO","","","","Distinct document IDs in this report scope","READY",""
691337154239456138,523,"AGEINGROWS","Creditors Aging Detail Report","","","","","Rows in this report scope","READY",""
629656715357751485,605,"LEAVE","Leave List","rk_source.TNO","","","","Distinct document IDs in this report scope","READY",""
454363655506916258,613,"QUALIFICATIONTYPE","Qualification Type List","rk_source.TNO","","","","Distinct document IDs in this report scope","READY",""
645485315536975711,617,"QUALIFICATION","Qualification List","rk_source.TNO","","","","Distinct document IDs in this report scope","READY",""
484714689680678250,619,"ATTENDENCEPERIODICAL","ATTENDENCE PERIODICAL","rk_source.TNO","(select ds.documentstatuscode from documentstatusdetail ds where ds.modulecode='ATTENDENCEPERIODICAL' and ds.moduletno=rk_source.TNO fetch first 1 row only)","","","Distinct document IDs in this report scope","READY",""
455159378719756879,621,"EMPLOYEESALARY","EMPLOYEE SALARY","rk_source.TNO","(select ds.documentstatuscode from documentstatusdetail ds where ds.modulecode='EMPLOYEESALARY' and ds.moduletno=rk_source.TNO fetch first 1 row only)","","","Distinct document IDs in this report scope","READY",""
471452390089212382,623,"SALARYSCHEME","SALARY SCHEME","rk_source.TNO","(select ds.documentstatuscode from documentstatusdetail ds where ds.modulecode='SALARYSCHEME' and ds.moduletno=rk_source.TNO fetch first 1 row only)","","","Distinct document IDs in this report scope","READY",""
455599698726345221,625,"EMPLOYEEDEDUCTIONEARNING","EMPLOYEE DEDUCTION EARNING","rk_source.TNO","(select ds.documentstatuscode from documentstatusdetail ds where ds.modulecode='EMPLOYEEDEDUCTIONEARNING' and ds.moduletno=rk_source.TNO fetch first 1 row only)","","","Distinct document IDs in this report scope","READY",""
487984740926815070,627,"LOANSCHEME","LOAN SCHEME","rk_source.TNO","(select ds.documentstatuscode from documentstatusdetail ds where ds.modulecode='LOANSCHEME' and ds.moduletno=rk_source.TNO fetch first 1 row only)","","","Distinct document IDs in this report scope","READY",""
456456000515433504,631,"ATTENDENCE","ATTENDENCE","rk_source.TNO","","","","Distinct document IDs in this report scope","READY",""
458086823991849105,633,"LEAVEREQUEST","LEAVEREQUEST","rk_source.TNO","","","","Distinct document IDs in this report scope","READY",""
459340066640538715,637,"LOANREQUEST","Loan Request","rk_source.TNO","(select ds.documentstatuscode from documentstatusdetail ds where ds.modulecode='LOANREQUEST' and ds.moduletno=rk_source.TNO fetch first 1 row only)","","","Distinct document IDs in this report scope","READY",""
459951600331843233,638,"LOANSANCTION","LOANSANCTION","rk_source.TNO","(select ds.documentstatuscode from documentstatusdetail ds where ds.modulecode='LOANSANCTION' and ds.moduletno=rk_source.TNO fetch first 1 row only)","","","Distinct document IDs in this report scope","READY",""
491043708945613708,640,"SALARY","SALARY","rk_source.TNO","","","","Distinct document IDs in this report scope","READY",""
503668940504410398,642,"ATTENDENCEREVISION","AttendenceRevision","rk_source.TNO","","","","Distinct document IDs in this report scope","READY",""
477376970416587842,644,"VISITORINOUT","Visitor Gate pass Register Report","rk_source.TNO","","","","Distinct document IDs in this report scope","READY",""
465018788150855294,651,"TOURREQUEST","On Duty Request List","rk_source.TNO","","","","Distinct document IDs in this report scope","READY",""
482695226195184534,655,"EXPENSETYPE","EXPENSETYPE","rk_source.TNO","","","","Distinct document IDs in this report scope","READY",""
491334630131997996,657,"TOURREQUESTONSPECIALAPPROVAL","OD Request On Special Approval List","rk_source.TNO","","","","Distinct document IDs in this report scope","READY",""
465962029896663203,659,"TOUREXPENSE","Reimbursement Claim List","rk_source.TNO","","","","Distinct document IDs in this report scope","READY",""
601787149814751071,661,"CONVEYANCETYPE","CONVEYANCETYPE","rk_source.TNO","","","","Distinct document IDs in this report scope","READY",""
629311064475710113,663,"PARTYATTRIBUTE","PARTYATTRIBUTE","nvl(to_char(rk_source.TNO),chr(0))","(select ds.documentstatuscode from documentstatusdetail ds where ds.modulecode='PARTYATTRIBUTE' and ds.moduletno=rk_source.TNO fetch first 1 row only)","exists(select 1 from PARTYATTRIBUTE rk_created where rk_created.TNO=rk_source.TNO and rk_created.CREATIONTIME>=sysdate-7 and rk_created.CREATIONTIME<=sysdate)","exists(select 1 from PARTYATTRIBUTE rk_created where rk_created.TNO=rk_source.TNO and upper(trim(rk_created.CREATOR))=upper(trim(:APP_USER)))","Distinct records in this report scope","READY",""
485593416100137434,665,"ASSETOPENING","Asset Opening","nvl(to_char(rk_source.TNO),chr(0))","(select ds.documentstatuscode from documentstatusdetail ds where ds.modulecode='ASSETOPENING' and ds.moduletno=rk_source.TNO fetch first 1 row only)","exists(select 1 from ASSET rk_created where rk_created.TNO=rk_source.TNO and rk_created.CREATIONTIME>=sysdate-7 and rk_created.CREATIONTIME<=sysdate)","exists(select 1 from ASSET rk_created where rk_created.TNO=rk_source.TNO and upper(trim(rk_created.CREATOR))=upper(trim(:APP_USER)))","Distinct records in this report scope","READY",""
516885773362388308,669,"ASSETSALE","Asset Opening","rk_source.TNO","","","","Distinct document IDs in this report scope","READY",""
548591116669601624,671,"ASSETDISCARD","Asset Discard","rk_source.TNO","","","","Distinct document IDs in this report scope","READY",""
471395144107817107,673,"BANKRECONSILATION","Detail","","","","","Rows in this report scope","REVIEW","Editable grid: requires unsaved-edit safe filtering; original source retained."
472523031821017077,676,"DEPRECIATION","Depreciation List","rk_source.TNO","(select ds.documentstatuscode from documentstatusdetail ds where ds.modulecode='DEPRECIATION' and ds.moduletno=rk_source.TNO fetch first 1 row only)","","","Distinct document IDs in this report scope","READY",""
473319880687353380,680,"FIXEDASSETS","Fixed Assets","","","","","Rows in this report scope","READY",""
480034596034426123,681,"SALARYVOUCHER","Salary Voucher List","rk_source.TNO","(select ds.documentstatuscode from documentstatusdetail ds where ds.modulecode='SALARYVOUCHER' and ds.moduletno=rk_source.TNO fetch first 1 row only)","","","Distinct document IDs in this report scope","READY",""
480438569233038815,683,"SALARYPAYMENTADVICE","Salary Payment Advice List","rk_source.TNO","","","","Distinct document IDs in this report scope","READY",""
482232375177012831,685,"HOLDSALARY","Hold Salary List","rk_source.TNO","","","","Distinct document IDs in this report scope","READY",""
483019373770074957,687,"UNHOLDSALARY","Un-Hold Salary list","rk_source.TNO","","","","Distinct document IDs in this report scope","READY",""
485122376786622092,689,"OPENINGLEAVE","Opening Leave List","rk_source.TNO","(select ds.documentstatuscode from documentstatusdetail ds where ds.modulecode='OPENINGLEAVE' and ds.moduletno=rk_source.TNO fetch first 1 row only)","","","Distinct document IDs in this report scope","READY",""
487625767753841617,691,"ASSETTRANSFER","Asset Transfer List","rk_source.TNO","","","","Distinct document IDs in this report scope","READY",""
488091905783777899,693,"OPENINGLOAN","Opening Loan list","rk_source.TNO","(select ds.documentstatuscode from documentstatusdetail ds where ds.modulecode='OPENINGLOAN' and ds.moduletno=rk_source.TNO fetch first 1 row only)","","","Distinct document IDs in this report scope","READY",""
488227292182126200,695,"FULLANDFINAL","Full and Final List","nvl(to_char(rk_source.TNO),chr(0))","(select ds.documentstatuscode from documentstatusdetail ds where ds.modulecode='FULLANDFINAL' and ds.moduletno=rk_source.TNO fetch first 1 row only)","exists(select 1 from FULLANDFINAL rk_created where rk_created.TNO=rk_source.TNO and rk_created.CREATIONTIME>=sysdate-7 and rk_created.CREATIONTIME<=sysdate)","exists(select 1 from FULLANDFINAL rk_created where rk_created.TNO=rk_source.TNO and upper(trim(rk_created.CREATOR))=upper(trim(:APP_USER)))","Distinct records in this report scope","READY",""
231408634368176212,701,"SALESENQUIRY","Sales Enquiry List","nvl(to_char(rk_source.TNO),chr(0))","(select ds.documentstatuscode from documentstatusdetail ds where ds.modulecode='SALESENQUIRY' and ds.moduletno=rk_source.TNO fetch first 1 row only)","exists(select 1 from SALESENQUIRY rk_created where rk_created.TNO=rk_source.TNO and rk_created.CREATIONTIME>=sysdate-7 and rk_created.CREATIONTIME<=sysdate)","exists(select 1 from SALESENQUIRY rk_created where rk_created.TNO=rk_source.TNO and upper(trim(rk_created.CREATOR))=upper(trim(:APP_USER)))","Distinct records in this report scope","READY",""
232021330335737131,704,"SALESQUOTATION","Sales Quotation List","nvl(to_char(rk_source.TNO),chr(0))","trim(cast(rk_source.WINLOSS as varchar2(4000)))","exists(select 1 from SALESQUOTATION rk_created where rk_created.TNO=rk_source.TNO and rk_created.CREATIONTIME>=sysdate-7 and rk_created.CREATIONTIME<=sysdate)","exists(select 1 from SALESQUOTATION rk_created where rk_created.TNO=rk_source.TNO and upper(trim(rk_created.CREATOR))=upper(trim(:APP_USER)))","Distinct records in this report scope","READY",""
416786540566841742,707,"ENQUIRY","Enquiry Report","nvl(to_char(rk_source.TNO),chr(0))","trim(cast(rk_source.QUOTATIONSTATUS as varchar2(4000)))","exists(select 1 from ENQUIRY rk_created where rk_created.TNO=rk_source.TNO and rk_created.CREATIONTIME>=sysdate-7 and rk_created.CREATIONTIME<=sysdate)","exists(select 1 from ENQUIRY rk_created where rk_created.TNO=rk_source.TNO and upper(trim(rk_created.CREATOR))=upper(trim(:APP_USER)))","Distinct records in this report scope","READY",""
439473576294649698,709,"QUOTATION","Quotation Report","nvl(to_char(rk_source.TNO),chr(0))","(select ds.documentstatuscode from documentstatusdetail ds where ds.modulecode='QUOTATION' and ds.moduletno=rk_source.TNO fetch first 1 row only)","exists(select 1 from QUOTATION rk_created where rk_created.TNO=rk_source.TNO and rk_created.CREATIONTIME>=sysdate-7 and rk_created.CREATIONTIME<=sysdate)","exists(select 1 from QUOTATION rk_created where rk_created.TNO=rk_source.TNO and upper(trim(rk_created.CREATOR))=upper(trim(:APP_USER)))","Distinct records in this report scope","READY",""
462028200917989297,711,"COMPARATIVESTATEMENT","Comparative Statement Report","rk_source.TNO","(select ds.documentstatuscode from documentstatusdetail ds where ds.modulecode='COMPARATIVESTATEMENT' and ds.moduletno=rk_source.TNO fetch first 1 row only)","","","Distinct document IDs in this report scope","READY",""
238367991065946931,713,"RATECONTRACT","Rate Contrat List","nvl(to_char(rk_source.TNO),chr(0))","(select ds.documentstatuscode from documentstatusdetail ds where ds.modulecode='RATECONTRACT' and ds.moduletno=rk_source.TNO fetch first 1 row only)","exists(select 1 from RATECONTRACT rk_created where rk_created.TNO=rk_source.TNO and rk_created.CREATIONTIME>=sysdate-7 and rk_created.CREATIONTIME<=sysdate)","exists(select 1 from RATECONTRACT rk_created where rk_created.TNO=rk_source.TNO and upper(trim(rk_created.CREATOR))=upper(trim(:APP_USER)))","Distinct records in this report scope","READY",""
239548576856168817,719,"PROCESSESCALATION","Process Escalation List","nvl(to_char(rk_source.TNO),chr(0))","(select ds.documentstatuscode from documentstatusdetail ds where ds.modulecode='PROCESSESCALATION' and ds.moduletno=rk_source.TNO fetch first 1 row only)","exists(select 1 from PROCESSESCALATION rk_created where rk_created.TNO=rk_source.TNO and rk_created.CREATIONTIME>=sysdate-7 and rk_created.CREATIONTIME<=sysdate)","exists(select 1 from PROCESSESCALATION rk_created where rk_created.TNO=rk_source.TNO and upper(trim(rk_created.CREATOR))=upper(trim(:APP_USER)))","Distinct records in this report scope","READY",""

174 rows selected. 

