"MODULECODE","MODULENAME","MODULETYPE","MODULETYPECODE","TRANSACTIONDATECOLUMN","MASTERTABLENAME","PAGENO","ENTRYPAGENO"
"360DASHBOARD","360 Dashboard","","1","","","519","519"
"ACCOUNTDAYBOOK","Account Day Book","","STORE","ACCOUNTDAYBOOKDATE","ACCOUNTDAYBOOK","125","125"
"ACCOUNTLEDGERREVISED","Account Ledger","","","VOUCHERDATE","VOUCHER","11","11"
"ACCOUNTOPENING","Account Opening","","1","ACCOUNTOPENINGDATE","ACCOUNTOPENING","66","67"
"ACTION","Action.","","103","","","","1"
"ADDITIONALBUSINESSPLACE","Additional Business Place","","","","","247","248"
"ADVANCERECEIPT","Advance Receipt","","108","ADVANCERECEIPTDATE","ADVANCERECEIPT","347","348"
"AGENTCOMMISSIONRATE","Agent Commission Rate","","STORE","AGENTCOMMISSIONRATEDATE","AGENTCOMMISSIONRATE","",""
"ASSET","Asset","","108","ASSETDATE","ASSET","674","675"
"ASSETCATEGORY","Asset Category","","108","","ASSETCATEGORY","667","668"
"ASSETCATEGORYDEPRATE","Asset Category Depriciation Rate","","108","ASSETCATEGORYDEPRATEDATE","ASSETCATEGORYDEPRATE","678","679"
"ASSETDEPRECIATION","Asset Depreciation","","108","ASSETDEPRECIATIONDATE","ASSETDEPRECIATION","",""
"ASSETDISCARD","Asset Discard","","108","ASSETDISCARDDATE","ASSETDISCARD","671","672"
"ASSETOPENING","Asset Opening","","108","ASSETDATE","ASSET","665","666"
"ASSETSALE","Asset Sale","","108","ASSETSALEDATE","ASSETSALE","669","670"
"ASSETTRANSFER","Asset Transfer","","108","ASSETTRANSFERDATE","ASSETTRANSFER","691","692"
"ATTENDENCE","Attendence","","STORE","ATTENDENCEDATE","ATTENDENCE","631","632"
"ATTENDENCEHEAD","Attendence Head","","1","","ATTENDENCEHEAD","615","616"
"ATTENDENCEPERIODICAL","Attendence Periodical","","STORE","ATTENDENCEPERIODICALDATE","ATTENDENCEPERIODICAL","619","620"
"ATTENDENCEREVISION","Attendence Revision","","STORE","ATTENDENCEREVISIONDATE","ATTENDENCEREVISION","642","643"
"BALANCEFREIGHTSETTLEMENT","Balance Freight Settlement","","","","","309","309"
"BALANCESHEETREVISED","Balance Sheet","","STORE","","","412","412"
"BANK","Bank","","STORE","","BANK","123","124"
"BANKBOOK","Bank /  Cash Book","","STORE","","BANK","252","252"
"BANKRECONSILATION","Bank Reconsilation","","108","","","673","673"
"BILLRECEIPT","Bill Receipt","","108","DFREIGHTBILLRECEIPTDATE","DFREIGHTBILLRECEIPT","190","191"
"BONUS","Bonus","","108","INCENTIVEDATE","BONUS","276","277"
"BONUSSCHEME","Bonus Scheme","","1","","BONUSSCHEME","269","270"
"BOSSUSER","Boss User","","1","","BOSSUSER","80","81"
"BOSSUSEREMPLOYEE","Boss User Employee","","103","","","267","267"
"CATEGORY","Employee Category","","1","","CATEGORY","339","340"
"CCINVOICE","CCInvoice","","STORE","CCINVOICEDATE","CCINVOICE","174","175"
"CCINVOICELEDGER","CCInvoice Ledger","","STORE","CCINVOICEDATE","CCINVOICELEDGER","329","329"
"CHALLAN","Challan","","","","","311","312"
"CHANGEINEMPLOYEE","Change In Employee","user","1","CHANGEINEMPLOYEEDATE","CHANGEINEMPLOYEE","335","336"
"CHANGEPASSWORD","Change Password","","103","","","292","292"
"CHARTOFACCOUNTS","Chart Of Accounts","","111","","","278","278"
"CHARTOFITEMS","Chart Of Items","","111","","","279","279"
"CHEQUEBOOKISSUE","Chequebookissue","","1","CHEQUEBOOKISSUEDATE","CHEQUEBOOKISSUE","302","303"
"CHEQUERECEIPT","Cheque Receipt","","108","CHEQUERECEIPTDATE","CHEQUERECEIPT","300","301"
"CITY","City","","1","","CITY","7","8"
"CODESCHEME","Code Scheme","","103","","CODESCHEME","40","40"
"CODESCHEMEMASTER","Code Scheme For Master Module","a","103","","CODESCHEMEMASTER","41","42"
"COMPANY","Company","User","1","","COMPANY","3","4"
"COMPARATIVESTATEMENT","Comparative Statement","","STORE","COMPARATIVESTATEMENTDATE","COMPARATIVESTATEMENT","711","712"
"CONVEYANCESCHEME","Reimbursement Policy","","1","CONVEYANCESCHEMEDATE","CONVEYANCESCHEME","648","649"
"CONVEYANCETYPE","Conveyance Type","","1","","CONVEYANCETYPE","661","662"
"COSTCENTRE","Cost Centre","","","CREATIONTIME","COSTCENTRE","119","120"
"COSTCENTRELEDGERWITHACCOUNT","COST CENTRE LEDGER WITH ACCOUNT","","","","","275","275"
"CREDITNOTE","Credit Note","","108","CREDITNOTEDATE","CREDITNOTE","165","166"
"DAILYDESPATCHREPORT","Daily Despatch Report","","","","","290","290"
"DAILYSUMMARYREVISED","Daily Summary","","STORE","","","250","250"
"DEBITNOTE","Debit Note","","STORE","DEBITNOTEDATE","DEBITNOTE","158","159"
"DELIVERYINTIMATION","Delivery Intimation","","STORE","DELIVERYINTIMATIONDATE","DELIVERYINTIMATION","",""
"DEPARTMENT","Department","","1","","DEPARTMENT","82","83"
"DEPRECIATION","Depreciation","","108","DEPRECIATIONDATE","DEPRECIATION","676","677"
"DEPRECIATIONREGISTER","Depreciation Register","","","","","294","294"
"DESIGNATION","Designation","","1","","DESIGNATION","86","87"
"DESPATCHADVICE","Despatch Advice","","STORE","DESPATCHADVICEDATE","DESPATCHADVICE","160","161"
"DINSPECTION","Department Inspection","","STORE","DEPARTMENTINSPECTIONDATE","DINSPECTION","1",""
"DISCREPANCYNOTE","Discrepancy Note","","107","DISCREPANCYNOTEDATE","DISCREPANCYNOTE","",""
"DOCTYPE","Doctype","","1","","DOCTYPE","21","22"
"DUEOUTSTANDINGBALANCE","Due Outstanding Balance","","","","","298","298"
"EINVOICE","E Invoice","","STORE","","EINVOICE","134","182"
"EMPLOYEE","Employee Master","User","INDUCTIONANDORIENTAION","","EMPLOYEE","84","85"
"EMPLOYEEDEDUCTIONEARNING","Employee Deduction Earning","","STORE","EMPLOYEEDEDUCTIONEARNINGDATE","EMPLOYEEDEDUCTIONEARNING","625","626"
"EMPLOYEEGATEPASS","Employee Gate Pass","","107","EMPLOYEEGATEPASSDATE","EMPLOYEEGATEPASS","284","285"
"EMPLOYEESALARY","Employee Salary","","STORE","EMPLOYEESALARYDATE","EMPLOYEESALARY","621","622"
"ENQUIRY","Purchase Enquiry","","STORE","ENQUIRYDATE","ENQUIRY","707","708"
"ESICHALLAN","ESIC CHALLAN","","STORE","ESICHALLANDATE","ESICHALLAN","419","420"
"ESICMONTHLYREPORT","ESIC Monthly Report","","","","","268","268"
"EWAYBILL","E-WayBill","","STORE","","","280","280"
"EXPENSETYPE","Expense Type","","1","","EXPENSETYPE","655","656"
"FINANCIALYEAR","Financialyear","User","1","","FINANCIALYEAR","27","28"
"FIXEDASSETREGISTER","Fixed Asset Register","","","","","293","293"
"FIXEDASSETS","Fixed Assets","","111","","","680","680"
"FOOTERACCOUNT","Footer Account","","103","","FOOTERACCOUNT","92","93"
"FOOTERFORMULA","Footer Formula","","","CREATIONTIME","FOOTERSCHEMEDETAIL","319","320"
"FOOTERHEAD","Footer Head","","","CREATIONTIME","FOOTERHEAD","101","102"
"FREIGHTADVANCEREGISTER","Payment Of Transporter Advance","","","","","283","283"
"FREIGHTADVICE","Freight Advice","","108","FREIGHTADVICEDATE","FREIGHTADVICE","198","199"
"FREIGHTRATEAPPROVALREGISTER","Freight Rate Approval Register","","","","","295","295"
"FREIGHTTYPE","Freight Type","","STORE","","FREIGHTTYPE","78","79"
"FULLANDFINAL","Employee Full And Final","","STORE","FULLANDFINALDATE","FULLANDFINAL","695","696"
"GATEPASS","Gate Pass","","STORE","GATEPASSDATE","GATEPASS","194","195"
"GRN","GRN","","STORE","GRNDATE","GRN","145","146"
"GRNPENDINGFORPB","GRN Pending for Purchase Bill","","","","","378","378"
"GROUPOFPARTY","Group Of Party","User","1","","GROUPOFPARTY","96","97"
"GSTINPUTNEW","GST Input Report As Per Voucher","","STORE","","GSTI","231","231"
"GSTINPUTREPORT","GST Input Report As per Transaction","","STORE","","GSTINPUTREPORT","403","403"
"GSTLIABILITY","GST Liability","","","","","296","296"
"GSTOUTPUTNEW","GST Output Report As Per Voucher","","STORE","","GSTO","233","233"
"GSTOUTPUTREPORT","GST Output Report As Per Transaction","","STORE","","GSTOUTPUTREPORT","404","404"
"GSTR1","GSTR1","","STORE","GSTR1DATE","GSTR1","229","230"
"GSTR3B","GSTR3B","","1","","","236","236"
"GSTSETUP","GST Setup","","","","","307","308"
"HOLDSALARY","Hold Salary","","SALARYMANAGEMENT","HOLDSALARYDATE","HOLDSALARY","685","686"
"HSN","HSN","","STORE","","HSN","46","47"
"IMPORT","Import","","Adin","IMPORTDATE","IMPORT","316","317"
"INDENT","Indent","","STORE","INDENTDATE","INDENT","107","108"
"INDUSTRYSECTOR","Industry Sector","","STORE","","INDUSTRYSECTOR","56","57"
"INSPECTION","Inspection","","STORE","INSPECTIONDATE","INSPECTION","1",""
"INVOICE","Invoice","Use","SALE","InvoiceDate","Invoice","",""
"ISSUE","Issue","","STORE","ISSUEDATE","ISSUE","137","138"
"ISSUERETURN","Issue Return","","STORE","ISSUERETURNDATE","ISSUERETURN","149","150"
"ITEM","Item Master","","STORE","","ITEM","58","59"
"ITEMACCOUNT","Item Account","","","CREATIONDATE","ITEMACCOUNT","209","211"
"ITEMAVGSELLINGRATE","Item Average Selling Rate","","","","","388","388"
"ITEMCATEGORY","Item Category Master","","1","","ITEMCATEGORY","54","55"
"ITEMCHARACTERISTICS","Item Characteristics","","STORE","","ITEMCHARACTERISTICS","52","53"
"ITEMCLASS","Item Class Master","","1","","ITEMCLASS","60","61"
"ITEMGRADE","Item Grade","","1","","ITEMGRADE","366","367"
"ITEMLEDGER","Item Ledger","","","STOCKDATE","ITEMLEDGER","10","103"
"ITEMLENGTH","Item Length","","1","","ITEMLENGTH","368","369"
"ITEMMAKE","Item Make","","1","","ITEMMAKE","105","106"
"ITEMNATURE","Item Nature Master","","1","","ITEMNATURE","64","65"
"ITEMOPENING","Item Opening","","STORE","ITEMOPENINGDATE","ITEMOPENING","192","193"
"ITEMSPECIFICATION","Item Specification","","STORE","","ITEMSPECIFICATIONDETAIL","20","13"
"ITEMTHICKNESS","Item Thickness","","1","","ITEMTHICKNESS","372","373"
"ITEMTYPE","Item Group","","STORE","","ITEMTYPE","36","37"
"ITEMWIDTH","Item Width","","1","","ITEMWIDTH","370","371"
"JBPASS","Service Bill Receipt Passing","","STORE","JBPASSDATE","JBPASS","220","221"
"JOBBILL","Service Bill Receipt","","STORE","JOBBILLDATE","JOBBILL","212","213"
"JOBORDER","Service Order","","","JOBORDERDATE","JOBORDER","178","179"
"JOBTYPE","Service Type","","1","","JOBTYPE","94","95"
"JOBTYPEACCOUNT","Service Type Account","","103","","JOBTYPEACCOUNT","98","99"
"KITTINGUNKITTING","Kitting Unkitting","","108","STOCKJOURNALDATE","STOCKJOURNAL","180","181"
"LEAVE","Leave","","1","","LEAVE","605","606"
"LEAVEREQUEST","Leave Request","","STORE","LEAVEREQUESTDATE","LEAVEREQUEST","633","634"
"LEAVESCHEME","Leave Scheme","User","1","","Leavescheme","341","342"
"LOADINGADVICE","Loading Advice","","108","LOADINGADVICEDATE","LOADINGADVICE","154","155"
"LOANCATEGORY","Loan Category","","1","","LOANCATEGORY","607","608"
"LOANRECEIPT","Loan Receipt","","LOANANDADVANCES","LOANRECEIPTDATE","LOANRECEIPT","343","344"
"LOANRELAXATION","Loan Relaxation","User","LOANANDADVANCES","LOANRELAXATIONDATE","141","345","346"
"LOANREQUEST","Loan Request","","STORE","LOANREQUESTDATE","LOANREQUEST","637","636"
"LOANSANCTION","Loan Sanction","","STORE","LOANSANCTIONDATE","LOANSANCTION","638","639"
"LOANSCHEME","Loan Scheme","","1","","LOANSCHEME","627","628"
"LOANTYPE","Loan Type","","1","","LOANTYPE","609","610"
"LOCATION","Location","","1","","LOCATION","24","25"
"MATERIALIN","Material In","","","MATERIALINDATE","MATERIALIN","68","69"
"MATERIALOUT","Material Out","","STORE","MATERIALOUTDATE","MATERIALOUT","167","168"
"MEASURINGUNIT","Measuring Unit","","STORE","","MEASURINGUNIT","50","51"
"MODULE","Module","","1","","","45","45"
"MODULEDOCTYPE","Module Doctype","","103","","MODULEDOCTYPE","74","75"
"MODULEDOCTYPEWISETAC","Module Doc Type Wise TAC","","STORE","","MODULEDOCTYPEWISETAC","224","225"
"MODULEFLOW","Module Flow","","103","","MODULEFLOW","263","264"
"MODULEGROUP","Module Group","","1","","MODULEGROUP","43","44"
"MODULELOCATION","Module Location","","103","","MODULELOCATION","76","77"
"MODULEPRIVILEGE","Module Privilege","","103","","MODULEPRIVILEGE","135","136"
"MODULETYPE","Module Type","","1","","MODULETYPE","",""
"MONTHLYSUMMARY","Monthly Summary","","STORE","","","249","249"
"MRN","M.R.N.","","STORE","MRNDATE","MRN","222","223"
"MYPARAMETER","My Parameter","","1","","MYPARAMETER","109","110"
"OPENINGLEAVE","Opening Leave","User","1","OpeningLeavedate","OPENINGLEAVE","689","690"
"OPENINGLOAN","Opening Loan","User","1","OpeningLoanDate","OpeningLoan","693","694"
"ORDERVSDESPATCH","Order Vs Despatch","","STORE","","SALESORDER","411","411"
"OUTSTANDINGBILLMORETHAN180DAYS","Outstanding Bills More Than 180 Days","","STORE","","OBILL","227","227"
"PACKINGTYPE","Packing Type","","STORE","","PACKINGTYPE","72","73"
"PARTY","Account Master","User","1","","PARTY","48","49"
"PARTYATTRIBUTE","Attribute","","1","","PARTYATTRIBUTE","663","664"
"PARTYTYPE","Party Type","","STORE","","PARTYTYPE","70","71"
"PAYBLEBILLS","Payable Bills","","103","","PENDINGBILLS","251","251"
"PAYBLERECEIVABLEAGEING","Payble Receivable Ageing Report","","STORE","","PRAR","210","210"
"PAYMENTADVICE","Payment Advice","","108","PAYMENTADVICEDATE","PAYMENTADVICE","314","140"
"PAYMENTFOLLOWUP","Payment Followup","","","","","362","362"
"PAYMENTFOLLOWUPACTION","Payment Follow up Action","-","STORE","PAYMENTFOLLOWUPDATE","PINVOICE","377","381"
"PBPASS","Purchase Bill Pass","","107","PBPASSDATE","PBPASS","151","152"
"PENDINGSOFOLLOWUP","Pending Sales Order Followup","","","","","281","281"
"PFANDESICSETTING","Pf And Esic Setting","","1","","PFANDESICSETTING","331","332"
"PFCHALLAN","Pf Challan","USER","SALARYMANAGEMENT","PFCHALLANDATE","PFCHALLAN","333","334"
"PFMONTHLYREPORT","PF Monthly Report","","","","","262","262"
"PINVOICE","Proforma Invoice","","","PINVOICEDATE","PINVOICE","382","383"
"POAMENDMENT","PO Amendment","","108","POAMENDMENTDATE","POAMENDMENT","147","148"
"PORECEIPT","Poreceipt","User","SALE","PoreceiptDate","PORECEIPT","273","274"
"POTRACKER","Purchase Order Tracker","","","","","376","376"
"PROCESSESCALATION","Process Escalation","","1","","PROCESSESCALATION","719","720"
"PROCESSROUTING","Process Routing","","1","","PROCESSROUTING","715","716"
"PROCESSTAT","Process TAT","","1","","PROCESSTAT","717","718"
"PRODUCTION","Production","","STORE","PRODUCTIONDATE","PRODUCTION","196","197"
"PRODUCTIONCENTRE","Production Centre","User","1","","PRODUCTIONCENTRE","205","206"
"PROFITANDLOSSREVISED","Profit And Loss","","STORE","","","416","416"
"PROTLETDASHBOARD","Portlet","","1","","","500","500"
"PRTODB","PR TO DB","","STORE","","INDENT","410","410"
"PTSLAB","Pt Slab","","SALARYMANAGEMENT","PTSLABDATE","PTSLAB","265","266"
"PURCHASEBILL","Purchase Bill","","107","PURCHASEBILLDATE","PURCHASEBILL","142","143"
"PURCHASEBILLLEDGER","Purchase Bill Ledger","","STORE","PURCHASEBILLDATE","PURCHASEBILL","327","327"
"PURCHASEORDER","Purchase Order","","108","PURCHASEORDERDATE","PURCHASEORDER","117","118"
"PURCHASEPARTYPAYMENTREGISTER","Purchase Party Payment Register","","","","","291","291"
"QUOTATION","Purchase Quotation","","STORE","QUOTATIONDATE","QUOTATION","709","710"
"RATECONTRACT","Rate Contract","","STORE","RATECONTRACTDATE","RATECONTRACT","713","714"
"REJECTIONNOTE","Rejection Note","","107","REJECTIONNOTEDATE","REJECTIONNOTE","",""
"REQUISITION","Requisition","","STORE","REQUISITIONDATE","REQUISITION","129","130"
"RESIGNATION","Employee Separation","User","108","ResignationDate","Resignation","337","338"
"REVERSECHARGE","ReverseCharge","","108","REVERSECHARGEDATE","REVERSECHARGE","207","208"
"RTGSLETTER","RTGS Letter","","107","RTGSLETTERDATE","RTGSLETTER","241","242"
"RUN360VIEW","Run 360 View","","","","","260","260"
"SAC","Sac","","STORE","","SAC","322","326"
"SALARY","Salary","","STORE","SALARYDATE","SALARY","640","641"
"SALARYHEAD","Salary Head","","1","","SALARYHEAD","603","604"
"SALARYHEADACCOUNT","Salary Head Account","","1","","SALARYHEADACCOUNT","611","612"
"SALARYPAYMENTADVICE","Salary Payment Advice","","STORE","SALARYPAYMENTADVICEDATE","SALARYPAYMENTADVICE","683","684"
"SALARYSCHEME","Salary Scheme","","1","","SALARYSCHEME","623","624"
"SALARYVOUCHER","Salary Voucher","user","SALARYMANAGEMENT","Salaryvoucherdate","SALARYVOUCHER","681","682"
"SALEINCENTIVERATE","Sale Incentive Rate","","STORE","SALEINCENTIVERATEDATE","SALEINCENTIVERATE","",""
"SALESENQUIRY","Sales Enquiry","User","SALE","SalesEnquiryDate","SalesEnquiry","701","702"
"SALESGRN","Sales Grn","","STORE","SALESGRNDATE","SALESGRN","183","184"
"SALESORDER","Sales Order","User","SALE","SalesOrderDate","SALESORDER","170","171"
"SALESQUOTATION","Sales Quotation","User","SALE","SalesQuotationDate","SalesQuotation","704","705"
"SCHEDULE","Schedule","","STORE","","","414","415"
"SCOTTSHEET","Scott Sheet","","","","","385","385"
"SERVICEBILL","Service Bill","User","STORE","ServiceBilldate","Servicebill","304","305"
"SHIFT","Shift","user","1","SHIFTNAME","SHIFT","203","204"
"SOTRACKER","Sales Order Tracker","","","","","379","379"
"STAFFTYPE","staff Type","","1","","STAFFTYPE","601","602"
"STOCKDIVISIONWISE","Stock Division Wise","","","STOCKDATE","","141","141"
"STOCKJOURNAL","Stock Journal","","STORE","STOCKJOURNALDATE","STOCKJOURNAL","",""
"STOCKREVALUATION","Stock Revaluation","","107","STOCKREVALUATIONDATE","STOCKREVALUATION","243","244"
"STOCKSLWISE","Stock Storage Location Wise","","","STOCKDATE","","144","144"
"STOCKSTATEMENT","Stock Statement","","STORE","","","407","407"
"STOCKTAKING","Stock Taking","","STORE","STOCKTAKINGDATE","STOCKTAKING","245","246"
"STOCKTRACKER","Stock Tracker","","","","","384","384"
"STOCKTRANSFER","Stock Transfer","","STORE","STOCKTRANSFERDATE","STOCKTRANSFER","186","187"
"STORAGELOCATION","Storage Location","","STORE","","STORAGELOCATION","127","128"
"TASK","Task","","STORE","","TASK","",""
"TASKDASHBOARD","Task ","","1","","","360","360"
"TAXRULE","Tax Rule","","1","","TAXRULE","176","177"
"TDSCHALLAN","TDS Challan","","","","TDSCHALLAN","417","418"
"TDSNATURE","Tds Nature","","114","","TDSNATURE","29","30"
"TDSPAYBLE","TDS Payble","","STORE","","TDSPAYBLE","405","405"
"TDSPAYEECATEGORY","Tds Payee Category","","1","","TDSPAYEECATEGORY","33","34"
"TDSRECEIVABLE","TDS Receivable","","STORE","","TDSRECEIVABLE","406","406"
"TDSTAXCATEGORY","Tds Tax Category","","114","","TDSTAXCATEGORY","31","32"
"TERMSANDCONDITIONHEAD","Terms and Condition Head","","1","","TERMSANDCONDITIONHEAD","172","173"
"TOUREXPENSE","Reimbursement Claim","","TOURANDTRAVEL","TOUREXPENSEDATE","TOUREXPENSE","659","660"
"TOURREQUEST","On Duty Request","","TOURANDTRAVEL","TOURREQUESTDATE","TOURREQUEST","651","652"
"TOURREQUESTONSPECIALAPPROVAL","Od Request On Special Approval","","TOURANDTRAVEL","TOURREQONSPECIALAPPROVALDATE","TOURREQUESTONSPECIALAPPROVAL","657","658"
"TRANSACTIONSUMMARY","Transaction Summary","","","","","364","364"
"TRAVELINGMODE","Traveling Mode","","1","","TRAVELINGMODE","653","654"
"TRIALBALANCE","Trial Balance","","STORE","TRIALBALANCEDATE","TRIALBALANCE","400","400"
"TRIALBALANCEPOSITION","Account Position In Trial Balance","","STORE","","","413","413"
"UNHOLDSALARY","Unhold Salary","","SALARYMANAGEMENT","UNHOLDSALARYDATE","UNHOLDSALARY","687","688"
"VEHICLETYPE","Vehicle Type","","1","","VEHICLETYPE","88","89"
"VENDOR","Vendor Master","User","1","","VENDOR","349","350"
"VISITORINOUT","Visitor In Out","","VISITORMANAGEMENT","VISITORINDATE","VISITORINOUT","644","647"
"VOUCHER","Voucher","","STORE","VOUCHERDATE","VOUCHER","153","156"
"WEIGHMENT","Weighment","","108","WEIGHMENTDATE","WEIGHMENT","132","133"
"ZONE","Zone","","","","ZONE","286","287"

247 rows selected. 

