"PAGE_ID","PAGE_NAME","FROM_ITEM_ID","FROM_ITEM","TO_ITEM_ID","TO_ITEM","OLD_FROM","OLD_TO","FROM_CACHE","TO_CACHE"
68,"Material In Register",457678680244002583,"P68_FROMDATE",457679081587002584,"P68_TODATE","Trunc(sysdate)-3","Trunc(sysdate)","NO","NO"
107,"Indent Register",456505400895818934,"P107_FROMDATE",456505779488818935,"P107_TODATE","Trunc(sysdate-3)","Trunc(Sysdate)","YES","YES"
117,"Purchase Order List",935327195941162403,"P117_FROMDATE",935327613134162403,"P117_TODATE","Trunc(Sysdate)-3","Trunc(Sysdate)","YES","YES"
129,"Requisition Register",457530531372542277,"P129_FROMDATE",457530957243542277,"P129_TODATE","Trunc(sysdate)-7","Trunc(sysdate)","YES","YES"
137,"Issue Register",457519294743530318,"P137_FROMDATE",457519690524530320,"P137_TODATE","Trunc(sysdate) -7","Trunc(sysdate)","YES","YES"
139,"Payment Advice Register",457097923776154728,"P139_FROMDATE",457098269907154728,"P139_TODATE","Trunc(Sysdate-3)","Trunc(Sysdate)","YES","YES"
142,"Purchase Bill Register",457769899169756156,"P142_FROMDATE",457770279309756157,"P142_TODATE","Trunc(Sysdate)-3","Trunc(Sysdate)","YES","YES"
145,"GRN Register",457755484891200155,"P145_FROMDATE",457755904633200155,"P145_TODATE","Trunc(Sysdate)-3","Trunc(Sysdate)","YES","YES"
147,"PO Amendment Register",471285885114697056,"P147_FROMDATE",471286286715697057,"P147_TODATE","Trunc(Sysdate)-7","Trunc(Sysdate)","YES","YES"
149,"Issue Return List",471694901266113747,"P149_FROMDATE",471695297047113749,"P149_TODATE","Trunc(sysdate) -7","Trunc(sysdate)","YES","YES"
151,"Purchase Bill Pass Register",457869011984930392,"P151_FROMDATE",457869391014930392,"P151_TODATE","select sysdate-3 from dual","Trunc(Sysdate)","YES","YES"
153,"Voucher List",382625613386554837,"P153_FROMDATE",382625683329554838,"P153_TODATE","sysdate-3","sysdate","YES","YES"
154,"Loading Advice List",943264760603670553,"P154_FROMDATE",943265177796670553,"P154_TODATE","Trunc(Sysdate)-3","Trunc(Sysdate)","YES","YES"
158,"Debit Note List",800817284188511745,"P158_FROMDATE",800817348363511746,"P158_TODATE","SELECT TRUNC(SYSDATE-3) FROM DUAL","SELECT TRUNC(SYSDATE) FROM DUAL","YES","YES"
160,"Despatch Advice Register",57141122314331827,"P160_FROMDATE",533480372136857521,"P160_TODATE","trunc(sysdate) - 4","trunc(sysdate)","YES","YES"
165,"Credit Note List",864172691839163505,"P165_FROMDATE",864172717646163506,"P165_TODATE","select trunc(sysdate-7) from dual","select trunc(sysdate) from dual","YES","YES"
167,"Material Out Register",454741654838918527,"P167_FROMDATE",454742076776918527,"P167_TODATE","TRUNC(SYSDATE) - 7","Trunc(sysdate)","YES","YES"
170,"Sales Order Register",457703014489904379,"P170_FROMDATE",457703342983904381,"P170_TODATE","Trunc(Sysdate) -3","Trunc(Sysdate)","YES","YES"
174,"CC Invoice Register",457007639240633262,"P174_FROMDATE",457008048073633262,"P174_TODATE","Trunc(Sysdate) - 7","Trunc(Sysdate)","YES","YES"
178,"Service Order List",472241999710457892,"P178_FROMDATE",472242378303457893,"P178_TODATE","Trunc(sysdate-7)","Trunc(Sysdate)","YES","YES"
180,"Kitting Unkitting",470600744668436114,"P180_FROMDATE",470601078018436115,"P180_TODATE","select sysdate - 7 from dual","Trunc(sysdate)","YES","YES"
182,"E-Invoice",687445653054857672,"P182_FROMDATE",687445780962857673,"P182_TODATE","select sysdate-7 from dual","select sysdate from dual","YES","YES"
183,"Sales GRN List",612231267120572318,"P183_FROMDATE",612231289914572319,"P183_TODATE","trunc(sysdate) - 3","trunc(sysdate)","YES","YES"
186,"Stock Transfer",471235610172446095,"P186_FROMDATE",471235983881446095,"P186_TODATE","select sysdate-3 from dual","Trunc(sysdate)","YES","NO"
190,"Bill Receipt",470441923243281869,"P190_FROMDATE",470442237108281869,"P190_TODATE","select sysdate - 7 from dual","select sysdate from dual","YES","YES"
194,"Gate Pass Register",463898510792150228,"P194_FROMDATE",463898864601150228,"P194_TODATE","select sysdate - 7 from dual","Trunc(Sysdate)","YES","YES"
196,"Production List",33900335043887385,"P196_FROMDATE",33899781641873536,"P196_TODATE","trunc(sysdate) - 4","trunc(sysdate)","YES","YES"
198,"Freight Advice List",567574718729606159,"P198_FROMDATE",568577433181074910,"P198_TODATE","select trunc(sysdate - 7) from dual","select trunc(sysdate) from dual","YES","YES"
201,"BOM List",472185394272051904,"P201_FROMDATE",472185772865051905,"P201_TODATE","Trunc(sysdate-7)","Trunc(Sysdate)","YES","YES"
212,"Service Bill Register",481039163834677028,"P212_FROMDATE",481039522149677028,"P212_TODATE","Trunc(Sysdate)-7","Trunc(Sysdate)","YES","YES"
220,"Service Bill Pass Register",482599252570101930,"P220_FROMDATE",482599664485101930,"P220_TODATE","Trunc(Sysdate-7)","Trunc(Sysdate)","YES","YES"
222,"MRN List",457764098376787629,"P222_FROMDATE",457764199020787630,"P222_TODATE","select sysdate - 7 from dual","select sysdate from dual","YES","YES"
273,"PO Receipt List",34682950948667075,"P273_FROMDATE",34683062564667076,"P273_TODATE","","","YES","YES"
280,"E Way Bill",212090327139896593,"P280_FROMDATE",212090305368896592,"P280_TODATE","sysdate-7","sysdate","YES","YES"
283,"Payment Of Transporter Advance",197952878533041315,"P283_FROMDATE",197952930688041316,"P283_TODATE","sysdate-7","sysdate","YES","YES"
291,"Purchase Party Payment Register",187201784969143550,"P291_FROMDATE",187201899333143551,"P291_TODATE","sysdate - 7","sysdate ","YES","YES"
295,"Freight Rate Approval Register",215043546787654508,"P295_FROMDATE",215043598942654509,"P295_TODATE","sysdate-7","sysdate","YES","YES"
300,"Cheque Receipt List",382174442710623638,"P300_FROMDATE",382174512653623639,"P300_TODATE","sysdate-3","sysdate","YES","YES"
302,"Cheque Book Issue List",298911749722175664,"P302_FROMDATE",298911819665175665,"P302_TODATE","sysdate-3","sysdate","YES","YES"
304,"Service Bill Register",492647009580191299,"P304_FROMDATE",492647367895191299,"P304_TODATE","Trunc(Sysdate)-7","Trunc(Sysdate)","YES","YES"
309,"Balance Freight Settlement ",238993428927100654,"P309_FROMDATE",238993481082100655,"P309_TODATE","sysdate-7","sysdate","YES","YES"
314,"Payment Advice Report",483215461592456944,"P314_FROMDATE",483215807723456944,"P314_TODATE","Trunc(Sysdate-3)","Trunc(Sysdate)","YES","YES"
333,"PF Challan",977948020892473578,"P333_FROMDATE",977948438085473578,"P333_TODATE","Trunc(Sysdate)-7","Trunc(Sysdate)","YES","YES"
335,"Change In Employee List",1021674197910255734,"P335_FROMDATE",1021674615103255734,"P335_TODATE","Trunc(Sysdate)-7","Trunc(Sysdate)","YES","YES"
337,"Employee Separation List",1065751664086805031,"P337_FROMDATE",1065752081279805031,"P337_TODATE","Trunc(Sysdate)-7","Trunc(Sysdate)","YES","YES"
343,"Employee Loan Receipt",1111338385977568750,"P343_FROMDATE",1111338803170568750,"P343_TODATE","Trunc(Sysdate)-7","Trunc(Sysdate)","YES","YES"
345,"Employee Loan Relaxation",1157006885381634552,"P345_FROMDATE",1157007302574634552,"P345_TODATE","Trunc(Sysdate)-7","Trunc(Sysdate)","YES","YES"
644,"Visitor Gate pass Register",475436258167643915,"P644_FROMDATE",475436721856643915,"P644_TODATE","select sysdate-7 from dual","select sysdate from dual","YES","YES"
651,"On Duty Request List",572194473433886515,"P651_FROMDATE",573023804648209767,"P651_TODATE","select sysdate-7 from dual","select sysdate from dual","YES","YES"
657,"OD Request On Special Approval List",538675632582854956,"P657_FROMDATE",539504963797178208,"P657_TODATE","select sysdate-7 from dual","select sysdate from dual","YES","YES"
659,"Reimbursement Claim List",505161206317901209,"P659_FROMDATE",505990537532224461,"P659_TODATE","select sysdate-7 from dual","select sysdate from dual","YES","YES"
665,"Asset Opening List",620688963886502909,"P665_FROMDATE",621518295100826161,"P665_TODATE","GLOBAL_FINANCIALYEARBEGIN","select sysdate from dual","YES","YES"
669,"Asset Sale List",620695008541599678,"P669_FROMDATE",621524339755922930,"P669_TODATE","select sysdate-7 from dual","select sysdate from dual","YES","YES"
671,"Asset Discard",666338726377709518,"P671_FROMDATE",667168057592032770,"P671_TODATE","select sysdate-7 from dual","select sysdate from dual","YES","YES"
676,"Depreciation List",591779400905939184,"P676_FROMDATE",592608732120262436,"P676_TODATE","select sysdate-7 from dual","select sysdate from dual","YES","YES"
681,"Salary Voucher List",666505971326962825,"P681_FROMDATE",667335302541286077,"P681_TODATE","select sysdate-14 from dual","select sysdate from dual","YES","YES"
691,"Asset Transfer List",717115698929558143,"P691_FROMDATE",717945030143881395,"P691_TODATE","select sysdate-7 from dual","select sysdate from dual","YES","YES"
701,"Sales Enquiry List",1102935320190012952,"P701_FROMDATE",1102935737383012952,"P701_TODATE","Trunc(Sysdate)-3","Trunc(Sysdate)","YES","YES"
704,"Sales Quotation List",1168456259017058752,"P704_FROMDATE",1168456676210058752,"P704_TODATE","Trunc(Sysdate)-3","Trunc(Sysdate)","YES","YES"
707,"Enquiry Register",33896342884825749,"P707_FROMDATE",285564196066607461,"P707_TODATE","trunc(sysdate) - 3","Trunc(Sysdate)","YES","YES"
709,"Quotation Register",286230105221829798,"P709_FROMDATE",286230528822829799,"P709_TODATE","Trunc(Sysdate-3)","Trunc(Sysdate)","YES","YES"
711,"Comparative Statement Register",286742316659637309,"P711_FROMDATE",286742709336637310,"P711_TODATE","Trunc(Sysdate)","Trunc(Sysdate)","YES","YES"
713,"Rate Contract List",1051847301985525833,"P713_FROMDATE",1051847719178525833,"P713_TODATE","Trunc(Sysdate)-3","Trunc(Sysdate)","YES","YES"

63 rows selected. 

