"PAGE_ID","PAGE_NAME","FROM_ITEM_ID","FROM_ITEM","FROM_DEFAULT","FROM_DEFAULT_TYPE","FROM_SOURCE_TYPE","FROM_CACHE","TO_ITEM_ID","TO_ITEM","TO_DEFAULT","TO_DEFAULT_TYPE","TO_SOURCE_TYPE","TO_CACHE","REPORT_REGIONS"
10,"Item Ledger",785609308640570811,"P10_FROMDATE","","","ALWAYS_NULL","YES",785609437602570812,"P10_TODATE","","","ALWAYS_NULL","YES","Item Ledger"
11,"Account Ledger ",849087358804170512,"P11_FROMDATE","SELECT
FINANCIALYEARBEGIN
FROM FINANCIALYEAR
WHERE TRUNC(SYSDATE) BETWEEN FINANCIALYEARBEGIN AND FINANCIALYEAREND","SQL_QUERY","ALWAYS_NULL","YES",849087762617170513,"P11_TODATE","SELECT TRUNC(SYSDATE) FROM DUAL;","SQL_QUERY","ALWAYS_NULL","NO","New"
68,"Material In Register",457678680244002583,"P68_FROMDATE","Trunc(sysdate)-3","EXPRESSION","ALWAYS_NULL","NO",457679081587002584,"P68_TODATE","Trunc(sysdate)","EXPRESSION","ALWAYS_NULL","NO","Report(Material In)"
107,"Indent Register",456505400895818934,"P107_FROMDATE","Trunc(sysdate-3)","EXPRESSION","ALWAYS_NULL","YES",456505779488818935,"P107_TODATE","Trunc(Sysdate)","EXPRESSION","ALWAYS_NULL","YES","Indent Register Report"
117,"Purchase Order List",935327195941162403,"P117_FROMDATE","Trunc(Sysdate)-3","EXPRESSION","ALWAYS_NULL","YES",935327613134162403,"P117_TODATE","Trunc(Sysdate)","EXPRESSION","ALWAYS_NULL","YES","Purchase Order Report"
125,"Account Day Book",449341990684666828,"P125_FROMDATE","","","ALWAYS_NULL","YES",449342139265666829,"P125_TODATE","","","ALWAYS_NULL","YES","Account Day Book"
129,"Requisition Register",457530531372542277,"P129_FROMDATE","Trunc(sysdate)-7","EXPRESSION","ALWAYS_NULL","YES",457530957243542277,"P129_TODATE","Trunc(sysdate)","EXPRESSION","ALWAYS_NULL","YES","Material Requisition Register"
137,"Issue Register",457519294743530318,"P137_FROMDATE","Trunc(sysdate) -7","EXPRESSION","ALWAYS_NULL","YES",457519690524530320,"P137_TODATE","Trunc(sysdate)","EXPRESSION","ALWAYS_NULL","YES","Material Issue Report"
139,"Payment Advice Register",457097923776154728,"P139_FROMDATE","Trunc(Sysdate-3)","EXPRESSION","ALWAYS_NULL","YES",457098269907154728,"P139_TODATE","Trunc(Sysdate)","EXPRESSION","ALWAYS_NULL","YES","New"
141,"Stock  Division Wise",597639728796060092,"P141_FROMDATE","TRUNC(SYSDATE)","EXPRESSION","ALWAYS_NULL","YES",597640052883060092,"P141_TODATE","TRUNC(SYSDATE)","EXPRESSION","ALWAYS_NULL","YES","Stock  Division Wise"
142,"Purchase Bill Register",457769899169756156,"P142_FROMDATE","Trunc(Sysdate)-3","EXPRESSION","ALWAYS_NULL","YES",457770279309756157,"P142_TODATE","Trunc(Sysdate)","EXPRESSION","ALWAYS_NULL","YES","Purchase Bill Register Report"
144,"Stock Storage Location Wise",530369087597725348,"P144_FROMDATE","TRUNC(SYSDATE)","EXPRESSION","ALWAYS_NULL","YES",530369411684725348,"P144_TODATE","TRUNC(SYSDATE)","EXPRESSION","ALWAYS_NULL","YES","Stock Stock Storage Location Wise"
145,"GRN Register",457755484891200155,"P145_FROMDATE","Trunc(Sysdate)-3","EXPRESSION","ALWAYS_NULL","YES",457755904633200155,"P145_TODATE","Trunc(Sysdate)","EXPRESSION","ALWAYS_NULL","YES","GRN Report"
147,"PO Amendment Register",471285885114697056,"P147_FROMDATE","Trunc(Sysdate)-7","EXPRESSION","ALWAYS_NULL","YES",471286286715697057,"P147_TODATE","Trunc(Sysdate)","EXPRESSION","ALWAYS_NULL","YES","PO Amendment"
149,"Issue Return List",471694901266113747,"P149_FROMDATE","Trunc(sysdate) -7","EXPRESSION","ALWAYS_NULL","YES",471695297047113749,"P149_TODATE","Trunc(sysdate)","EXPRESSION","ALWAYS_NULL","YES","Issue Return List"
151,"Purchase Bill Pass Register",457869011984930392,"P151_FROMDATE","select sysdate-3 from dual","SQL_QUERY","ALWAYS_NULL","YES",457869391014930392,"P151_TODATE","Trunc(Sysdate)","EXPRESSION","ALWAYS_NULL","YES","Purchase Bill Pass Register Report"
153,"Voucher List",382625613386554837,"P153_FROMDATE","sysdate-3","EXPRESSION","ALWAYS_NULL","YES",382625683329554838,"P153_TODATE","sysdate","EXPRESSION","ALWAYS_NULL","YES","Voucher Detail List"
154,"Loading Advice List",943264760603670553,"P154_FROMDATE","Trunc(Sysdate)-3","EXPRESSION","ALWAYS_NULL","YES",943265177796670553,"P154_TODATE","Trunc(Sysdate)","EXPRESSION","ALWAYS_NULL","YES","Loading Advice List"
158,"Debit Note List",800817284188511745,"P158_FROMDATE","SELECT TRUNC(SYSDATE-3) FROM DUAL","SQL_QUERY","ALWAYS_NULL","YES",800817348363511746,"P158_TODATE","SELECT TRUNC(SYSDATE) FROM DUAL","SQL_QUERY","ALWAYS_NULL","YES","Debit Note List"
160,"Despatch Advice Register",57141122314331827,"P160_FROMDATE","trunc(sysdate) - 4","EXPRESSION","ALWAYS_NULL","YES",533480372136857521,"P160_TODATE","trunc(sysdate)","EXPRESSION","ALWAYS_NULL","YES","Dispatch Advice Register Report"
165,"Credit Note List",864172691839163505,"P165_FROMDATE","select trunc(sysdate-7) from dual","SQL_QUERY","ALWAYS_NULL","YES",864172717646163506,"P165_TODATE","select trunc(sysdate) from dual","SQL_QUERY","ALWAYS_NULL","YES","Report"
167,"Material Out Register",454741654838918527,"P167_FROMDATE","TRUNC(SYSDATE) - 7","EXPRESSION","ALWAYS_NULL","YES",454742076776918527,"P167_TODATE","Trunc(sysdate)","EXPRESSION","ALWAYS_NULL","YES","Material Out Register"
170,"Sales Order Register",457703014489904379,"P170_FROMDATE","Trunc(Sysdate) -3","EXPRESSION","ALWAYS_NULL","YES",457703342983904381,"P170_TODATE","Trunc(Sysdate)","EXPRESSION","ALWAYS_NULL","YES","Sales Order Register"
174,"CC Invoice Register",457007639240633262,"P174_FROMDATE","Trunc(Sysdate) - 7","EXPRESSION","ALWAYS_NULL","YES",457008048073633262,"P174_TODATE","Trunc(Sysdate)","EXPRESSION","ALWAYS_NULL","YES","CC Invoice Register Report"
178,"Service Order List",472241999710457892,"P178_FROMDATE","Trunc(sysdate-7)","EXPRESSION","ALWAYS_NULL","YES",472242378303457893,"P178_TODATE","Trunc(Sysdate)","EXPRESSION","ALWAYS_NULL","YES","Job Order List"
180,"Kitting Unkitting",470600744668436114,"P180_FROMDATE","select sysdate - 7 from dual","SQL_QUERY","ALWAYS_NULL","YES",470601078018436115,"P180_TODATE","Trunc(sysdate)","EXPRESSION","ALWAYS_NULL","YES","Kitting Unkitting"
182,"E-Invoice",687445653054857672,"P182_FROMDATE","select sysdate-7 from dual","SQL_QUERY","ALWAYS_NULL","YES",687445780962857673,"P182_TODATE","select sysdate from dual","SQL_QUERY","ALWAYS_NULL","YES","E-Invoice"
183,"Sales GRN List",612231267120572318,"P183_FROMDATE","trunc(sysdate) - 3","EXPRESSION","ALWAYS_NULL","YES",612231289914572319,"P183_TODATE","trunc(sysdate)","EXPRESSION","ALWAYS_NULL","YES","Sales GRN List"
186,"Stock Transfer",471235610172446095,"P186_FROMDATE","select sysdate-3 from dual","SQL_QUERY","ALWAYS_NULL","YES",471235983881446095,"P186_TODATE","Trunc(sysdate)","EXPRESSION","ALWAYS_NULL","NO","Stock Transfer"
190,"Bill Receipt",470441923243281869,"P190_FROMDATE","select sysdate - 7 from dual","SQL_QUERY","ALWAYS_NULL","YES",470442237108281869,"P190_TODATE","select sysdate from dual","SQL_QUERY","ALWAYS_NULL","YES","Bill Receipt Register Report"
194,"Gate Pass Register",463898510792150228,"P194_FROMDATE","select sysdate - 7 from dual","SQL_QUERY","ALWAYS_NULL","YES",463898864601150228,"P194_TODATE","Trunc(Sysdate)","EXPRESSION","ALWAYS_NULL","YES","Gate Pass Register Report"
196,"Production List",33900335043887385,"P196_FROMDATE","trunc(sysdate) - 4","EXPRESSION","ALWAYS_NULL","YES",33899781641873536,"P196_TODATE","trunc(sysdate)","EXPRESSION","ALWAYS_NULL","YES","Production List"
198,"Freight Advice List",567574718729606159,"P198_FROMDATE","select trunc(sysdate - 7) from dual","SQL_QUERY","ALWAYS_NULL","YES",568577433181074910,"P198_TODATE","select trunc(sysdate) from dual","SQL_QUERY","ALWAYS_NULL","YES","Freight Advice List"
201,"BOM List",472185394272051904,"P201_FROMDATE","Trunc(sysdate-7)","EXPRESSION","ALWAYS_NULL","YES",472185772865051905,"P201_TODATE","Trunc(Sysdate)","EXPRESSION","ALWAYS_NULL","YES","BOM List"
212,"Service Bill Register",481039163834677028,"P212_FROMDATE","Trunc(Sysdate)-7","EXPRESSION","ALWAYS_NULL","YES",481039522149677028,"P212_TODATE","Trunc(Sysdate)","EXPRESSION","ALWAYS_NULL","YES","Job Bill Register Report"
220,"Service Bill Pass Register",482599252570101930,"P220_FROMDATE","Trunc(Sysdate-7)","EXPRESSION","ALWAYS_NULL","YES",482599664485101930,"P220_TODATE","Trunc(Sysdate)","EXPRESSION","ALWAYS_NULL","YES","Service Bill Pass Register Report"
222,"MRN List",457764098376787629,"P222_FROMDATE","select sysdate - 7 from dual","SQL_QUERY","ALWAYS_NULL","YES",457764199020787630,"P222_TODATE","select sysdate from dual","SQL_QUERY","ALWAYS_NULL","YES","MRN List"
231,"GST Input Report As Per Voucher",663090066337371476,"P231_FROMDATE","","","ALWAYS_NULL","YES",663090522319371476,"P231_TODATE","","","ALWAYS_NULL","YES","GST Input Report"
233,"GST Output Report As Per Voucher",663172494657434479,"P233_FROMDATE","","","ALWAYS_NULL","YES",663172914399434480,"P233_TODATE","","","ALWAYS_NULL","YES","GST Output Report"
236,"GSTR3B",448313196586913529,"P236_FROMDATE","","","ALWAYS_NULL","YES",448313217299913530,"P236_TODATE","","","ALWAYS_NULL","YES","Inter State, Inter State, Inter State, GSTR3OUTWARD"
241,"RTGS Letter",546449870998925446,"P241_FROMDATE","select sysdate-3 from dual","SQL_QUERY","ALWAYS_NULL","YES",546450244707925446,"P241_TODATE","Trunc(sysdate)","EXPRESSION","ALWAYS_NULL","NO","RTGS Letter"
243,"Stock Revaluation Register",622257069929412134,"P243_FROMDATE","select sysdate-3 from dual","SQL_QUERY","ALWAYS_NULL","YES",622257443638412134,"P243_TODATE","Trunc(sysdate)","EXPRESSION","ALWAYS_NULL","NO","Stock Revaluation"
245,"Stock Taking Register",698244672767638516,"P245_FROMDATE","select sysdate-3 from dual","SQL_QUERY","ALWAYS_NULL","YES",698245046476638516,"P245_TODATE","Trunc(sysdate)","EXPRESSION","ALWAYS_NULL","NO","Stock Taking"
249,"Monthly Summary",927094235910032478,"P249_FROMDATE","","","ALWAYS_NULL","NO",927094639723032479,"P249_TODATE","","","ALWAYS_NULL","NO","New"
250,"Daily  Summary",1005703333524412222,"P250_FROMDATE","","","ALWAYS_NULL","NO",1005703737337412223,"P250_TODATE","","","ALWAYS_NULL","NO","New"
258,"Account Ledger ",933138191162038159,"P258_FROMDATE","SELECT
FINANCIALYEARBEGIN
FROM FINANCIALYEAR
WHERE TRUNC(SYSDATE) BETWEEN FINANCIALYEARBEGIN AND FINANCIALYEAREND","SQL_QUERY","ALWAYS_NULL","YES",933138594975038160,"P258_TODATE","SELECT TRUNC(SYSDATE) FROM DUAL;","SQL_QUERY","ALWAYS_NULL","NO","New"
262,"PF Monthly Report",708725817565297541,"P262_FROMDATE","","","ALWAYS_NULL","YES",709555148779620793,"P262_TODATE","","","ALWAYS_NULL","YES","PF Monthly Report"
268,"ESIC Monthly Report",796779520839095333,"P268_FROMDATE","","","ALWAYS_NULL","YES",797608852053418585,"P268_TODATE","","","ALWAYS_NULL","YES","ESIC Monthly Report"
273,"PO Receipt List",34682950948667075,"P273_FROMDATE","","","ALWAYS_NULL","YES",34683062564667076,"P273_TODATE","","","ALWAYS_NULL","YES","PO Receipt List"
275,"Cost Centre Ledger With Account",866658920235636273,"P275_FROMDATE","SELECT
FINANCIALYEARBEGIN
FROM FINANCIALYEAR
WHERE TRUNC(SYSDATE) BETWEEN FINANCIALYEARBEGIN AND FINANCIALYEAREND","SQL_QUERY","ALWAYS_NULL","YES",866659324048636274,"P275_TODATE","SELECT TRUNC(SYSDATE) FROM DUAL;","SQL_QUERY","ALWAYS_NULL","NO","New"
280,"E Way Bill",212090327139896593,"P280_FROMDATE","sysdate-7","EXPRESSION","ALWAYS_NULL","YES",212090305368896592,"P280_TODATE","sysdate","EXPRESSION","ALWAYS_NULL","YES","E Way Bill"
281,"Pending Sales Order followup",197927639771001185,"P281_FROMDATE","sysdate","EXPRESSION","ALWAYS_NULL","YES",197927691926001186,"P281_TODATE","sysdate","EXPRESSION","ALWAYS_NULL","YES","Invoice, Pending Sales Order followup"
282,"Trial Balance",796456454227369738,"P282_FROMDATE","GLOBAL_FINANCIALYEARBEGIN","ITEM","ALWAYS_NULL","YES",796456837634369738,"P282_TODATE","SELECT TRUNC(SYSDATE) FROM DUAL;","SQL_QUERY","ALWAYS_NULL","YES","New"
283,"Payment Of Transporter Advance",197952878533041315,"P283_FROMDATE","sysdate-7","EXPRESSION","ALWAYS_NULL","YES",197952930688041316,"P283_TODATE","sysdate","EXPRESSION","ALWAYS_NULL","YES","Payment Of Transporter Advance"
290,"Daily Despatch Report",214138315087006931,"P290_FROMDATE","sysdate-7","EXPRESSION","ALWAYS_NULL","YES",214138367242006932,"P290_TODATE","sysdate","EXPRESSION","ALWAYS_NULL","YES","Daily Despatch Report"
291,"Purchase Party Payment Register",187201784969143550,"P291_FROMDATE","sysdate - 7","EXPRESSION","ALWAYS_NULL","YES",187201899333143551,"P291_TODATE","sysdate ","EXPRESSION","ALWAYS_NULL","YES","Purchase Party Amount Register"
293,"Fixed Asset Register",225121061274006304,"P293_FROMDATE","","","ALWAYS_NULL","YES",225121292168006306,"P293_TODATE","","","ALWAYS_NULL","YES","Fixed Asset Register"
294,"Depreciation Register",225189390198126296,"P294_FROMDATE","","","ALWAYS_NULL","YES",225126399868010592,"P294_TODATE","","","ALWAYS_NULL","YES","Depreciation"
295,"Freight Rate Approval Register",215043546787654508,"P295_FROMDATE","sysdate-7","EXPRESSION","ALWAYS_NULL","YES",215043598942654509,"P295_TODATE","sysdate","EXPRESSION","ALWAYS_NULL","YES","Freight Advance Register"
296,"GST Liability",199713747361522876,"P296_FROMDATE","","","ALWAYS_NULL","YES",199713864508522877,"P296_TODATE","","","ALWAYS_NULL","YES","GST OUTPUT Liability, New"
300,"Cheque Receipt List",382174442710623638,"P300_FROMDATE","sysdate-3","EXPRESSION","ALWAYS_NULL","YES",382174512653623639,"P300_TODATE","sysdate","EXPRESSION","ALWAYS_NULL","YES","Cheque Receipt List"
302,"Cheque Book Issue List",298911749722175664,"P302_FROMDATE","sysdate-3","EXPRESSION","ALWAYS_NULL","YES",298911819665175665,"P302_TODATE","sysdate","EXPRESSION","ALWAYS_NULL","YES","Cheque Book Issue List"
304,"Service Bill Register",492647009580191299,"P304_FROMDATE","Trunc(Sysdate)-7","EXPRESSION","ALWAYS_NULL","YES",492647367895191299,"P304_TODATE","Trunc(Sysdate)","EXPRESSION","ALWAYS_NULL","YES","Service Bill Register Report"
309,"Balance Freight Settlement ",238993428927100654,"P309_FROMDATE","sysdate-7","EXPRESSION","ALWAYS_NULL","YES",238993481082100655,"P309_TODATE","sysdate","EXPRESSION","ALWAYS_NULL","YES","Balance Freight Settlement"
314,"Payment Advice Report",483215461592456944,"P314_FROMDATE","Trunc(Sysdate-3)","EXPRESSION","ALWAYS_NULL","YES",483215807723456944,"P314_TODATE","Trunc(Sysdate)","EXPRESSION","ALWAYS_NULL","YES","Payment Advice Report"
316,"Import Register",482095683255504311,"P316_FROMDATE","TRUNC(SYSDATE) - 7","EXPRESSION","ALWAYS_NULL","YES",482096105193504311,"P316_TODATE","Trunc(sysdate)","EXPRESSION","ALWAYS_NULL","YES","Import Register"
327,"PURCHASE BILL LEDGER",500790873921263760,"P327_FROMDATE","","","ALWAYS_NULL","YES",500791305476263760,"P327_TODATE","","","ALWAYS_NULL","YES","PURCHASE BILL LEDGER"
329,"CCINVOICE LEDGER",534574597805133782,"P329_FROMDATE","Trunc(Sysdate)-7","EXPRESSION","ALWAYS_NULL","YES",534575029360133782,"P329_TODATE","Trunc(Sysdate)","EXPRESSION","ALWAYS_NULL","YES","CCINVOICE LEDGER"
333,"PF Challan",977948020892473578,"P333_FROMDATE","Trunc(Sysdate)-7","EXPRESSION","ALWAYS_NULL","YES",977948438085473578,"P333_TODATE","Trunc(Sysdate)","EXPRESSION","ALWAYS_NULL","YES","PF Challan List"
335,"Change In Employee List",1021674197910255734,"P335_FROMDATE","Trunc(Sysdate)-7","EXPRESSION","ALWAYS_NULL","YES",1021674615103255734,"P335_TODATE","Trunc(Sysdate)","EXPRESSION","ALWAYS_NULL","YES","Change In Employee"
337,"Employee Separation List",1065751664086805031,"P337_FROMDATE","Trunc(Sysdate)-7","EXPRESSION","ALWAYS_NULL","YES",1065752081279805031,"P337_TODATE","Trunc(Sysdate)","EXPRESSION","ALWAYS_NULL","YES","Employee Separation"
339,"Employee Category",1109983940353633134,"P339_FROMDATE","Trunc(Sysdate)-7","EXPRESSION","ALWAYS_NULL","YES",1109984357546633134,"P339_TODATE","Trunc(Sysdate)","EXPRESSION","ALWAYS_NULL","YES","Employee Category"
341,"Leave Scheme List",1154447826590366883,"P341_FROMDATE","Trunc(Sysdate)-7","EXPRESSION","ALWAYS_NULL","YES",1154448243783366883,"P341_TODATE","Trunc(Sysdate)","EXPRESSION","ALWAYS_NULL","YES","Leave Scheme"
343,"Employee Loan Receipt",1111338385977568750,"P343_FROMDATE","Trunc(Sysdate)-7","EXPRESSION","ALWAYS_NULL","YES",1111338803170568750,"P343_TODATE","Trunc(Sysdate)","EXPRESSION","ALWAYS_NULL","YES","Employee Loan Receipt"
345,"Employee Loan Relaxation",1157006885381634552,"P345_FROMDATE","Trunc(Sysdate)-7","EXPRESSION","ALWAYS_NULL","YES",1157007302574634552,"P345_TODATE","Trunc(Sysdate)","EXPRESSION","ALWAYS_NULL","YES","Employee Loan Relaxation"
362,"Payment Followup",48024733354854926,"P362_FROMDATE","trunc(sysdate)","EXPRESSION","ALWAYS_NULL","YES",48024858668854927,"P362_TODATE","trunc(sysdate)","EXPRESSION","ALWAYS_NULL","YES","Report Region"
364,"Transactional Summary Report",51229797590411020,"P364_FROMDATE","trunc(sysdate)","EXPRESSION","ALWAYS_NULL","YES",51229876282411021,"P364_TODATE","trunc(sysdate)","EXPRESSION","ALWAYS_NULL","YES","Transactional Summary"
377,"Payment Follow-up Action",21691573300926845,"P377_FROMDATE","TRUNC(SYSDATE) -7","EXPRESSION","ALWAYS_NULL","YES",21691899385927994,"P377_TODATE","TRUNC(SYSDATE)","EXPRESSION","ALWAYS_NULL","YES","Payment Follow-up Action"
382,"Proforma Invoice Report",21421955224322700,"P382_FROMDATE","TRUNC(SYSDATE) -7","EXPRESSION","ALWAYS_NULL","YES",21422074197322701,"P382_TODATE","TRUNC(SYSDATE)","EXPRESSION","ALWAYS_NULL","YES","Proforma Invoice Report"
400,"Trial Balance",653416743386929428,"P400_FROMDATE","GLOBAL_FINANCIALYEARBEGIN","ITEM","ALWAYS_NULL","YES",653417126793929428,"P400_TODATE","SELECT TRUNC(SYSDATE) FROM DUAL;","SQL_QUERY","ALWAYS_NULL","YES","New"
401,"Trial Balance",737264633369328676,"P401_FROMDATE","GLOBAL_FINANCIALYEARBEGIN","ITEM","ALWAYS_NULL","YES",737265016776328676,"P401_TODATE","SELECT TRUNC(SYSDATE) FROM DUAL;","SQL_QUERY","ALWAYS_NULL","YES","New"
402,"Trial Balance",538060549835323620,"P402_FROMDATE","SELECT
FINANCIALYEARBEGIN
FROM FINANCIALYEAR
WHERE TRUNC(SYSDATE) BETWEEN FINANCIALYEARBEGIN AND FINANCIALYEAREND","SQL_QUERY","ALWAYS_NULL","YES",538060930902323620,"P402_TODATE","SELECT TRUNC(SYSDATE) FROM DUAL;","SQL_QUERY","ALWAYS_NULL","YES","New"
403,"GST Input Report As Per Transaction",483156639573079609,"P403_FROMDATE","Trunc(Sysdate)-7","EXPRESSION","ALWAYS_NULL","YES",483157053961079610,"P403_TODATE","Trunc(Sysdate)","EXPRESSION","ALWAYS_NULL","YES","GST Input Report"
404,"GST Output Report As Per Transaction",483227809947091208,"P404_FROMDATE","Trunc(Sysdate)-7","EXPRESSION","ALWAYS_NULL","YES",483228272307091209,"P404_TODATE","Trunc(Sysdate)","EXPRESSION","ALWAYS_NULL","YES","GST Output Report"
405,"TDS PAYBLE ",467314462221002855,"P405_FROMDATE","Trunc(Sysdate)-7","EXPRESSION","ALWAYS_NULL","YES",467314893776002855,"P405_TODATE","Trunc(Sysdate)","EXPRESSION","ALWAYS_NULL","YES","TDS PAYBLE"
406,"TDS RECEIVABLE",467340699138024127,"P406_FROMDATE","Trunc(Sysdate)-7","EXPRESSION","ALWAYS_NULL","YES",467341120782024127,"P406_TODATE","Trunc(Sysdate)","EXPRESSION","ALWAYS_NULL","YES","TDS RECEIVABLE"
407,"Stock Statement",463203364486156782,"P407_FROMDATE","TRUNC(SYSDATE)","EXPRESSION","ALWAYS_NULL","YES",463203688573156782,"P407_TODATE","TRUNC(SYSDATE)","EXPRESSION","ALWAYS_NULL","YES","Stock Statement"
410,"PR to DB",631542409070759663,"P410_FROMDATE","select sysdate-3 from dual","SQL_QUERY","ALWAYS_NULL","YES",631542790049759663,"P410_TODATE","Trunc(Sysdate)","EXPRESSION","ALWAYS_NULL","YES","PR to DB"
411,"Order vs Dispatch",473478053621640390,"P411_FROMDATE","Trunc(sysdate-7)","EXPRESSION","ALWAYS_NULL","YES",473478177570640391,"P411_TODATE","Trunc(sysdate)","EXPRESSION","ALWAYS_NULL","YES","Order vs Sale, Order vs Dispatch Report"
417,"TDS Challan Register",478251147403149863,"P417_FROMDATE","Trunc(sysdate)-3","EXPRESSION","ALWAYS_NULL","NO",478251548746149864,"P417_TODATE","Trunc(sysdate)","EXPRESSION","ALWAYS_NULL","NO","Report(Material In)"
419,"ESIC Challan Register",499541476575317529,"P419_FROMDATE","Trunc(sysdate)-3","EXPRESSION","ALWAYS_NULL","NO",499541877918317530,"P419_TODATE","Trunc(sysdate)","EXPRESSION","ALWAYS_NULL","NO","Report "
631,"ATTENDENCE",620706882176742878,"P631_FROMDATE","select sysdate-7 from dual","SQL_QUERY","ALWAYS_NULL","YES",621536213391066130,"P631_TODATE","select sysdate from dual","SQL_QUERY","ALWAYS_NULL","YES","ATTENDENCE"
640,"SALARY",631078362859351592,"P640_FROMDATE","","","ALWAYS_NULL","YES",631907694073674844,"P640_TODATE","","","ALWAYS_NULL","YES","SALARY"
644,"Visitor Gate pass Register",475436258167643915,"P644_FROMDATE","select sysdate-7 from dual","SQL_QUERY","ALWAYS_NULL","YES",475436721856643915,"P644_TODATE","select sysdate from dual","SQL_QUERY","ALWAYS_NULL","YES","Visitor Gate pass Register Report"
648,"Reimbursement Policy list",471652039792076333,"P648_FROMDATE","select sysdate-7 from dual","SQL_QUERY","ALWAYS_NULL","YES",472481371006399585,"P648_TODATE","select sysdate from dual","SQL_QUERY","ALWAYS_NULL","YES","Reimbursement Policy list"
651,"On Duty Request List",572194473433886515,"P651_FROMDATE","select sysdate-7 from dual","SQL_QUERY","ALWAYS_NULL","YES",573023804648209767,"P651_TODATE","select sysdate from dual","SQL_QUERY","ALWAYS_NULL","YES","On Duty Request List"
657,"OD Request On Special Approval List",538675632582854956,"P657_FROMDATE","select sysdate-7 from dual","SQL_QUERY","ALWAYS_NULL","YES",539504963797178208,"P657_TODATE","select sysdate from dual","SQL_QUERY","ALWAYS_NULL","YES","OD Request On Special Approval List"
659,"Reimbursement Claim List",505161206317901209,"P659_FROMDATE","select sysdate-7 from dual","SQL_QUERY","ALWAYS_NULL","YES",505990537532224461,"P659_TODATE","select sysdate from dual","SQL_QUERY","ALWAYS_NULL","YES","Reimbursement Claim List"
665,"Asset Opening List",620688963886502909,"P665_FROMDATE","GLOBAL_FINANCIALYEARBEGIN","ITEM","ALWAYS_NULL","YES",621518295100826161,"P665_TODATE","select sysdate from dual","SQL_QUERY","ALWAYS_NULL","YES","Asset Opening"
669,"Asset Sale List",620695008541599678,"P669_FROMDATE","select sysdate-7 from dual","SQL_QUERY","ALWAYS_NULL","YES",621524339755922930,"P669_TODATE","select sysdate from dual","SQL_QUERY","ALWAYS_NULL","YES","Asset Opening"
671,"Asset Discard",666338726377709518,"P671_FROMDATE","select sysdate-7 from dual","SQL_QUERY","ALWAYS_NULL","YES",667168057592032770,"P671_TODATE","select sysdate from dual","SQL_QUERY","ALWAYS_NULL","YES","Asset Discard"
674,"Asset List",579677260479626829,"P674_FROMDATE","select sysdate-7 from dual","SQL_QUERY","ALWAYS_NULL","YES",580506591693950081,"P674_TODATE","select sysdate from dual","SQL_QUERY","ALWAYS_NULL","YES","Asset"
676,"Depreciation List",591779400905939184,"P676_FROMDATE","select sysdate-7 from dual","SQL_QUERY","ALWAYS_NULL","YES",592608732120262436,"P676_TODATE","select sysdate from dual","SQL_QUERY","ALWAYS_NULL","YES","Depreciation List"
681,"Salary Voucher List",666505971326962825,"P681_FROMDATE","select sysdate-14 from dual","SQL_QUERY","ALWAYS_NULL","YES",667335302541286077,"P681_TODATE","select sysdate from dual","SQL_QUERY","ALWAYS_NULL","YES","Salary Voucher List"
691,"Asset Transfer List",717115698929558143,"P691_FROMDATE","select sysdate-7 from dual","SQL_QUERY","ALWAYS_NULL","YES",717945030143881395,"P691_TODATE","select sysdate from dual","SQL_QUERY","ALWAYS_NULL","YES","Asset Transfer List"
701,"Sales Enquiry List",1102935320190012952,"P701_FROMDATE","Trunc(Sysdate)-3","EXPRESSION","ALWAYS_NULL","YES",1102935737383012952,"P701_TODATE","Trunc(Sysdate)","EXPRESSION","ALWAYS_NULL","YES","Sales Enquiry List"
704,"Sales Quotation List",1168456259017058752,"P704_FROMDATE","Trunc(Sysdate)-3","EXPRESSION","ALWAYS_NULL","YES",1168456676210058752,"P704_TODATE","Trunc(Sysdate)","EXPRESSION","ALWAYS_NULL","YES","Sales Quotation List"
707,"Enquiry Register",33896342884825749,"P707_FROMDATE","trunc(sysdate) - 3","EXPRESSION","ALWAYS_NULL","YES",285564196066607461,"P707_TODATE","Trunc(Sysdate)","EXPRESSION","ALWAYS_NULL","YES","Enquiry Report"
709,"Quotation Register",286230105221829798,"P709_FROMDATE","Trunc(Sysdate-3)","EXPRESSION","ALWAYS_NULL","YES",286230528822829799,"P709_TODATE","Trunc(Sysdate)","EXPRESSION","ALWAYS_NULL","YES","Quotation Report"
711,"Comparative Statement Register",286742316659637309,"P711_FROMDATE","Trunc(Sysdate)","EXPRESSION","ALWAYS_NULL","YES",286742709336637310,"P711_TODATE","Trunc(Sysdate)","EXPRESSION","ALWAYS_NULL","YES","Comparative Statement Report"
713,"Rate Contract List",1051847301985525833,"P713_FROMDATE","Trunc(Sysdate)-3","EXPRESSION","ALWAYS_NULL","YES",1051847719178525833,"P713_TODATE","Trunc(Sysdate)","EXPRESSION","ALWAYS_NULL","YES","Rate Contrat List"
798,"New Ledger",789112711037455134,"P798_FROMDATE","","","ALWAYS_NULL","YES",789112839999455135,"P798_TODATE","","","ALWAYS_NULL","YES","Item Ledger"
902,"Trial Balance Intelligence",2026092309021110,"P902_FROMDATE","select to_char(financialyearbegin,'DD-MM-RRRR') from financialyear where trunc(sysdate) between financialyearbegin and financialyearend","SQL_QUERY","ALWAYS_NULL","YES",2026092309021120,"P902_TODATE","select to_char(trunc(sysdate),'DD-MM-RRRR') from dual","SQL_QUERY","ALWAYS_NULL","YES","Trial Balance Intelligence Header, Balance Control, Trial Balance"
904,"Profit and Loss Summary",12795373817301161,"P904_FROMDATE","Select to_char(FinancialYearBegin,'DD-MM-RRRR')
  From FinancialYear
 Where trunc(sysdate) Between FinancialYearBegin And FinancialYearEnd
   And rownum = 1","SQL_QUERY","ALWAYS_NULL","YES",12795989514301161,"P904_TODATE","Select to_char(trunc(sysdate),'DD-MM-RRRR') From dual","SQL_QUERY","ALWAYS_NULL","YES","Closing Control, Profit and Loss Summary, Profit and Loss, Reconciliation"
906,"Location Profitability",12801663613301178,"P906_FROMDATE","Select to_char(FinancialYearBegin,'DD-MM-RRRR')
  From FinancialYear
 Where trunc(sysdate) Between FinancialYearBegin And FinancialYearEnd
   And rownum = 1","SQL_QUERY","ALWAYS_NULL","YES",12801826136301179,"P906_TODATE","Select to_char(trunc(sysdate),'DD-MM-RRRR') From dual","SQL_QUERY","ALWAYS_NULL","YES","Location Profitability, Cross-check, Profitability by Location"
908,"Party-wise Outstanding",12702209031300586,"P908_FROMDATE","Select to_char(FinancialYearBegin,'DD-MM-RRRR')
  From FinancialYear
 Where trunc(sysdate) Between FinancialYearBegin And FinancialYearEnd
   And rownum = 1","SQL_QUERY","ALWAYS_NULL","YES",12702512288300587,"P908_TODATE","Select to_char(trunc(sysdate),'DD-MM-RRRR') From dual","SQL_QUERY","ALWAYS_NULL","YES","Party-wise Outstanding, Customer Outstanding, Go to"
909,"Bill-wise Outstanding",12706818511300619,"P909_FROMDATE","Select to_char(FinancialYearBegin,'DD-MM-RRRR')
  From FinancialYear
 Where trunc(sysdate) Between FinancialYearBegin And FinancialYearEnd
   And rownum = 1","SQL_QUERY","ALWAYS_NULL","YES",12707118393300620,"P909_TODATE","Select to_char(trunc(sysdate),'DD-MM-RRRR') From dual","SQL_QUERY","ALWAYS_NULL","YES","Bill-wise Outstanding, Open Items, Go to"
911,"Receipts and Collections",12726646239300757,"P911_FROMDATE","Select to_char(FinancialYearBegin,'DD-MM-RRRR')
  From FinancialYear
 Where trunc(sysdate) Between FinancialYearBegin And FinancialYearEnd
   And rownum = 1","SQL_QUERY","ALWAYS_NULL","YES",12726988760300757,"P911_TODATE","Select to_char(trunc(sysdate),'DD-MM-RRRR') From dual","SQL_QUERY","ALWAYS_NULL","YES","Receipts and Collections, Collection KPIs, Go to, Receipt Register"
912,"Advances and Unapplied Cash",12730963775300761,"P912_FROMDATE","Select to_char(FinancialYearBegin,'DD-MM-RRRR')
  From FinancialYear
 Where trunc(sysdate) Between FinancialYearBegin And FinancialYearEnd
   And rownum = 1","SQL_QUERY","ALWAYS_NULL","YES",12731269803300761,"P912_TODATE","Select to_char(trunc(sysdate),'DD-MM-RRRR') From dual","SQL_QUERY","ALWAYS_NULL","YES","Advances and Unapplied Cash, Customers Holding Credit, Customer Credit KPIs, Go to"
913,"AR Exceptions and Controls",12737243364300821,"P913_FROMDATE","Select to_char(FinancialYearBegin,'DD-MM-RRRR')
  From FinancialYear
 Where trunc(sysdate) Between FinancialYearBegin And FinancialYearEnd
   And rownum = 1","SQL_QUERY","ALWAYS_NULL","YES",12737551981300821,"P913_TODATE","Select to_char(trunc(sysdate),'DD-MM-RRRR') From dual","SQL_QUERY","ALWAYS_NULL","YES","AR Exceptions and Controls, Affected Records, Exception KPIs, Control Matrix, Go to"
914,"AR Reconciliation and Data Health",12740184837300824,"P914_FROMDATE","Select to_char(FinancialYearBegin,'DD-MM-RRRR')
  From FinancialYear
 Where trunc(sysdate) Between FinancialYearBegin And FinancialYearEnd
   And rownum = 1","SQL_QUERY","ALWAYS_NULL","YES",12740690013300825,"P914_TODATE","Select to_char(trunc(sysdate),'DD-MM-RRRR') From dual","SQL_QUERY","ALWAYS_NULL","YES","Reconciliation by Company, Location and Customer, AR Reconciliation and Data Health, Cross-location settlement basis, Go to, Reconciliation Result"
915,"Bill Detail",12744653488300864,"P915_FROMDATE","","","ALWAYS_NULL","YES",12745024530300864,"P915_TODATE","","","ALWAYS_NULL","YES","Bill Detail, Exceptions on This Item, General Ledger Entry, Financial Movement, Go to, Settlements, Originating Document"
916,"AR Trend Analysis",12749250726300899,"P916_FROMDATE","Select to_char(FinancialYearBegin,'DD-MM-RRRR')
  From FinancialYear
 Where trunc(sysdate) Between FinancialYearBegin And FinancialYearEnd
   And rownum = 1","SQL_QUERY","ALWAYS_NULL","YES",12749558136300900,"P916_TODATE","Select to_char(trunc(sysdate),'DD-MM-RRRR') From dual","SQL_QUERY","ALWAYS_NULL","YES","AR Trend Analysis, Go to"
918,"Weekly AR Review",12757060626300936,"P918_FROMDATE","Select to_char(trunc(sysdate) - 6,'DD-MM-RRRR') From dual","SQL_QUERY","ALWAYS_NULL","YES",12757389254300936,"P918_TODATE","Select to_char(trunc(sysdate),'DD-MM-RRRR') From dual","SQL_QUERY","ALWAYS_NULL","YES","Weekly AR Review, Control Failures, Position and Movement, Go to, Largest Exposures"
919,"Monthly AR Management MIS",12759783422300966,"P919_FROMDATE","Select to_char(trunc(sysdate,'MM'),'DD-MM-RRRR') From dual","SQL_QUERY","ALWAYS_NULL","YES",12760014073300967,"P919_TODATE","Select to_char(trunc(sysdate),'DD-MM-RRRR') From dual","SQL_QUERY","ALWAYS_NULL","YES","Position by Company and Location, Monthly AR Management MIS, Management Pack, Go to"
921,"Vendor-wise Payable",12816802073301234,"P921_FROMDATE","Select to_char(FinancialYearBegin,'DD-MM-RRRR')
  From FinancialYear
 Where trunc(sysdate) Between FinancialYearBegin And FinancialYearEnd
   And rownum = 1","SQL_QUERY","ALWAYS_NULL","YES",12817130308301234,"P921_TODATE","Select to_char(trunc(sysdate),'DD-MM-RRRR') From dual","SQL_QUERY","ALWAYS_NULL","YES","Vendor-wise Payable, Vendor Outstanding, Go to"
922,"Bill-wise Payable",12821484718301254,"P922_FROMDATE","Select to_char(FinancialYearBegin,'DD-MM-RRRR')
  From FinancialYear
 Where trunc(sysdate) Between FinancialYearBegin And FinancialYearEnd
   And rownum = 1","SQL_QUERY","ALWAYS_NULL","YES",12821731533301254,"P922_TODATE","Select to_char(trunc(sysdate),'DD-MM-RRRR') From dual","SQL_QUERY","ALWAYS_NULL","YES","Bill-wise Payable, Open Items, Go to"
924,"Payments and Settlement",12842439907301345,"P924_FROMDATE","Select to_char(FinancialYearBegin,'DD-MM-RRRR')
  From FinancialYear
 Where trunc(sysdate) Between FinancialYearBegin And FinancialYearEnd
   And rownum = 1","SQL_QUERY","ALWAYS_NULL","YES",12842733336301345,"P924_TODATE","Select to_char(trunc(sysdate),'DD-MM-RRRR') From dual","SQL_QUERY","ALWAYS_NULL","YES","Payment Approval Pipeline, Payments and Settlement, Payment KPIs, Go to, Payment Register"
925,"Advances and Unapplied Payments",12846791380301369,"P925_FROMDATE","Select to_char(FinancialYearBegin,'DD-MM-RRRR')
  From FinancialYear
 Where trunc(sysdate) Between FinancialYearBegin And FinancialYearEnd
   And rownum = 1","SQL_QUERY","ALWAYS_NULL","YES",12847000583301369,"P925_TODATE","Select to_char(trunc(sysdate),'DD-MM-RRRR') From dual","SQL_QUERY","ALWAYS_NULL","YES","Advances and Unapplied Payments, Vendor Credit KPIs, Go to, Vendors Holding Debits"
926,"Unbilled Liability (GRNI)",12852045276301371,"P926_FROMDATE","Select to_char(FinancialYearBegin,'DD-MM-RRRR')
  From FinancialYear
 Where trunc(sysdate) Between FinancialYearBegin And FinancialYearEnd
   And rownum = 1","SQL_QUERY","ALWAYS_NULL","YES",12852623388301371,"P926_TODATE","Select to_char(trunc(sysdate),'DD-MM-RRRR') From dual","SQL_QUERY","ALWAYS_NULL","YES","Unbilled Liability (GRNI), GRNI KPIs, Go to, Pending GRN Register, Why GRNI is not in vendor AP"
927,"AP Exceptions and Controls",12858743407301404,"P927_FROMDATE","Select to_char(FinancialYearBegin,'DD-MM-RRRR')
  From FinancialYear
 Where trunc(sysdate) Between FinancialYearBegin And FinancialYearEnd
   And rownum = 1","SQL_QUERY","ALWAYS_NULL","YES",12859097032301404,"P927_TODATE","Select to_char(trunc(sysdate),'DD-MM-RRRR') From dual","SQL_QUERY","ALWAYS_NULL","YES","AP Exceptions and Controls, Affected Records, Exception KPIs, Control Matrix, Go to"
928,"AP Reconciliation and Data Health",12861628277301436,"P928_FROMDATE","Select to_char(FinancialYearBegin,'DD-MM-RRRR')
  From FinancialYear
 Where trunc(sysdate) Between FinancialYearBegin And FinancialYearEnd
   And rownum = 1","SQL_QUERY","ALWAYS_NULL","YES",12862100197301436,"P928_TODATE","Select to_char(trunc(sysdate),'DD-MM-RRRR') From dual","SQL_QUERY","ALWAYS_NULL","YES","Reconciliation by Company, Location and Vendor, AP Reconciliation and Data Health, Cross-location settlement basis, Go to, Reconciliation Result"
929,"Bill Detail",12866786699301473,"P929_FROMDATE","","","ALWAYS_NULL","YES",12867110183301473,"P929_TODATE","","","ALWAYS_NULL","YES","Bill Detail, Ledger vs the ERP's Own Documents, Exceptions on This Item, General Ledger Entry, Financial Movement, Go to, Settlements, Originating Document"
930,"AP Trends and Cash Forecast",12872244151301476,"P930_FROMDATE","Select to_char(FinancialYearBegin,'DD-MM-RRRR')
  From FinancialYear
 Where trunc(sysdate) Between FinancialYearBegin And FinancialYearEnd
   And rownum = 1","SQL_QUERY","ALWAYS_NULL","YES",12872534680301476,"P930_TODATE","Select to_char(trunc(sysdate),'DD-MM-RRRR') From dual","SQL_QUERY","ALWAYS_NULL","YES","Cash Requirement by Due Date, AP Trends and Cash Forecast, Go to"
932,"Weekly AP Review",12880020351301538,"P932_FROMDATE","Select to_char(trunc(sysdate) - 6,'DD-MM-RRRR') From dual","SQL_QUERY","ALWAYS_NULL","YES",12880347738301538,"P932_TODATE","Select to_char(trunc(sysdate),'DD-MM-RRRR') From dual","SQL_QUERY","ALWAYS_NULL","YES","Weekly AP Review, Control Failures, Position and Movement, Go to, Largest Exposures"
933,"Monthly AP Management MIS",12882769517301540,"P933_FROMDATE","Select to_char(trunc(sysdate,'MM'),'DD-MM-RRRR') From dual","SQL_QUERY","ALWAYS_NULL","YES",12883088252301567,"P933_TODATE","Select to_char(trunc(sysdate),'DD-MM-RRRR') From dual","SQL_QUERY","ALWAYS_NULL","YES","Position by Company and Location, Monthly AP Management MIS, Management Pack, Go to"

136 rows selected. 

