"PAGE_ID","PAGE_NAME","NAME","ITEM_DEFAULT","ITEM_DEFAULT_TYPE","ITEM_DEFAULT_LANGUAGE","USE_CACHE_BEFORE_DEFAULT"
68,"Material In Register","P68_FROMDATE","TRUNC(SYSDATE)-6","EXPRESSION","PLSQL","YES"
68,"Material In Register","P68_TODATE","TRUNC(SYSDATE)","EXPRESSION","PLSQL","YES"
107,"Indent Register","P107_FROMDATE","TRUNC(SYSDATE)-6","EXPRESSION","PLSQL","YES"
107,"Indent Register","P107_TODATE","TRUNC(SYSDATE)","EXPRESSION","PLSQL","YES"
117,"Purchase Order List","P117_FROMDATE","TRUNC(SYSDATE)-6","EXPRESSION","PLSQL","YES"
117,"Purchase Order List","P117_TODATE","TRUNC(SYSDATE)","EXPRESSION","PLSQL","YES"
129,"Requisition Register","P129_FROMDATE","TRUNC(SYSDATE)-6","EXPRESSION","PLSQL","YES"
129,"Requisition Register","P129_TODATE","TRUNC(SYSDATE)","EXPRESSION","PLSQL","YES"
137,"Issue Register","P137_FROMDATE","TRUNC(SYSDATE)-6","EXPRESSION","PLSQL","YES"
137,"Issue Register","P137_TODATE","TRUNC(SYSDATE)","EXPRESSION","PLSQL","YES"
139,"Payment Advice Register","P139_FROMDATE","TRUNC(SYSDATE)-6","EXPRESSION","PLSQL","YES"
139,"Payment Advice Register","P139_TODATE","TRUNC(SYSDATE)","EXPRESSION","PLSQL","YES"
142,"Purchase Bill Register","P142_FROMDATE","TRUNC(SYSDATE)-6","EXPRESSION","PLSQL","YES"
142,"Purchase Bill Register","P142_TODATE","TRUNC(SYSDATE)","EXPRESSION","PLSQL","YES"
145,"GRN Register","P145_FROMDATE","TRUNC(SYSDATE)-6","EXPRESSION","PLSQL","YES"
145,"GRN Register","P145_TODATE","TRUNC(SYSDATE)","EXPRESSION","PLSQL","YES"
147,"PO Amendment Register","P147_FROMDATE","TRUNC(SYSDATE)-6","EXPRESSION","PLSQL","YES"
147,"PO Amendment Register","P147_TODATE","TRUNC(SYSDATE)","EXPRESSION","PLSQL","YES"
149,"Issue Return List","P149_FROMDATE","TRUNC(SYSDATE)-6","EXPRESSION","PLSQL","YES"
149,"Issue Return List","P149_TODATE","TRUNC(SYSDATE)","EXPRESSION","PLSQL","YES"
151,"Purchase Bill Pass Register","P151_FROMDATE","TRUNC(SYSDATE)-6","EXPRESSION","PLSQL","YES"
151,"Purchase Bill Pass Register","P151_TODATE","TRUNC(SYSDATE)","EXPRESSION","PLSQL","YES"
153,"Voucher List","P153_FROMDATE","TRUNC(SYSDATE)-6","EXPRESSION","PLSQL","YES"
153,"Voucher List","P153_TODATE","TRUNC(SYSDATE)","EXPRESSION","PLSQL","YES"
154,"Loading Advice List","P154_FROMDATE","TRUNC(SYSDATE)-6","EXPRESSION","PLSQL","YES"
154,"Loading Advice List","P154_TODATE","TRUNC(SYSDATE)","EXPRESSION","PLSQL","YES"
158,"Debit Note List","P158_FROMDATE","TRUNC(SYSDATE)-6","EXPRESSION","PLSQL","YES"
158,"Debit Note List","P158_TODATE","TRUNC(SYSDATE)","EXPRESSION","PLSQL","YES"
160,"Despatch Advice Register","P160_FROMDATE","TRUNC(SYSDATE)-6","EXPRESSION","PLSQL","YES"
160,"Despatch Advice Register","P160_TODATE","TRUNC(SYSDATE)","EXPRESSION","PLSQL","YES"
165,"Credit Note List","P165_FROMDATE","TRUNC(SYSDATE)-6","EXPRESSION","PLSQL","YES"
165,"Credit Note List","P165_TODATE","TRUNC(SYSDATE)","EXPRESSION","PLSQL","YES"
167,"Material Out Register","P167_FROMDATE","TRUNC(SYSDATE)-6","EXPRESSION","PLSQL","YES"
167,"Material Out Register","P167_TODATE","TRUNC(SYSDATE)","EXPRESSION","PLSQL","YES"
170,"Sales Order Register","P170_FROMDATE","TRUNC(SYSDATE)-6","EXPRESSION","PLSQL","YES"
170,"Sales Order Register","P170_TODATE","TRUNC(SYSDATE)","EXPRESSION","PLSQL","YES"
174,"CC Invoice Register","P174_FROMDATE","TRUNC(SYSDATE)-6","EXPRESSION","PLSQL","YES"
174,"CC Invoice Register","P174_TODATE","TRUNC(SYSDATE)","EXPRESSION","PLSQL","YES"
178,"Service Order List","P178_FROMDATE","TRUNC(SYSDATE)-6","EXPRESSION","PLSQL","YES"
178,"Service Order List","P178_TODATE","TRUNC(SYSDATE)","EXPRESSION","PLSQL","YES"
180,"Kitting Unkitting","P180_FROMDATE","TRUNC(SYSDATE)-6","EXPRESSION","PLSQL","YES"
180,"Kitting Unkitting","P180_TODATE","TRUNC(SYSDATE)","EXPRESSION","PLSQL","YES"
182,"E-Invoice","P182_FROMDATE","TRUNC(SYSDATE)-6","EXPRESSION","PLSQL","YES"
182,"E-Invoice","P182_TODATE","TRUNC(SYSDATE)","EXPRESSION","PLSQL","YES"
183,"Sales GRN List","P183_FROMDATE","TRUNC(SYSDATE)-6","EXPRESSION","PLSQL","YES"
183,"Sales GRN List","P183_TODATE","TRUNC(SYSDATE)","EXPRESSION","PLSQL","YES"
186,"Stock Transfer","P186_FROMDATE","TRUNC(SYSDATE)-6","EXPRESSION","PLSQL","YES"
186,"Stock Transfer","P186_TODATE","TRUNC(SYSDATE)","EXPRESSION","PLSQL","YES"
190,"Bill Receipt","P190_FROMDATE","TRUNC(SYSDATE)-6","EXPRESSION","PLSQL","YES"
190,"Bill Receipt","P190_TODATE","TRUNC(SYSDATE)","EXPRESSION","PLSQL","YES"
194,"Gate Pass Register","P194_FROMDATE","TRUNC(SYSDATE)-6","EXPRESSION","PLSQL","YES"
194,"Gate Pass Register","P194_TODATE","TRUNC(SYSDATE)","EXPRESSION","PLSQL","YES"
196,"Production List","P196_FROMDATE","TRUNC(SYSDATE)-6","EXPRESSION","PLSQL","YES"
196,"Production List","P196_TODATE","TRUNC(SYSDATE)","EXPRESSION","PLSQL","YES"
198,"Freight Advice List","P198_FROMDATE","TRUNC(SYSDATE)-6","EXPRESSION","PLSQL","YES"
198,"Freight Advice List","P198_TODATE","TRUNC(SYSDATE)","EXPRESSION","PLSQL","YES"
212,"Service Bill Register","P212_FROMDATE","TRUNC(SYSDATE)-6","EXPRESSION","PLSQL","YES"
212,"Service Bill Register","P212_TODATE","TRUNC(SYSDATE)","EXPRESSION","PLSQL","YES"
220,"Service Bill Pass Register","P220_FROMDATE","TRUNC(SYSDATE)-6","EXPRESSION","PLSQL","YES"
220,"Service Bill Pass Register","P220_TODATE","TRUNC(SYSDATE)","EXPRESSION","PLSQL","YES"
222,"MRN List","P222_FROMDATE","TRUNC(SYSDATE)-6","EXPRESSION","PLSQL","YES"
222,"MRN List","P222_TODATE","TRUNC(SYSDATE)","EXPRESSION","PLSQL","YES"
273,"PO Receipt List","P273_FROMDATE","TRUNC(SYSDATE)-6","EXPRESSION","PLSQL","YES"
273,"PO Receipt List","P273_TODATE","TRUNC(SYSDATE)","EXPRESSION","PLSQL","YES"
280,"E Way Bill","P280_FROMDATE","TRUNC(SYSDATE)-6","EXPRESSION","PLSQL","YES"
280,"E Way Bill","P280_TODATE","TRUNC(SYSDATE)","EXPRESSION","PLSQL","YES"
283,"Payment Of Transporter Advance","P283_FROMDATE","TRUNC(SYSDATE)-6","EXPRESSION","PLSQL","YES"
283,"Payment Of Transporter Advance","P283_TODATE","TRUNC(SYSDATE)","EXPRESSION","PLSQL","YES"
291,"Purchase Party Payment Register","P291_FROMDATE","TRUNC(SYSDATE)-6","EXPRESSION","PLSQL","YES"
291,"Purchase Party Payment Register","P291_TODATE","TRUNC(SYSDATE)","EXPRESSION","PLSQL","YES"
295,"Freight Rate Approval Register","P295_FROMDATE","TRUNC(SYSDATE)-6","EXPRESSION","PLSQL","YES"
295,"Freight Rate Approval Register","P295_TODATE","TRUNC(SYSDATE)","EXPRESSION","PLSQL","YES"
300,"Cheque Receipt List","P300_FROMDATE","TRUNC(SYSDATE)-6","EXPRESSION","PLSQL","YES"
300,"Cheque Receipt List","P300_TODATE","TRUNC(SYSDATE)","EXPRESSION","PLSQL","YES"
302,"Cheque Book Issue List","P302_FROMDATE","TRUNC(SYSDATE)-6","EXPRESSION","PLSQL","YES"
302,"Cheque Book Issue List","P302_TODATE","TRUNC(SYSDATE)","EXPRESSION","PLSQL","YES"
304,"Service Bill Register","P304_FROMDATE","TRUNC(SYSDATE)-6","EXPRESSION","PLSQL","YES"
304,"Service Bill Register","P304_TODATE","TRUNC(SYSDATE)","EXPRESSION","PLSQL","YES"
309,"Balance Freight Settlement ","P309_FROMDATE","TRUNC(SYSDATE)-6","EXPRESSION","PLSQL","YES"
309,"Balance Freight Settlement ","P309_TODATE","TRUNC(SYSDATE)","EXPRESSION","PLSQL","YES"
314,"Payment Advice Report","P314_FROMDATE","TRUNC(SYSDATE)-6","EXPRESSION","PLSQL","YES"
314,"Payment Advice Report","P314_TODATE","TRUNC(SYSDATE)","EXPRESSION","PLSQL","YES"
333,"PF Challan","P333_FROMDATE","TRUNC(SYSDATE)-6","EXPRESSION","PLSQL","YES"
333,"PF Challan","P333_TODATE","TRUNC(SYSDATE)","EXPRESSION","PLSQL","YES"
335,"Change In Employee List","P335_FROMDATE","TRUNC(SYSDATE)-6","EXPRESSION","PLSQL","YES"
335,"Change In Employee List","P335_TODATE","TRUNC(SYSDATE)","EXPRESSION","PLSQL","YES"
337,"Employee Separation List","P337_FROMDATE","TRUNC(SYSDATE)-6","EXPRESSION","PLSQL","YES"
337,"Employee Separation List","P337_TODATE","TRUNC(SYSDATE)","EXPRESSION","PLSQL","YES"
343,"Employee Loan Receipt","P343_FROMDATE","TRUNC(SYSDATE)-6","EXPRESSION","PLSQL","YES"
343,"Employee Loan Receipt","P343_TODATE","TRUNC(SYSDATE)","EXPRESSION","PLSQL","YES"
345,"Employee Loan Relaxation","P345_FROMDATE","TRUNC(SYSDATE)-6","EXPRESSION","PLSQL","YES"
345,"Employee Loan Relaxation","P345_TODATE","TRUNC(SYSDATE)","EXPRESSION","PLSQL","YES"
644,"Visitor Gate pass Register","P644_FROMDATE","TRUNC(SYSDATE)-6","EXPRESSION","PLSQL","YES"
644,"Visitor Gate pass Register","P644_TODATE","TRUNC(SYSDATE)","EXPRESSION","PLSQL","YES"
651,"On Duty Request List","P651_FROMDATE","TRUNC(SYSDATE)-6","EXPRESSION","PLSQL","YES"
651,"On Duty Request List","P651_TODATE","TRUNC(SYSDATE)","EXPRESSION","PLSQL","YES"
657,"OD Request On Special Approval List","P657_FROMDATE","TRUNC(SYSDATE)-6","EXPRESSION","PLSQL","YES"
657,"OD Request On Special Approval List","P657_TODATE","TRUNC(SYSDATE)","EXPRESSION","PLSQL","YES"
659,"Reimbursement Claim List","P659_FROMDATE","TRUNC(SYSDATE)-6","EXPRESSION","PLSQL","YES"
659,"Reimbursement Claim List","P659_TODATE","TRUNC(SYSDATE)","EXPRESSION","PLSQL","YES"
665,"Asset Opening List","P665_FROMDATE","TRUNC(SYSDATE)-6","EXPRESSION","PLSQL","YES"
665,"Asset Opening List","P665_TODATE","TRUNC(SYSDATE)","EXPRESSION","PLSQL","YES"
669,"Asset Sale List","P669_FROMDATE","TRUNC(SYSDATE)-6","EXPRESSION","PLSQL","YES"
669,"Asset Sale List","P669_TODATE","TRUNC(SYSDATE)","EXPRESSION","PLSQL","YES"
671,"Asset Discard","P671_FROMDATE","TRUNC(SYSDATE)-6","EXPRESSION","PLSQL","YES"
671,"Asset Discard","P671_TODATE","TRUNC(SYSDATE)","EXPRESSION","PLSQL","YES"
676,"Depreciation List","P676_FROMDATE","TRUNC(SYSDATE)-6","EXPRESSION","PLSQL","YES"
676,"Depreciation List","P676_TODATE","TRUNC(SYSDATE)","EXPRESSION","PLSQL","YES"
681,"Salary Voucher List","P681_FROMDATE","TRUNC(SYSDATE)-6","EXPRESSION","PLSQL","YES"
681,"Salary Voucher List","P681_TODATE","TRUNC(SYSDATE)","EXPRESSION","PLSQL","YES"
691,"Asset Transfer List","P691_FROMDATE","TRUNC(SYSDATE)-6","EXPRESSION","PLSQL","YES"
691,"Asset Transfer List","P691_TODATE","TRUNC(SYSDATE)","EXPRESSION","PLSQL","YES"
701,"Sales Enquiry List","P701_FROMDATE","TRUNC(SYSDATE)-6","EXPRESSION","PLSQL","YES"
701,"Sales Enquiry List","P701_TODATE","TRUNC(SYSDATE)","EXPRESSION","PLSQL","YES"
704,"Sales Quotation List","P704_FROMDATE","TRUNC(SYSDATE)-6","EXPRESSION","PLSQL","YES"
704,"Sales Quotation List","P704_TODATE","TRUNC(SYSDATE)","EXPRESSION","PLSQL","YES"
707,"Enquiry Register","P707_FROMDATE","TRUNC(SYSDATE)-6","EXPRESSION","PLSQL","YES"
707,"Enquiry Register","P707_TODATE","TRUNC(SYSDATE)","EXPRESSION","PLSQL","YES"
709,"Quotation Register","P709_FROMDATE","TRUNC(SYSDATE)-6","EXPRESSION","PLSQL","YES"
709,"Quotation Register","P709_TODATE","TRUNC(SYSDATE)","EXPRESSION","PLSQL","YES"
711,"Comparative Statement Register","P711_FROMDATE","TRUNC(SYSDATE)-6","EXPRESSION","PLSQL","YES"
711,"Comparative Statement Register","P711_TODATE","TRUNC(SYSDATE)","EXPRESSION","PLSQL","YES"
713,"Rate Contract List","P713_FROMDATE","TRUNC(SYSDATE)-6","EXPRESSION","PLSQL","YES"
713,"Rate Contract List","P713_TODATE","TRUNC(SYSDATE)","EXPRESSION","PLSQL","YES"

124 rows selected. 

