"Page","Name","Alias","Mode","WarnUnsaved","Regions","Items","Buttons","DynamicActions","Validations","Computations","Processes","Branches","InteractiveGrids","InteractiveReports","ClassicReports","HasJavaScript","HasInlineCss","File"
,"Global Page","","","","3","4","0","6","0","0","0","0","0","0","0","False","False","page_00000.sql"
,"PR to DB","PR-TO-DB","","N","2","11","2","3","0","0","0","0","0","1","0","True","False","page_00410.sql"
,"Stock Statement","STOCK-STATEMENT","","","2","9","3","1","0","0","0","0","0","1","0","False","True","page_00407.sql"
,"TDS RECEIVABLE","TDS-RECEIVABLE","","N","2","4","1","1","0","0","0","0","0","1","0","False","True","page_00406.sql"
,"TDS PAYBLE ","TDS-PAYBLE","","N","2","4","1","1","0","0","0","0","0","1","0","False","True","page_00405.sql"
,"GST Output Report As Per Transaction","GST-OUTPUT-REPORT-AS-PER-TRANSACTION","","N","2","6","1","2","0","0","0","0","0","1","0","False","True","page_00404.sql"
,"GST Input Report As Per Transaction","GST-INPUT-REPORT-AS-PER-TRANSACTION","","N","2","5","1","1","0","0","0","0","0","1","0","False","True","page_00403.sql"
,"Trial Balance","TRIAL-BALANCE1","","N","2","17","2","0","0","0","1","0","0","1","0","False","False","page_00402.sql"
,"Trial Balance","TRIAL-BALANCE2","","N","2","19","1","2","0","0","1","0","0","1","0","False","False","page_00401.sql"
,"Trial Balance","TRIAL-BALANCE","","N","3","32","11","16","0","0","4","0","0","1","0","True","False","page_00400.sql"
,"Proforma Invoice","PROFORMA-INVOICE","","","12","104","9","20","2","0","10","2","4","0","0","True","False","page_00383.sql"
,"Proforma Invoice Report","PROFORMA-INVOICE-REPORT","","","2","9","2","0","0","0","0","0","0","1","0","False","True","page_00382.sql"
,"Payment Follow-up Action","PAYMENT-FOLLOW-UP-ACTION","","","6","27","8","6","0","0","6","3","0","0","0","True","True","page_00381.sql"
,"Sales Dashboard Detail Report","SALES-DASHBOARD-DETAIL-REPORT","MODAL","","19","85","1","1","0","0","1","0","0","0","0","False","True","page_00380.sql"
,"GRN Pending for Purchase Bill Report","GRN-PENDING-PURCHASE-BILL-REPORT","","","2","8","1","1","0","0","1","0","0","1","0","False","True","page_00378.sql"
,"Payment Follow-up Action","PAYMENT-FOLLOW-UP-ACTION1","","","2","4","2","2","0","0","0","0","0","1","0","False","True","page_00377.sql"
,"Pending Dispatch Quantity Register","PENDING-DISPATCH-QUANTITY-REGISTER","","","1","0","0","0","0","0","0","0","0","1","0","False","False","page_00375.sql"
,"Print Option PInvoice","PRINT-OPTION-PINVOICE","MODAL","N","0","2","3","3","0","0","0","0","0","0","0","True","False","page_00374.sql"
,"Task Dashboard","TASK-DASHBOARD","","","4","2","2","5","0","0","1","0","1","0","0","False","True","page_00360.sql"
,"prototypes","PROTOTYPES","","","1","2","0","0","0","0","0","0","0","0","0","False","False","page_00361.sql"
,"Payment Followup","PAYMENT-FOLLOWUP","","","2","3","0","1","0","0","0","0","0","1","0","False","False","page_00362.sql"
,"Active Module","ACTIVE-MODULE","","","1","0","0","2","0","0","1","0","1","0","0","False","False","page_00363.sql"
,"Transactional Summary Report","TRANSACTIONAL-SUMMARY-REPORT","","","2","8","0","1","0","0","1","0","0","1","0","False","True","page_00364.sql"
,"Enhance Interactive Grid with Treegrid","ENHANCE-INTERACTIVE-GRID-WITH-TREEGRID","","","1","0","0","2","0","0","0","0","1","0","0","False","False","page_00365.sql"
,"Order vs Dispatch","ORDER-VS-DISPATCH","","","3","7","2","3","0","0","0","0","0","2","0","True","False","page_00411.sql"
,"Item Grade List","ITEM-GRADE-LIST","","","1","0","2","2","0","0","0","0","0","1","0","False","True","page_00366.sql"
,"Item Length List","ITEM-LENGTH-LIST","","","1","0","2","2","0","0","0","0","0","1","0","False","True","page_00368.sql"
,"Item Length Master","ITEM-LENGTH-MASTER","MODAL","","3","13","9","12","0","0","6","0","0","0","0","True","True","page_00369.sql"
,"Item Width List","ITEM-WIDTH-LIST","","","1","0","2","2","0","0","0","0","0","1","0","False","True","page_00370.sql"
,"Item Width Master","ITEM-WIDTH-MASTER","MODAL","","3","13","9","13","0","0","6","0","0","0","0","True","True","page_00371.sql"
,"Item Thickness List","ITEM-THICKNESS-LIST","","","1","0","2","2","0","0","0","0","0","1","0","False","True","page_00372.sql"
,"Item Thickness Master","ITEM-THICKNESS-MASTER","MODAL","","3","13","9","13","0","0","6","0","0","0","0","True","True","page_00373.sql"
,"Item Grade Master","ITEM-GRADE-MASTER","MODAL","","3","11","9","13","0","0","6","0","0","0","0","True","True","page_00367.sql"
,"Balance Sheet","BALANCE-SHEET","","N","7","39","11","32","0","0","3","1","0","3","0","True","False","page_00412.sql"
,"Account Position in Trial Balance","ACCOUNT-POSITION-IN-TRIAL-BALANCE","","N","5","16","12","33","0","0","4","0","1","0","0","True","False","page_00413.sql"
,"Schedule Register","SCHEDULE-REGISTER","","N","2","3","5","2","0","0","1","0","0","1","0","True","False","page_00414.sql"
,"Customer  Detail","CUSTOMER-DETAIL","","","1","24","0","1","0","0","1","0","0","0","0","False","True","page_00512.sql"
,"Supplier","SUPPLIER","","","1","1","1","1","0","0","0","0","0","1","0","True","False","page_00513.sql"
,"Supplier Detail","SUPPLIER-DETAIL","","","1","25","0","0","0","0","1","0","0","0","0","False","True","page_00514.sql"
,"Supplier Dashboard","SUPPLIER-DASHBOARD","","","12","18","1","1","0","0","1","0","0","2","0","False","True","page_00515.sql"
,"Finished Products","FINISHED-PRODUCTS","","","1","1","1","1","0","0","0","0","0","1","0","True","False","page_00516.sql"
,"Product Detail","PRODUCT-DETAIL","","","1","24","0","1","0","0","1","0","0","0","0","False","True","page_00517.sql"
,"D Customer Dashboard","D-CUSTOMER-DASHBOARD","","","13","18","1","1","0","0","1","0","1","0","0","False","True","page_00511.sql"
,"Product Dashboard","PRODUCT-DASHBOARD","","","11","18","1","1","0","0","1","0","0","6","0","False","True","page_00518.sql"
,"Account Dashboard","ACCOUNT-DASHBOARD","","","17","1","2","13","0","0","0","0","0","0","0","True","True","page_00520.sql"
,"Trade Analysis","TRADE-ANALYSIS","","N","11","10","0","17","0","0","0","0","0","0","0","False","False","page_00521.sql"
,"Customer Pending Orders","CUSTOMER-PENDING-ORDERS","","","1","3","0","0","0","0","0","0","0","1","0","False","True","page_00522.sql"
,"Creditors Aging Detail Report","CREDITORS-AGING-DETAIL-REPORT","","N","2","4","1","0","0","0","0","0","0","1","0","False","True","page_00523.sql"
,"Customer Overdue Invoices","CUSTOMER-OVERDUE-INVOICES","","","1","1","0","0","0","0","0","0","0","1","0","False","True","page_00524.sql"
,"Customer Billed Invoices","CUSTOMER-BILLED-INVOICES","","","1","4","0","0","0","0","0","0","0","1","0","False","True","page_00525.sql"
,"360 View","360-VIEW","","","1","0","0","1","0","0","0","0","0","0","0","False","False","page_00519.sql"
,"ITEMOPENING","ITEMOPENING","MODAL","","4","5","2","2","1","1","4","0","0","0","0","False","False","page_00359.sql"
,"Customer","CUSTOMER","","","1","1","1","2","0","0","0","0","0","1","0","True","False","page_00510.sql"
,"Month x Item wise Issue (Department)","MONTH-X-ITEM-WISE-ISSUE-DEPARTMENT","MODAL","","1","5","0","1","0","0","0","0","0","1","0","False","False","page_00508.sql"
,"Schedule","SCHEDULE","","","5","28","11","18","0","0","7","1","1","0","0","True","False","page_00415.sql"
,"Profit And Loss","PROFIT-AND-LOSS","","N","7","30","11","37","0","0","4","0","2","0","0","True","False","page_00416.sql"
,"TDS Challan Register","TDS-CHALLAN-REGISTER","","N","2","15","5","3","0","0","1","0","0","1","0","True","False","page_00417.sql"
,"TDS Challan ","TDS-CHALLAN","","N","7","27","11","31","0","0","12","1","2","0","0","True","False","page_00418.sql"
,"ESIC Challan Register","ESIC-CHALLAN-REGISTER","","N","2","15","5","3","0","0","1","0","0","1","0","True","False","page_00419.sql"
,"ESI Challan ","ESI-CHALLAN","","N","4","47","10","26","0","0","10","1","0","0","0","True","False","page_00420.sql"
,"HR - Dashboard","HR-DASHBOARD","","","5","5","0","4","0","0","0","0","0","0","0","False","True","page_00509.sql"
,"Portlets","PORTLETS","","","1","0","0","2","0","0","0","0","0","0","0","False","False","page_00500.sql"
,"Portlet Purchase","PORTLET-PURCHASE","","N","11","14","1","9","0","0","1","0","0","0","0","False","False","page_00502.sql"
,"Issue Analysis","ISSUE-ANALYSIS","","","13","16","2","14","0","0","0","0","0","0","0","True","False","page_00503.sql"
,"Sales Dashboard","SALES-DASHBOARD","","N","21","13","1","7","0","2","3","0","0","2","0","True","False","page_00504.sql"
,"Sales Detail (With Filter)","SALES-DETAIL-WITH-FILTER","","","1","7","0","1","0","0","0","0","0","0","0","False","False","page_00505.sql"
,"Purchase Dashboard","PURCHASE-DASHBOARD","","","12","6","2","2","0","0","2","0","0","0","0","False","True","page_00506.sql"
,"Purchase Detail (with Filter)","PURCHASE-DETAIL-WITH-FILTER","","","1","7","0","1","0","0","0","0","0","0","0","False","False","page_00507.sql"
,"Portlet Revenue","PORTLET-REVENUE","","N","15","16","0","14","0","0","0","0","0","0","0","False","True","page_00501.sql"
,"Item Import New","ITEM-IMPORT-NEW","MODAL","","4","5","2","2","1","1","4","0","0","0","0","False","False","page_00358.sql"
,"Import Item","IMPORT-ITEM","MODAL","","4","5","2","2","1","1","4","0","0","0","0","False","False","page_00357.sql"
,"Task Assignment Master","TASK-ASSIGNMENT-MASTER","MODAL","","3","18","9","4","0","0","3","1","0","0","0","False","False","page_00356.sql"
,"Due  Balance Detail","DUE-BALANCE-DETAIL","MODAL","","2","6","2","2","0","0","0","0","0","1","0","True","False","page_00306.sql"
,"GST Setup List","GST-SETUP-LIST","","","1","1","2","0","0","0","0","0","0","1","0","False","True","page_00307.sql"
,"GST Setup","GST-SETUP","","","9","32","10","11","0","0","4","1","0","0","0","False","True","page_00308.sql"
,"Balance Freight Settlement ","BALANCE-FREIGHT-SETTLEMENT","","","2","8","2","2","0","0","0","0","0","1","0","True","False","page_00309.sql"
,"location list","LOCATION-LIST","","","1","0","1","0","0","0","0","0","0","1","0","False","False","page_00310.sql"
,"Challan List","CHALLAN-LIST","","","1","1","2","1","0","0","0","0","0","1","0","False","True","page_00311.sql"
,"Service  Bill","SERVICE-BILL","","N","17","68","12","43","0","0","15","1","5","1","0","True","False","page_00305.sql"
,"Challan","CHALLAN","","N","6","37","13","16","0","0","8","1","2","0","0","False","True","page_00312.sql"
,"Payment Advice Report","PAYMENT-ADVICE-ONLY-REPORT","","","2","11","4","2","0","0","0","0","0","1","0","False","False","page_00314.sql"
,"Account Master Import","ACCOUNT-MASTER-IMPORT","MODAL","","4","5","2","2","1","1","4","0","0","0","0","False","False","page_00315.sql"
,"Import Register","IMPORT-REGISTER","","N","2","12","5","3","0","0","1","0","0","1","0","True","False","page_00316.sql"
,"Import ","IMPORT","","N","6","22","11","20","0","0","8","1","2","0","0","True","False","page_00317.sql"
,"Account Opening Import","ACCOUNT-OPENING-IMPORT","MODAL","","4","5","2","2","1","1","4","0","0","0","0","False","False","page_00318.sql"
,"Footer Formula List","FOOTER-FORMULA-LIST","","","1","0","1","1","0","0","0","0","0","1","0","False","True","page_00319.sql"
,"location master","LOCATION-MASTER2","","","3","64","10","2","0","0","5","1","0","0","0","False","False","page_00313.sql"
,"Footer Formula Master","FOOTER-FORMULA-MASTER","MODAL","","3","12","9","4","0","0","4","0","0","0","0","False","False","page_00320.sql"
,"Service Bill Register","SERVICE-BILL-REGISTER","","N","2","11","5","3","0","0","1","0","0","1","0","True","False","page_00304.sql"
,"Cheque Book Issue List","CHEQUE-BOOK-ISSUE-LIST","","","2","6","3","2","0","0","0","0","0","1","0","False","True","page_00302.sql"
,"Outward Freight Rate Approval","OUTWARD-FREIGHT-RATE-APPROVAL","","","2","7","3","3","0","0","0","0","0","1","0","False","True","page_00288.sql"
,"Outward Freight Rate Approval","OUTWARD-FREIGHT-RATE-APPROVAL1","","","3","28","10","12","0","0","6","1","0","0","0","True","False","page_00289.sql"
,"Daily Despatch Report","DAILY-DESPATCH-REPORT","","","2","7","2","2","0","0","0","0","0","1","0","True","False","page_00290.sql"
,"Purchase Party Payment Register","PURCHASE-PARTY-AMOUNT-REPORT","","","2","7","2","2","0","0","0","0","0","1","0","True","False","page_00291.sql"
,"Change Password","CHANGE-PASSWORD","","","3","10","9","1","0","0","1","1","0","0","0","False","False","page_00292.sql"
,"Fixed Asset Register","FIXED-ASSET-REGISTER","","","2","3","1","1","0","0","0","0","0","1","0","False","False","page_00293.sql"
,"Cheque Book Issue","CHEQUE-BOOK-ISSUE","","","5","25","9","13","0","0","10","1","1","0","0","False","True","page_00303.sql"
,"Depreciation Register","DEPRECIATION-REGISTER","","","2","3","1","1","0","0","0","0","0","1","0","False","False","page_00294.sql"
,"GST Liability","GST-LIABILITY","","","2","7","2","3","0","0","0","0","0","1","0","True","False","page_00296.sql"
,"Change CCInvoice Freight Rate","CHANGE-CCINVOICE-FREIGHT-RATE","MODAL","","1","2","2","1","0","0","2","0","0","0","0","False","False","page_00297.sql"
,"Due Outstanding Balance","DUE-OUTSTANDING-BALANCE","","","2","6","2","2","0","0","0","0","0","1","0","True","False","page_00298.sql"
,"Due Outstanding Balance Detail","DUE-OUTSTANDING-BALANCE-DETAIL","MODAL","","2","6","2","2","0","0","0","0","0","1","0","True","False","page_00299.sql"
,"Cheque Receipt List","CHEQUE-RECEIPT-LIST","","","2","6","3","2","0","0","0","0","0","1","0","False","True","page_00300.sql"
,"Cheque Receipt","CHEQUE-RECEIPT","","","5","26","9","12","0","0","7","1","1","0","0","False","True","page_00301.sql"
,"Freight Rate Approval Register","FREIGHT-RATE-APPROVAL-REGISTER","","","2","8","2","2","0","0","0","0","0","1","0","True","False","page_00295.sql"
,"Customer Active Invoices","CUSTOMER-ACTIVE-INVOICES","","","1","2","0","0","0","0","0","0","0","1","0","False","True","page_00526.sql"
,"PURCHASEBILLDETAILFOOTER","PURCHASEBILLDETAILFOOTER","MODAL","","1","5","1","7","0","0","2","0","1","0","0","False","False","page_00321.sql"
,"PURCHASEBILLFOOTER","PURCHASEBILLFOOTER","MODAL","","1","5","1","7","0","0","2","0","1","0","0","False","False","page_00323.sql"
,"Leave Scheme","LEAVE-SCHEME","","","4","21","10","14","0","0","7","1","1","0","0","False","True","page_00342.sql"
,"Employee Loan Receipt","EMPLOYEE-LOAN-RECEIPT","","","2","9","3","2","0","0","0","0","0","1","0","False","True","page_00343.sql"
,"Employee Loan Receipt","EMPLOYEE-LOAN-RECEIPT1","","","3","27","10","14","0","0","6","1","0","0","0","False","True","page_00344.sql"
,"Employee Loan Relaxation","EMPLOYEE-LOAN-RELAXATION","","","2","9","3","2","0","0","0","0","0","1","0","False","True","page_00345.sql"
,"Employee Loan Relaxation","EMPLOYEE-LOAN-RELAXATION1","","","4","24","10","17","0","0","7","1","1","0","0","False","True","page_00346.sql"
,"Advance Receipt List","ADVANCE-RECEIPT-LIST","","","1","1","3","1","0","0","0","0","0","1","0","False","False","page_00347.sql"
,"Leave Scheme List","LEAVE-SCHEME-LIST","","","2","9","3","2","0","0","0","0","0","1","0","False","True","page_00341.sql"
,"Advance Receipt","ADVANCE-RECEIPT","","N","5","43","9","18","0","0","8","1","1","0","0","True","False","page_00348.sql"
,"Vendor","VENDOR","","","5","45","9","14","0","0","10","1","0","0","0","False","True","page_00350.sql"
,"GSTR9 Register","GSTR9-REGISTER","","","1","1","2","0","0","0","0","0","0","1","0","False","True","page_00351.sql"
,"GSTR9","GSTR9","","","17","25","12","33","0","0","8","0","0","13","0","True","False","page_00352.sql"
,"Profit And Loss Detail","PROFIT-AND-LOSS-DETAIL","","N","6","31","11","41","0","0","4","0","1","1","0","True","False","page_00353.sql"
,"Balance Sheet Detail","BALANCE-SHEET-DETAIL","","N","8","43","11","36","0","0","4","1","1","3","0","True","False","page_00354.sql"
,"Task Master","TASK-MASTER","MODAL","","3","12","9","4","0","0","5","1","0","0","0","False","False","page_00355.sql"
,"Vendor Register","VENDOR-REGISTER","","","1","1","2","1","0","0","0","0","0","1","0","False","False","page_00349.sql"
,"SAC List","SAC-LIST","","","1","0","2","2","0","0","0","0","0","1","0","False","True","page_00322.sql"
,"Employee Category","EMPLOYEE-CATEGORY1","MODAL","","3","19","9","11","0","0","6","0","0","0","0","True","True","page_00340.sql"
,"Employee Separation","EMPLOYEE-SEPARATION","","","3","25","10","14","0","0","6","1","0","0","0","True","False","page_00338.sql"
,"CREDITNOTEDETAILFOOTER","CREDITNOTEDETAILFOOTER","MODAL","","1","5","1","7","0","0","2","0","1","0","0","False","False","page_00324.sql"
,"DEBITNOTEDETAILFOOTER","DEBITNOTEDETAILFOOTER","MODAL","","1","5","1","7","0","0","2","0","1","0","0","False","False","page_00325.sql"
,"SAC Master","SAC-MASTER","MODAL","","3","13","9","11","0","0","6","0","0","0","0","True","True","page_00326.sql"
,"PURCHASE BILL LEDGER","PURCHASE-BILL-LEDGER","","N","2","6","2","2","0","0","0","0","0","1","0","True","False","page_00327.sql"
,"Print ","PRINT1","MODAL","N","0","2","3","3","0","0","0","0","0","0","0","True","False","page_00328.sql"
,"CCINVOICE LEDGER","CCINVOICE-LEDGER","","N","2","6","2","2","0","0","0","0","0","1","0","True","False","page_00329.sql"
,"Employee Category","EMPLOYEE-CATEGORY","","","2","9","3","2","0","0","0","0","0","1","0","False","True","page_00339.sql"
,"Trial Grid Testing","TRIAL-GRID-TESTING","","","1","0","0","2","0","0","1","0","1","0","0","False","False","page_00330.sql"
,"PF & ESI Setting","PF-ESI-SETTING1","","","5","151","10","12","0","0","6","1","0","0","0","False","True","page_00332.sql"
,"PF Challan","PF-CHALLAN","","","2","8","3","2","0","0","0","0","0","1","0","False","True","page_00333.sql"
,"PF Challan","PF-CHALLAN1","","","4","145","13","18","0","0","8","1","1","0","0","True","False","page_00334.sql"
,"Change In Employee List","CHANGE-IN-EMPLOYEE-LIST","","","2","9","3","2","0","0","0","0","0","1","0","False","True","page_00335.sql"
,"Change In Employee","CHANGE-IN-EMPLOYEE","","","3","64","9","14","0","0","6","1","0","0","0","True","False","page_00336.sql"
,"Employee Separation List","EMPLOYEE-SEPARATION-LIST","","","2","9","3","2","0","0","0","0","0","1","0","False","True","page_00337.sql"
,"PF & ESI Setting","PF-ESI-SETTING","","","1","1","2","2","0","0","0","0","0","1","0","False","True","page_00331.sql"
,"Customer Inactive Invoices","CUSTOMER-INACTIVE-INVOICES","","","1","1","0","0","0","0","0","0","0","1","0","False","True","page_00527.sql"
,"Supplier Overdue Amount","SUPPLIER-OVERDUE-AMOUNT","","","1","4","0","0","0","0","0","0","0","1","0","False","True","page_00528.sql"
,"Supplier Outstanding Amount","SUPPLIER-OUTSTANDING-AMOUNT","","","1","4","0","0","0","0","0","0","0","1","0","False","True","page_00529.sql"
,"Asset Category Depreciation Rate List","ASSET-CATEGORY-DEPRECIATION-RATE-LIST1","","","1","1","2","2","0","0","0","0","0","1","0","False","True","page_00678.sql"
,"Asset Category Depreciation Rate List","ASSET-CATEGORY-DEPRECIATION-RATE-LIST","","","5","20","9","13","0","0","6","1","1","0","0","False","True","page_00679.sql"
,"Fixed Assets","FIXED-ASSETS","","","3","4","1","3","0","0","0","0","1","0","0","False","False","page_00680.sql"
,"Salary Voucher List","SALARY-VOUCHER-LIST","","","2","7","4","3","0","0","0","0","0","1","0","True","False","page_00681.sql"
,"Salary Voucher","SALARY-VOUCHER","","","5","28","11","16","0","0","7","1","1","0","0","True","False","page_00682.sql"
,"Salary Payment Advice List","SALARY-PAYMENT-ADVICE-LIST1","","","1","1","2","2","0","0","0","0","0","1","0","False","True","page_00683.sql"
,"Depreciation","DEPRECIATION","","","5","27","11","15","0","0","8","1","1","0","0","False","True","page_00677.sql"
,"Salary Payment Advice List","SALARY-PAYMENT-ADVICE-LIST","","","6","41","11","15","0","0","6","1","1","0","0","False","True","page_00684.sql"
,"Hold Salary","HOLD-SALARY","","","3","24","10","12","0","0","5","1","0","0","0","True","False","page_00686.sql"
,"Un-Hold Salary list","UN-HOLD-SALARY-LIST1","","","1","1","2","2","0","0","0","0","0","1","0","False","True","page_00687.sql"
,"Un-Hold Salary List","UN-HOLD-SALARY-LIST","","","3","25","10","13","0","0","5","1","0","0","0","True","False","page_00688.sql"
,"Opening Leave List","OPENING-LEAVE-LIST","","","1","1","2","2","0","0","0","0","0","1","0","False","True","page_00689.sql"
,"Opening Leave","OPENING-LEAVE","","","5","23","9","14","0","0","6","1","1","0","0","False","True","page_00690.sql"
,"Asset Transfer List","ASSET-TRANSFER-LIST","","","2","7","4","3","0","0","0","0","0","1","0","True","False","page_00691.sql"
,"Hold Salary List","HOLD-SALARY-LIST","","","1","1","2","2","0","0","0","0","0","1","0","False","True","page_00685.sql"
,"Asset Transfer","ASSET-TRANSFER","","","6","31","11","19","0","0","8","1","2","0","0","True","False","page_00692.sql"
,"Depreciation List","DEPRECIATION-LIST","","","2","7","3","2","0","0","0","0","0","1","0","False","True","page_00676.sql"
,"Asset List","ASSET-LIST","","","2","7","4","3","0","0","0","0","0","1","0","True","False","page_00674.sql"
,"Reimbursement Claim","REIMBURSEMENT-CLAIM-LIST","","","5","36","9","17","0","0","7","1","1","0","0","True","False","page_00660.sql"
,"CONVEYANCETYPE","CONVEYANCETYPE","","","1","1","2","4","0","0","0","0","0","1","0","False","True","page_00661.sql"
,"CONVEYANCETYPE","CONVEYANCETYPE1","MODAL","","4","13","9","8","0","0","6","0","0","0","0","True","True","page_00662.sql"
,"PARTYATTRIBUTE","PARTYATTRIBUTE","","","1","1","2","4","0","0","0","0","0","1","0","False","True","page_00663.sql"
,"PARTYATTRIBUTE","PARTYATTRIBUTE1","MODAL","","4","15","9","9","0","0","6","0","0","0","0","True","True","page_00664.sql"
,"Asset Opening List","ASSET-OPENING","","","2","7","4","3","0","0","0","0","0","1","0","True","False","page_00665.sql"
,"Asset","ASSET","","","12","63","13","34","0","0","11","1","5","0","0","True","False","page_00675.sql"
,"Asset Opening","ASSET-OPENING1","","N","5","57","10","19","0","0","5","1","0","0","0","True","False","page_00666.sql"
,"Asset Category Master","ASSET-CATEGORY-MASTER","MODAL","","5","14","9","10","0","0","6","0","0","0","0","True","True","page_00668.sql"
,"Asset Sale List","ASSET-SALE-LIST","","","2","7","4","3","0","0","0","0","0","1","0","True","False","page_00669.sql"
,"Asset Sale","ASSET-SALE","","","5","26","11","16","0","0","6","1","1","0","0","True","False","page_00670.sql"
,"Asset Discard","ASSET-DISCARD","","","2","7","3","2","0","0","0","0","0","1","0","False","True","page_00671.sql"
,"Asset Discard","ASSET-DISCARD1","","","5","39","11","16","0","0","8","1","1","0","0","False","True","page_00672.sql"
,"Bank Reconsilation","BANK-RECONSILATION","","N","5","26","10","17","0","0","5","0","1","0","0","True","False","page_00673.sql"
,"Asset Category List","ASSET-CATEGORY-LIST","","","1","1","2","5","0","0","0","0","0","1","0","False","True","page_00667.sql"
,"Reimbursement Claim List","REIMBURSEMENT-CLAIM-LIST1","","","2","7","4","2","0","0","0","0","0","1","0","True","False","page_00659.sql"
,"Opening Loan list","OPENING-LOAN-LIST","","","1","1","2","2","0","0","0","0","0","1","0","False","True","page_00693.sql"
,"Full and Final List","FULL-AND-FINAL-LIST","","","1","1","2","2","0","0","0","0","0","1","0","False","True","page_00695.sql"
,"Process TAT List","PROCESS-TAT-LIST","","","1","0","2","1","0","0","0","0","0","1","0","False","True","page_00717.sql"
,"Process TAT Master","PROCESS-TAT-MASTER","","","6","17","11","17","0","0","10","1","1","1","0","True","True","page_00718.sql"
,"Process Escalation List","PROCESS-ESCALATION-LIST","","","1","1","3","0","0","0","0","0","0","1","0","False","False","page_00719.sql"
,"Process Escalation","PROCESS-ESCALATION","","","6","19","12","16","0","0","8","1","2","0","0","False","True","page_00720.sql"
,"New Ledger","NEW-LEDGER","","","2","7","1","2","0","0","2","0","1","0","0","True","False","page_00798.sql"
,"Prototype and Testing","PROTOTYPE-AND-TESTING","","","3","0","0","0","0","0","0","0","0","1","0","False","False","page_07777.sql"
,"Process Routing Master","PROCESS-ROUTING-MASTER","","","6","17","11","16","0","0","10","1","1","1","0","True","True","page_00716.sql"
,"Print  Slip","PRINT-SLIP","MODAL","","0","3","0","1","0","0","0","0","0","0","0","True","False","page_09993.sql"
,"Attachment Preview","ATTACHMENT-PREVIEW","","","1","2","0","0","0","0","0","0","0","0","0","False","False","page_09995.sql"
,"Module Search","MSEARCH","MODAL","N","2","2","2","5","0","0","0","0","0","1","0","False","True","page_09996.sql"
,"Display Text","DISPLAY-TEXT","MODAL","","1","1","1","1","0","0","0","0","0","0","0","False","False","page_09997.sql"
,"Search","SEARCH","","","1","1","0","0","0","0","0","0","0","1","0","True","False","page_09998.sql"
,"Login Page","LOGIN","","N","1","6","1","1","0","0","5","0","0","0","0","True","True","page_09999.sql"
,"Administration","ADMIN","","","3","0","0","0","0","0","0","0","0","0","0","False","False","page_10000.sql"
,"Module Search","F-SEARCH","","N","1","2","0","1","0","0","0","0","0","0","0","False","False","page_09994.sql"
,"Opening Loan","OPENING-LOAN","","","5","21","9","14","0","0","7","1","1","0","0","False","True","page_00694.sql"
,"Process Routing List","PROCESS-ROUTING-LIST","","","1","0","2","1","0","0","0","0","0","1","0","False","True","page_00715.sql"
,"Rate Contract List","RATE-CONTRACT-LIST","","","2","16","3","0","0","0","0","0","0","1","0","False","False","page_00713.sql"
,"Full and Final","FULL-AND-FINAL","","","16","75","10","33","0","0","12","1","6","0","0","True","False","page_00696.sql"
,"Enquiry Party","ENQUIRY-PARTY","MODAL","","1","1","1","0","0","0","1","0","0","0","0","False","False","page_00700.sql"
,"Sales Enquiry List","SALES-ENQUIRY-LIST","","","2","16","4","1","0","0","0","0","0","1","0","False","True","page_00701.sql"
,"Sales Enquiry","SALES-ENQUIRY","","N","17","74","19","65","0","0","17","1","5","1","0","True","False","page_00702.sql"
,"Sales Enquiry Tracking","SALES-ENQUIRY-TRACKING","","","6","12","11","16","0","0","8","1","1","1","0","True","True","page_00703.sql"
,"Sales Quotation List","SALES-QUOTATION-LIST","","","3","18","4","3","0","0","0","0","0","1","0","False","False","page_00704.sql"
,"Rate Contract","RATE-CONTRACT","","N","15","46","12","53","0","0","16","1","4","1","0","True","False","page_00714.sql"
,"Sales Quotation","SALES-QUOTATION","","N","16","63","19","53","1","0","17","1","5","1","0","True","False","page_00705.sql"
,"Enquiry Register","ENQUIRY-REGISTER","","N","2","12","3","2","0","0","1","0","0","1","0","True","False","page_00707.sql"
,"Purchase Enquiry ","PURCHASE-ENQUIRY","","N","9","30","17","26","0","0","14","1","5","0","0","True","False","page_00708.sql"
,"Quotation Register","QUOTATION-REGISTER","","N","2","11","3","2","0","0","1","0","0","1","0","True","False","page_00709.sql"
,"Purchase Quotation","PURCHASE-QUOTATION","","","13","51","14","46","2","0","12","1","4","0","0","True","False","page_00710.sql"
,"Comparative Statement Register","COMPARATIVE-STATEMENT-REGISTER","","N","2","10","3","2","0","0","1","0","0","1","0","True","False","page_00711.sql"
,"Comparative Statement","COMPARATIVE-STATEMENT","","","4","24","9","21","0","0","11","1","1","0","0","True","False","page_00712.sql"
,"Sales Enquiry","SALES-ENQUIRY1","","N","17","69","18","60","0","0","17","1","5","1","0","True","False","page_00706.sql"
,"Zone Master","ZONE-MASTER","MODAL","","3","11","9","11","0","0","6","0","0","0","0","True","True","page_00287.sql"
,"OD Request On Special Approval","OD-REQUEST-ON-SPECIAL-APPROVAL","","","5","29","11","15","0","0","7","1","1","0","0","True","False","page_00658.sql"
,"EXPENSETYPE","EXPENSETYPE1","MODAL","","4","13","9","8","0","0","6","0","0","0","0","True","True","page_00656.sql"
,"Leave List","LEAVE-LIST","","","1","1","2","4","0","0","0","0","0","1","0","False","True","page_00605.sql"
,"Leave Master","LEAVE-MASTER","MODAL","","4","14","9","8","0","0","6","0","0","0","0","True","True","page_00606.sql"
,"Loan Category List","LOAN-CATEGORY-LIST","","","1","1","2","4","0","0","0","0","0","1","0","False","True","page_00607.sql"
,"Loan Category Master","LOAN-CATEGORY-MASTER","MODAL","","4","13","9","8","0","0","6","0","0","0","0","True","True","page_00608.sql"
,"Loan Type List","LOAN-TYPE-LIST","","","1","1","2","4","0","0","0","0","0","1","0","False","True","page_00609.sql"
,"Loan Type Master","LOAN-TYPE-MASTER","MODAL","","4","16","9","8","0","0","6","0","0","0","0","True","True","page_00610.sql"
,"Salary Head Master","SALARY-HEAD-MASTER","MODAL","","4","17","9","8","0","0","6","0","0","0","0","True","True","page_00604.sql"
,"Salary Head Account","SALARY-HEAD-ACCOUNT","","","1","1","2","3","0","0","0","0","0","1","0","False","True","page_00611.sql"
,"Qualification Type List","QUALIFICATION-TYPE-LIST1","","","1","0","2","2","0","0","0","0","0","1","0","False","True","page_00613.sql"
,"Qualification Type","QUALIFICATION-TYPE-LIST","MODAL","","3","15","9","9","0","0","6","0","0","0","0","False","True","page_00614.sql"
,"Attendence Head List","ATTENDENCE-HEAD-LIST","","","1","1","2","3","0","0","0","0","0","1","0","False","True","page_00615.sql"
,"Attendence Head Master","ATTENDENCE-HEAD-MASTER","MODAL","N","4","15","9","8","0","0","6","0","0","0","0","True","True","page_00616.sql"
,"Qualification List","QUALIFICATION-LIST","","","1","1","2","3","0","0","0","0","0","1","0","False","True","page_00617.sql"
,"Qualification Master","QUALIFICATION-MASTER","MODAL","","4","13","9","8","0","0","6","0","0","0","0","True","True","page_00618.sql"
,"Salary Head Account","SALARY-HEAD-ACCOUNT1","MODAL","","4","19","9","8","0","0","6","0","0","0","0","True","True","page_00612.sql"
,"ATTENDENCE PERIODICAL","ATTENDENCE-PERIODICAL1","","","2","7","3","4","0","0","0","0","0","1","0","False","True","page_00619.sql"
,"Salary Head List","SALARY-HEAD-LIST","","","1","1","2","4","0","0","0","0","0","1","0","False","True","page_00603.sql"
,"Staff Type List","STAFF-TYPE-LIST","","","1","1","2","3","0","0","0","0","0","1","0","False","True","page_00601.sql"
,"Supplier Active PO","SUPPLIER-ACTIVE-PO","","","1","1","0","0","0","0","0","0","0","1","0","False","True","page_00530.sql"
,"Supplier Pending for GRN","SUPPLIER-PENDING-FOR-GRN","","","1","1","0","0","0","0","0","0","0","1","0","False","True","page_00531.sql"
,"Supplier Orders Completed","SUPPLIER-ORDERS-COMPLETED","","","1","1","0","0","0","0","0","0","0","1","0","False","True","page_00532.sql"
,"Supplier Orders Delivered on Time","SUPPLIER-ORDERS-DELIVERED-ON-TIME","","","1","1","0","0","0","0","0","0","0","1","0","False","True","page_00533.sql"
,"Product Pending Sales Order","PRODUCT-PENDING-SALES-ORDER","","","1","3","0","0","0","0","0","0","0","1","0","False","True","page_00534.sql"
,"Product Pending Purchase Order","PRODUCT-PENDING-PURCHASE-ORDER","","","1","3","0","0","0","0","0","0","0","1","0","False","True","page_00535.sql"
,"Staff Type Master","STAFF-TYPE-MASTER","MODAL","","4","13","9","8","0","0","6","0","0","0","0","True","True","page_00602.sql"
,"Product Stock Group by Storage Location","PRODUCT-STOCK-GROUP-BY-STORAGE-LOCATION","","","1","6","0","0","0","0","0","0","0","1","0","False","True","page_00536.sql"
,"Product Stock Storage Location wise","PRODUCT-STOCK-STORAGE-LOCATION-WISE","","","1","7","0","0","0","0","0","0","0","1","0","False","True","page_00538.sql"
,"Product Stock","PRODUCT-STOCK","","","1","6","0","0","0","0","0","0","0","1","0","False","True","page_00539.sql"
,"Products 12 Months Detail","PRODUCTS-12-MONTHS-DETAIL","","","4","5","0","0","0","0","0","0","0","3","0","False","True","page_00540.sql"
,"Customer Billed Invoices","CUSTOMER-BILLED-INVOICES1","","","1","4","0","0","0","0","0","0","0","1","0","False","True","page_00541.sql"
,"Supplier Active Purchase Bill Pass","SUPPLIER-ACTIVE-PURCHASE-BILL-PASS","","","1","4","0","0","0","0","0","0","0","1","0","False","True","page_00542.sql"
,"Supplier Active PO","SUPPLIER-ACTIVE-PO1","","","1","1","0","0","0","0","0","0","0","1","0","False","True","page_00543.sql"
,"Product Pipeline Stock group by Module","PRODUCT-PIPELINE-STOCK-GROUP-BY-MODULE","","","2","6","0","0","0","0","0","0","0","1","0","False","True","page_00537.sql"
,"OD Request On Special Approval List","OD-REQUEST-ON-SPECIAL-APPROVAL-LIST","","","2","7","4","1","0","0","0","0","0","1","0","True","False","page_00657.sql"
,"ATTENDENCE PERIODICAL","ATTENDENCE-PERIODICAL","","","4","23","11","14","0","0","8","1","1","0","0","False","True","page_00620.sql"
,"EMPLOYEE SALARY","EMPLOYEE-SALARY","","","4","35","10","15","0","0","7","1","1","0","0","True","False","page_00622.sql"
,"SALARY","SALARY1","","N","7","41","16","22","0","0","6","1","1","0","0","True","False","page_00641.sql"
,"ATTENDENCEREVISION","ATTENDENCEREVISION","","","1","1","2","2","0","0","0","0","0","1","0","False","True","page_00642.sql"
,"ATTENDENCEREVISION","ATTENDENCEREVISION1","","","5","26","10","16","0","0","8","1","2","0","0","False","True","page_00643.sql"
,"Visitor Gate pass Register","VISITOR-GATE-PASS-REGISTER","","","2","5","4","1","0","0","0","0","0","1","0","False","True","page_00644.sql"
,"Visitor In Out","VISITOR-IN-OUT","","","7","35","11","14","0","0","7","1","1","1","0","False","True","page_00645.sql"
,"Image Priview","IMAGE-PRIVIEW","MODAL","","2","2","2","3","0","0","3","0","0","0","0","True","False","page_00646.sql"
,"SALARY","SALARY","","","2","10","4","3","0","0","0","0","0","1","0","True","False","page_00640.sql"
,"Visitor In Out","VISITOR-IN-OUT1","","","7","36","14","17","0","0","9","1","1","1","0","True","False","page_00647.sql"
,"Reimbursement Policy","REIMBURSEMENT-POLICY","","","6","26","10","13","0","0","9","1","2","0","0","True","False","page_00649.sql"
,"On Duty Request List","ON-DUTY-REQUEST-LIST","","","2","7","4","1","0","0","0","0","0","1","0","True","False","page_00651.sql"
,"On Duty Request","ON-DUTY-REQUEST","","","5","44","11","14","0","0","7","1","1","0","0","True","False","page_00652.sql"
,"TRAVELINGMODE","TRAVELINGMODE1","","","1","1","2","2","0","0","0","0","0","1","0","False","True","page_00653.sql"
,"TRAVELINGMODE","TRAVELINGMODE","","","4","15","9","12","0","0","7","1","1","0","0","False","True","page_00654.sql"
,"EXPENSETYPE","EXPENSETYPE","","","1","1","2","2","0","0","0","0","0","1","0","False","True","page_00655.sql"
,"Reimbursement Policy list","REIMBURSEMENT-POLICY-LIST","","","2","8","4","1","0","0","0","0","0","1","0","True","False","page_00648.sql"
,"EMPLOYEE SALARY","EMPLOYEE-SALARY1","","","2","7","3","3","0","0","0","0","0","1","0","False","True","page_00621.sql"
,"LOANSANCTION","LOANSANCTION1","","","6","44","10","15","0","0","6","1","1","0","0","True","False","page_00639.sql"
,"LOANREQUEST","LOANREQUEST1","","","1","1","2","2","0","0","0","0","0","1","0","False","True","page_00637.sql"
,"SALARY SCHEME","SALARY-SCHEME","","","1","1","2","2","0","0","0","0","0","1","0","False","True","page_00623.sql"
,"SALARY SCHEME","SALARY-SCHEME1","","","4","22","10","13","0","0","9","1","1","0","0","True","False","page_00624.sql"
,"EMPLOYEE DEDUCTION EARNING","EMPLOYEE-DEDUCTION-EARNING","","","1","1","2","2","0","0","0","0","0","1","0","False","True","page_00625.sql"
,"EmployeeDeductionEarning","EMPLOYEEDE-DUCTION-EARNING","","","4","28","10","15","0","0","7","1","1","0","0","True","False","page_00626.sql"
,"LOAN SCHEME","LOAN-SCHEME","","","1","1","2","2","0","0","0","0","0","1","0","False","True","page_00627.sql"
,"LOAN SCHEME","LOAN-SCHEME1","","","5","25","10","11","0","0","9","1","2","0","0","True","False","page_00628.sql"
,"LOANSANCTION","LOANSANCTION","","","1","1","2","2","0","0","0","0","0","1","0","False","True","page_00638.sql"
,"LOAN REQUEST","LOAN-REQUEST","","","1","0","1","0","0","0","0","0","0","1","0","False","False","page_00629.sql"
,"ATTENDENCE","ATTENDENCE","","","2","8","4","3","0","0","0","0","0","1","0","True","False","page_00631.sql"
,"ATTENDENCE","ATTENDENCE1","","","4","28","12","18","1","0","6","1","1","0","0","True","False","page_00632.sql"
,"LEAVEREQUEST","LEAVEREQUEST","","","1","1","2","2","0","0","0","0","0","1","0","False","True","page_00633.sql"
,"LEAVEREQUEST","LEAVEREQUEST1","","","7","26","10","14","1","0","6","1","1","2","0","False","True","page_00634.sql"
,"LEAVEREQUEST","LEAVEREQUEST2","MODAL","","1","7","2","0","0","0","0","0","0","1","0","False","False","page_00635.sql"
,"LOANREQUEST","LOANREQUEST","","","6","32","10","14","0","0","7","1","2","0","0","True","False","page_00636.sql"
,"LOAN  REQUEST","LOAN-REQUEST1","","N","5","33","9","15","0","0","8","1","1","0","0","True","False","page_00630.sql"
,"Application Appearance","APPLICATION-APPEARANCE","MODAL","","2","2","2","1","0","0","2","1","0","0","0","False","False","page_10010.sql"
,"Zone List","ZONE-LIST","","","1","0","2","4","0","0","0","0","0","1","0","False","True","page_00286.sql"
,"Employee Gate Pass List","EMPLOYEE-GATE-PASS-LIST","","","1","1","3","1","0","0","0","0","0","1","0","False","False","page_00284.sql"
,"Employee List","EMPLOYEE-LIST1","","","1","0","2","4","0","0","0","0","0","1","0","False","True","page_00103.sql"
,"Footer Head Master","FOOTER-HEAD-MASTER","MODAL","","3","22","9","11","0","0","6","0","0","0","0","True","True","page_00102.sql"
,"Footer Head List","FOOTER-HEAD-LIST","","","1","0","2","2","0","0","0","0","0","1","0","False","True","page_00101.sql"
,"item specification master copy","ITEM-SPECIFICATION-MASTER-COPY","","","2","7","0","1","0","0","0","0","1","0","0","True","False","page_00100.sql"
,"Service Type Account Master","JOB-TYPE-ACCOUNT-MASTER","MODAL","","3","20","9","9","0","0","6","0","0","0","0","False","False","page_00099.sql"
,"Service Type Account List","JOB-TYPE-ACCOUNT-LIST","","","1","0","2","2","0","0","0","0","0","1","0","False","True","page_00098.sql"
,"Group Of Party Master","GROUP-OF-PARTY-MASTER","MODAL","","4","13","9","10","0","0","7","0","1","0","0","True","True","page_00097.sql"
,"Group Of Party List","GROUP-OF-PARTY-LIST","","","1","0","2","2","0","0","0","0","0","1","0","False","True","page_00096.sql"
,"Service Type Master","JOB-TYPE-MASTER","MODAL","","3","25","9","10","0","0","6","0","0","0","0","True","True","page_00095.sql"
,"Service Type List","JOB-TYPE-LIST","","","1","0","2","2","0","0","0","0","0","1","0","False","True","page_00094.sql"
,"Footer Account Master","FOOTER-ACCOUNT-MASTER","MODAL","","3","30","9","11","0","0","6","0","0","0","0","True","True","page_00093.sql"
,"Footer Account List","FOOTER-ACCOUNT-LIST","","","1","0","2","2","0","0","0","0","0","1","0","False","True","page_00092.sql"
,"Company Vehicle Master","COMPANY-VEHICLE-MASTER","MODAL","","3","26","9","13","0","0","6","0","0","0","0","True","True","page_00091.sql"
,"Company Vehicle List","COMPANY-VEHICLE-LIST","","","1","0","2","2","0","0","0","0","0","1","0","False","True","page_00090.sql"
,"Vehicle Type Master","VEHICLE-TYPE-MASTER","MODAL","","3","16","9","11","0","0","6","0","0","0","0","True","True","page_00089.sql"
,"Vehicle Type List","VEHICLE-TYPE-LIST","","","1","0","2","2","0","0","0","0","0","1","0","False","True","page_00088.sql"
,"Designation Master","DESIGNATION-MASTER","MODAL","","4","14","9","8","0","0","6","0","0","0","0","True","True","page_00087.sql"
,"Packing Type Master","PACKING-TYPE-MASTER","MODAL","","3","18","9","10","0","0","6","0","0","0","0","True","True","page_00073.sql"
,"Module Doc Type List","MODULE-DOC-TYPE-LIST","","","1","0","2","2","0","0","0","0","0","1","0","False","True","page_00074.sql"
,"Module Doc Type Master","MODULE-DOC-TYPE-MASTER","MODAL","","4","13","9","9","0","0","7","0","1","0","0","True","True","page_00075.sql"
,"Module Location List","MODULE-LOCATION-LIST","","","1","0","2","2","0","0","0","0","0","1","0","False","True","page_00076.sql"
,"Module Location Master","MODULE-LOCATION-MASTER","MODAL","","4","13","9","9","0","0","7","0","1","0","0","False","True","page_00077.sql"
,"Freight Type List","FREIGHT-TYPE-LIST","","","1","0","2","2","0","0","0","0","0","1","0","False","True","page_00078.sql"
,"Employee Master","EMPLOYEE-MASTER2","MODAL","","3","111","9","12","0","0","6","0","0","0","0","True","True","page_00104.sql"
,"Freight Type Master","FREIGHT-TYPE-MASTER","MODAL","","3","15","9","11","0","0","6","0","0","0","0","True","True","page_00079.sql"
,"BOSS User Master","BOSS-USER-MASTER","","","4","26","9","12","1","0","7","1","1","0","0","True","True","page_00081.sql"
,"Department List","DEPARTMENT-LIST","","","1","0","2","3","0","0","0","0","0","1","0","False","True","page_00082.sql"
,"Department Master","DEPARTMENT-MASTER","MODAL","","3","18","9","11","0","0","6","0","0","0","0","True","True","page_00083.sql"
,"Employee List","EMPLOYEE-LIST","","","2","6","3","3","0","0","0","0","0","1","0","False","True","page_00084.sql"
,"Employee Master","EMPLOYEE-MASTER1","","N","21","113","11","18","0","0","14","1","8","2","0","True","True","page_00085.sql"
,"Designation List","DESIGNATION-LIST","","","1","0","2","3","0","0","0","0","0","1","0","False","True","page_00086.sql"
,"BOSS User List","BOSS-USER-LIST","","","1","0","2","2","0","0","0","0","0","1","0","False","True","page_00080.sql"
,"Item Make List","ITEM-MAKE-LIST","","","1","0","2","2","0","0","0","0","0","1","0","False","True","page_00105.sql"
,"Item Make Master","ITEM-MAKE-MASTER","MODAL","","3","13","9","11","0","0","6","0","0","0","0","True","True","page_00106.sql"
,"Indent Register","INDENT-REGISTER","","N","2","18","7","9","0","0","1","0","0","1","0","True","False","page_00107.sql"
,"On The table","ON-THE-TABLE","","","2","2","1","0","0","0","0","0","0","0","0","False","True","page_00126.sql"
,"Storage Location List","STORAGE-LOCATION-LIST","","","1","0","2","2","0","0","0","0","0","1","0","False","True","page_00127.sql"
,"Storage Location Master","STORAGE-LOCATION-MASTER","MODAL","","3","18","9","9","0","0","7","0","0","0","0","False","False","page_00128.sql"
,"Requisition Register","REQUISITION-REGISTER","","N","2","13","5","2","0","0","0","0","0","1","0","True","False","page_00129.sql"
,"Requisition Master","REQUISITION-MASTER","","","7","35","11","34","0","0","9","1","2","1","0","True","False","page_00130.sql"
,"Get API Data","GET-API-DATA","","","2","1","1","3","0","0","0","0","1","0","0","True","False","page_00131.sql"
,"Account Day Book","ACCOUNT-DAY-BOOK","","N","2","11","2","3","0","0","1","0","0","1","0","True","False","page_00125.sql"
,"Weighment  List","WEIGHMENT-LIST","","","1","1","2","1","0","0","0","0","0","1","0","False","False","page_00132.sql"
,"E-Invoice Report","E-INVOICE-REPORT","","","1","0","3","0","0","0","0","0","0","1","0","False","True","page_00134.sql"
,"User Privilege","USER-PRIVILEGE","","","2","5","2","2","0","0","0","0","0","1","0","False","True","page_00135.sql"
,"User Privilege","USER-PRIVILEGE1","","","2","28","9","14","9","0","2","1","0","0","0","False","False","page_00136.sql"
,"Issue Register","ISSUE-REGISTER","","N","2","14","4","2","0","0","1","0","0","1","0","True","False","page_00137.sql"
,"Issue","ISSUE-MASTER","","","8","37","12","38","0","0","13","1","3","1","0","True","False","page_00138.sql"
,"Payment Advice Register","PAYMENT-ADVICE-REGISTER","","N","2","11","4","3","0","0","0","0","0","1","0","True","False","page_00139.sql"
,"Weighment","WEIGHMENT","","","4","46","9","20","0","0","7","1","0","0","0","True","False","page_00133.sql"
,"Packing Type List","PACKING-TYPE-LIST","","","1","0","2","2","0","0","0","0","0","1","0","False","True","page_00072.sql"
,"Bank Master","BANK-MASTER","MODAL","","3","21","9","11","0","0","6","0","0","0","0","True","True","page_00124.sql"
,"Currency Unit Master","CURRENCY-UNIT-MASTER","MODAL","","3","18","9","10","0","0","6","0","0","0","0","True","True","page_00122.sql"
,"Indent","INDENT","","N","7","41","13","46","0","0","13","1","2","1","0","True","False","page_00108.sql"
,"My Parameter List","MY-PARAMETER-LIST","","","1","0","2","2","0","0","0","0","0","1","0","False","True","page_00109.sql"
,"My Parameter Master","MY-PARAMETER-MASTER","MODAL","","3","15","9","12","0","0","6","0","0","0","0","True","True","page_00110.sql"
,"Quality List","QUALITY-LIST","","","1","0","2","2","0","0","0","0","0","1","0","False","True","page_00111.sql"
,"Quality Master","QUALITY-MASTER","MODAL","","3","16","9","12","0","0","6","0","0","0","0","True","True","page_00112.sql"
,"Quality Type List","QUALITY-TYPE-LIST","","","1","0","2","2","0","0","0","0","0","1","0","False","True","page_00113.sql"
,"Bank List","BANK-LIST","","","1","0","2","2","0","0","0","0","0","1","0","False","True","page_00123.sql"
,"Quality Type Master","QUALITY-TYPE-MASTER","MODAL","","3","14","9","11","0","0","6","0","0","0","0","True","True","page_00114.sql"
,"Item Quality Master","ITEM-QUALITY-MASTER","MODAL","","3","26","9","9","0","0","5","0","0","0","0","True","True","page_00116.sql"
,"Purchase Order List","PURCHASE-ORDER-LIST","","","2","15","4","3","0","0","0","0","0","1","0","True","False","page_00117.sql"
,"Purchase Order","PURCHASE-ORDER","","N","24","118","20","71","0","0","32","1","4","1","0","True","False","page_00118.sql"
,"Cost Centre List","COST-CENTRE-LIST","","","1","0","2","2","0","0","0","0","0","1","0","False","True","page_00119.sql"
,"Cost Centre Master","COST-CENTRE-MASTER","MODAL","","3","15","9","11","0","0","6","0","0","0","0","True","True","page_00120.sql"
,"Currency Unit List","CURRENCY-UNIT-LIST","","","1","0","2","2","0","0","0","0","0","1","0","False","True","page_00121.sql"
,"Item Quality List","ITEM-QUALITY-LIST","","","1","0","2","2","0","0","0","0","0","1","0","False","True","page_00115.sql"
,"Party Type Master","PARTY-TYPE-MASTER","MODAL","","3","12","9","11","0","0","6","0","0","0","0","True","True","page_00071.sql"
,"Party Type List","PARTY-TYPE-LIST","","","1","0","2","2","0","0","0","0","0","1","0","False","True","page_00070.sql"
,"Material In","MATERIAL-IN","","N","12","85","13","47","0","0","21","1","3","1","0","True","False","page_00069.sql"
,"Testing of Process Flow","TESTING-OF-PROCESS-FLOW","","","0","8","1","0","0","0","0","0","0","0","0","False","True","page_00019.sql"
,"Item Specification List","ITEM-SPECIFICATION-LIST","","","1","0","2","0","0","0","0","0","0","1","0","False","True","page_00020.sql"
,"Doctype List","DOCTYPE-LIST","","","1","0","2","1","0","0","0","0","0","1","0","False","True","page_00021.sql"
,"Doctype master","DOCTYPE-MASTER","MODAL","","3","17","9","10","0","0","6","0","0","0","0","True","True","page_00022.sql"
,"GENERATEIRN","GENERATEIRN","MODAL","","1","10","1","2","0","0","1","0","0","0","0","False","False","page_00023.sql"
,"Location List","LOCATION-MASTER","","","1","0","2","1","0","0","0","0","0","1","0","False","True","page_00024.sql"
,"Procure to Pay","PROCURE-TO-PAY","","","1","0","1","0","0","0","0","0","0","0","0","False","True","page_00018.sql"
,"Location Master","LOCATION-MASTER1","","","7","36","11","16","0","0","9","1","0","2","0","True","False","page_00025.sql"
,"Financialyear List","FINANCIALYEAR-LIST","","","1","0","2","2","0","0","0","0","0","1","0","False","True","page_00027.sql"
,"Financialyear Master","FINANCIALYEAR-MASTER","MODAL","","3","14","9","10","0","0","6","0","0","0","0","True","True","page_00028.sql"
,"TDS Nature","TDS-NATURE","","","1","0","2","2","0","0","0","0","0","1","0","False","True","page_00029.sql"
,"TDS Nature Master","TDS-NATURE-MASTER","MODAL","","3","17","9","11","0","0","6","0","0","0","0","True","True","page_00030.sql"
,"TDS Tax Category List","TDS-TAX-CATEGORY-LIST","","","1","0","2","2","0","0","0","0","0","1","0","False","True","page_00031.sql"
,"TDS Tax Category Master","TDS-TAX-CATEGORY-MASTER","","","5","17","9","12","0","0","7","0","1","0","0","True","True","page_00032.sql"
,"Location Detail","LOCATION-DETAIL","MODAL","","3","15","9","9","0","0","5","0","0","0","0","True","False","page_00026.sql"
,"TDS Payee Category List","TDS-PAYEE-CATEGORY-LIST","","","1","0","2","2","0","0","0","0","0","1","0","False","True","page_00033.sql"
,"Step 4","STEP-4","","","2","0","4","1","0","0","0","2","0","1","0","False","False","page_00017.sql"
,"Step 2","STEP-2","","","2","7","3","0","0","0","1","2","0","0","0","False","False","page_00015.sql"
,"Home","HOME","","","1","0","0","1","0","0","0","0","0","0","0","False","True","page_00001.sql"
,"Template","TEMPLATE","","","1","8","9","13","0","0","3","0","0","0","0","True","False","page_00002.sql"
,"Company","COMPANY","","","1","0","2","2","0","0","0","0","0","1","0","False","True","page_00003.sql"
,"Company Master","COMPANY-MASTER","","N","7","61","10","22","0","0","8","1","0","1","0","False","False","page_00004.sql"
,"Company Attribute  Detail","COMPANY-ATTRIBUTE-DETAIL","MODAL","","2","15","9","10","0","0","6","0","0","0","0","True","True","page_00005.sql"
,"On The table","ON-THE-TABLE1","","","2","2","1","1","0","0","0","0","0","0","0","False","True","page_00006.sql"
,"Step 3","STEP-3","","","2","7","3","0","0","0","1","2","0","0","0","False","False","page_00016.sql"
,"City List","CITY-LIST","","","1","0","2","4","0","0","0","0","0","1","0","False","True","page_00007.sql"
,"Indent Itemm Detail","INDENT-ITEMM-DETAIL","MODAL","","5","32","4","4","0","0","4","0","0","0","0","False","False","page_00009.sql"
,"Item Ledger","ITEM-LEDGER","","","2","7","1","2","0","0","2","0","1","0","0","True","False","page_00010.sql"
,"Account Ledger ","ACCOUNT-LEDGER","","N","3","11","15","8","0","0","4","0","0","1","0","True","False","page_00011.sql"
,"Combo Box","COMBO-BOX","","","0","6","0","2","0","0","0","0","0","0","0","False","False","page_00012.sql"
,"Item Specification Master","ITEM-SPECIFICATION-MASTER","","","4","20","10","20","0","0","12","1","1","0","0","True","True","page_00013.sql"
,"General","STEP-1","","","2","9","2","0","0","0","1","1","0","0","0","False","False","page_00014.sql"
,"City Master","CITY-MASTER","MODAL","","3","22","9","11","0","0","6","0","0","0","0","True","True","page_00008.sql"
,"Payment Advice","PAYMENT-ADVICE-MASTER","","N","8","108","11","36","0","0","18","1","1","1","0","True","False","page_00140.sql"
,"TDS Payee Category Master","TDS-PAYEE-CATEGORY-MASTER","MODAL","","3","13","9","11","0","0","5","0","0","0","0","True","True","page_00034.sql"
,"Item Type List","ITEM-TYPE-LIST","","","1","0","2","2","0","0","0","0","0","1","0","False","True","page_00036.sql"
,"Item Category Master","ITEM-CATEGORY-MASTER","MODAL","","3","12","9","10","0","0","6","0","0","0","0","True","True","page_00055.sql"
,"Industry Sector List","INDUSTRY-SECTOR-LIST","","","1","0","2","2","0","0","0","0","0","1","0","False","True","page_00056.sql"
,"Industry Sector Master","INDUSTRY-SECTOR-MASTER","MODAL","","3","13","9","11","0","0","6","0","0","0","0","True","True","page_00057.sql"
,"Item Master List","ITEM-MASTER-LIST","","","2","4","3","1","0","0","0","0","0","1","0","False","True","page_00058.sql"
,"Item Master","ITEM-MASTER","","","11","62","9","12","0","0","11","1","2","0","0","True","True","page_00059.sql"
,"Item Class List","ITEM-CLASS-LIST","","","1","0","2","2","0","0","0","0","0","1","0","False","True","page_00060.sql"
,"Item Category List","ITEM-CATEGORY-LIST","","","1","0","2","2","0","0","0","0","0","1","0","False","True","page_00054.sql"
,"Item Class Master","ITEM-CLASS-MASTER","MODAL","","3","18","9","10","0","0","6","0","0","0","0","True","True","page_00061.sql"
,"Attachment","PARTY-DETAIL-PARTY-ATTACHMENT","MODAL","","2","9","4","1","0","0","4","0","0","0","0","True","False","page_00063.sql"
,"Item Nature List","ITEM-NATURE-LIST","","","1","0","2","2","0","0","0","0","0","1","0","False","True","page_00064.sql"
,"Item Nature Master","ITEM-NATURE-MASTER","MODAL","","3","22","9","10","0","0","6","0","0","0","0","True","True","page_00065.sql"
,"Account Opening List","ACCOUNT-OPENING-LIST","","","1","0","2","1","0","0","0","0","0","1","0","False","True","page_00066.sql"
,"Account Opening","ACCOUNT-OPENING","MODAL","","2","40","10","13","0","0","11","0","0","0","0","True","True","page_00067.sql"
,"Material In Register","MATERIAL-IN-REGISTER","","N","2","15","5","4","0","0","1","0","0","1","0","True","False","page_00068.sql"
,"Party Detail Party Attribute","PARTY-DETAIL-PARTY-ATTRIBUTE","MODAL","","2","9","4","1","0","0","3","0","0","0","0","True","False","page_00062.sql"
,"Employee","EMPLOYEE","","","1","0","2","1","0","0","0","0","0","1","0","False","False","page_00035.sql"
,"Item Characteristics Master","ITEM-CHARACTERISTICS-MASTER","MODAL","","4","15","9","11","0","0","9","0","1","0","0","True","True","page_00053.sql"
,"Measuring Unit Master","MEASURING-UNIT-MASTER","MODAL","","3","21","9","10","0","0","6","0","0","0","0","True","True","page_00051.sql"
,"Item Group Master","ITEM-TYPE-MASTER","MODAL","","4","15","9","10","0","0","6","0","0","0","0","True","True","page_00037.sql"
,"Loan Sanction","","","","1","0","0","0","0","0","0","0","0","1","0","False","False","page_00038.sql"
,"Employee Master","EMPLOYEE-MASTER","","","1","103","4","0","0","0","2","1","0","0","0","False","False","page_00039.sql"
,"Code Scheme","CODE-SCHEME","","","2","2","2","3","0","0","3","0","2","0","0","False","True","page_00040.sql"
,"Code Scheme Master Report","CODE-SCHEME-MASTER-REPORT","","","1","4","2","1","0","0","0","0","0","1","0","False","True","page_00041.sql"
,"Code Scheme Master","CODE-SCHEME-MASTER","MODAL","","2","13","9","10","0","0","5","0","0","0","0","True","True","page_00042.sql"
,"Item Characteristics List","ITEM-CHARACTERISTICS-LIST","","","1","0","2","2","0","0","0","0","0","1","0","False","True","page_00052.sql"
,"Module Group List","MODULE-GROUP-LIST","","","1","0","2","2","0","0","0","0","0","1","0","False","True","page_00043.sql"
,"Module Group Change","MODULE-GROUP-CHANGE","","","1","0","0","0","0","0","1","0","1","0","0","False","True","page_00045.sql"
,"HSN List","HSN-LIST","","","1","0","2","2","0","0","0","0","0","1","0","False","True","page_00046.sql"
,"HSN Master","HSN-MASTER","MODAL","","3","15","9","11","0","0","6","0","0","0","0","True","True","page_00047.sql"
,"Account Master","ACCOUNT-MASTER","","","1","0","2","1","0","0","0","0","0","1","0","False","True","page_00048.sql"
,"Account Master","ACCOUNT-MASTER1","","N","17","100","12","30","0","0","19","1","8","2","0","True","True","page_00049.sql"
,"Measuring Unit List","MEASURING-UNIT-LIST","","","1","0","2","2","0","0","0","0","0","1","0","False","True","page_00050.sql"
,"Module Group","MODULE-GROUP","MODAL","","2","15","9","10","0","0","7","0","0","0","0","True","True","page_00044.sql"
,"Stock  Division Wise","STOCK-DIVISION-WISE","","","2","9","3","1","0","0","0","0","0","1","0","False","True","page_00141.sql"
,"Purchase Bill Register","PURCHASE-BILL-REGISTER","","N","2","10","5","3","0","0","1","0","0","1","0","True","False","page_00142.sql"
,"Purchase Bill","PURCHASE-BILL","","N","21","68","18","62","0","0","16","1","5","1","0","True","False","page_00143.sql"
,"User Privilege Department","USER-PRIVILEGE-DEPARTMENT","MODAL","","1","1","1","1","0","0","2","0","1","0","0","False","False","page_00234.sql"
,"User Privilege Account","USER-PRIVILEGE-ACCOUNT","MODAL","","1","1","1","1","0","0","2","0","1","0","0","False","False","page_00235.sql"
,"GSTR3B","GSTR3B","","","15","47","1","1","0","0","1","0","0","4","0","False","True","page_00236.sql"
,"User Privilege DocType","USER-PRIVILEGE-DOCTYPE","MODAL","","1","1","1","2","0","0","2","0","1","0","0","False","False","page_00237.sql"
,"User Privilege Item","USER-PRIVILEGE-ITEM","MODAL","","1","1","1","1","0","0","2","0","1","0","0","False","False","page_00238.sql"
,"User Privilege Storage Location","USER-PRIVILEGE-STORAGE-LOCATION","MODAL","","1","1","1","1","0","0","2","0","1","0","0","False","False","page_00239.sql"
,"GST Output Report As Per Voucher","GST-OUTPUT-REPORT-AS-PER-VOUCHER","","N","2","8","1","1","0","0","0","0","0","1","0","False","True","page_00233.sql"
,"User Privilege Extra","USER-PRIVILEGE-EXTRA","MODAL","","1","1","1","1","0","0","0","0","0","1","0","False","False","page_00240.sql"
,"RTGS Letter","RTGS-LETTER","","","4","23","9","16","0","0","6","1","1","0","0","True","False","page_00242.sql"
,"Stock Revaluation Register","STOCK-REVALUATION-REGISTER","","","2","11","4","3","0","0","1","0","0","1","0","True","False","page_00243.sql"
,"Stock Revaluation ","STOCK-REVALUATION","","","4","31","9","17","0","0","9","1","1","0","0","True","False","page_00244.sql"
,"Stock Taking Register","STOCK-TAKING-REGISTER","","","2","11","4","3","0","0","1","0","0","1","0","True","False","page_00245.sql"
,"Stock Taking","STOCK-TAKING","","","4","22","9","19","0","0","8","1","1","0","0","True","False","page_00246.sql"
,"Additional Business Place List","ADDITIONAL-BUSINESS-PLACE-LIST","","","1","1","2","1","0","0","0","0","0","1","0","False","False","page_00247.sql"
,"RTGS Letter","RTGS-LETTER1","","","2","11","3","2","0","0","1","0","0","1","0","True","False","page_00241.sql"
,"Additional Business Place","ADDITIONAL-BUSINESS-PLACE","","","3","26","9","10","0","0","4","1","0","0","0","False","True","page_00248.sql"
,"User Privilege Location","USER-PRIVILEGE-LOCATION","MODAL","","2","1","2","2","0","0","2","0","1","0","0","False","False","page_00232.sql"
,"GSTR1","GSTR1","","","21","24","12","41","0","0","9","0","16","1","0","True","False","page_00230.sql"
,"Sale Incentive Rate Register","SALE-INCENTIVE-RATE-REGISTER","","","1","1","2","0","0","0","0","0","0","1","0","False","False","page_00216.sql"
,"Sale Incentive Rate","SALE-INCENTIVE-RATE","","","5","21","9","6","0","0","6","1","1","0","0","False","True","page_00217.sql"
,"HAR_SALEINCENTIVERATE","HAR-SALEINCENTIVERATE","","","5","21","9","6","0","0","6","0","1","0","0","False","True","page_00218.sql"
,"Creditors Aging Detail Report","CREDITORS-AGING-DETAIL-REPORT1","","N","2","7","1","1","0","0","1","0","0","1","0","False","True","page_00219.sql"
,"Service Bill Pass Register","JOB-BILL-PASS-REGISTER","","N","2","11","6","3","0","0","1","0","0","1","0","True","False","page_00220.sql"
,"Service Bill Pass","JOB-BILL-PASS","","N","18","105","12","46","0","0","15","1","7","0","0","True","False","page_00221.sql"
,"GST Input Report As Per Voucher","GST-INPUT-REPORT-AS-PER-VOUCHER","","N","2","8","1","1","0","0","0","0","0","1","0","False","True","page_00231.sql"
,"MRN List","MRN-LIST","","","2","8","4","3","0","0","0","0","0","1","0","True","False","page_00222.sql"
,"Module Wise TAC List","MODULE-WISE-TAC-LIST","","","1","0","2","1","0","0","0","0","0","1","0","False","True","page_00224.sql"
,"Module Wise TAC","MODULE-WISE-TAC","MODAL","","4","13","9","6","0","0","5","0","1","0","0","False","False","page_00225.sql"
,"Show Blob_1","SHOW-BLOB-1","MODAL","","1","3","0","0","0","0","0","0","0","1","0","False","True","page_00226.sql"
,"Outstanding Bills More Than 180 Days","OUTSTANDING-BILLS-MORE-THAN-180-DAYS","","N","3","8","1","1","0","0","0","0","0","2","0","False","True","page_00227.sql"
,"640","","","","1","0","0","0","0","0","0","0","0","1","0","False","False","page_00228.sql"
,"GSTR1 Register","GSTR1-REGISTER","","","1","1","2","0","0","0","0","0","0","1","0","False","True","page_00229.sql"
,"MRN","MRN","","","5","23","10","12","0","0","11","1","1","0","0","True","False","page_00223.sql"
,"Agent Commision Rate","AGENT-COMMISION-RATE","","","5","18","9","10","0","0","6","1","1","0","0","False","True","page_00215.sql"
,"Monthly Summary","MONTHLY-SUMMARY","","N","3","8","12","9","0","0","4","0","1","0","0","True","False","page_00249.sql"
,"Payable Bills","PAYBLE-BILLS","","","4","16","11","16","0","0","4","1","1","0","0","True","False","page_00251.sql"
,"Bonus Scheme","BONUS-SCHEME","","","6","24","10","14","0","0","9","1","2","0","0","False","True","page_00270.sql"
,"Chart of Accounts","CHART-OF-ACCOUNTS","","","4","12","11","17","0","0","4","1","1","0","0","True","False","page_00271.sql"
,"Print ","PRINT","MODAL","N","0","5","3","3","0","0","0","0","0","0","0","True","False","page_00272.sql"
,"PO Receipt List","PO-RECEIPT-LIST","","","2","6","4","0","0","0","0","0","0","1","0","False","True","page_00273.sql"
,"PO Receipt","PO-RECEIPT","","","13","51","12","37","0","0","11","1","4","0","0","False","True","page_00274.sql"
,"Cost Centre Ledger With Account","COST-CENTRE-LEDGER-WITH-ACCOUNT","","N","2","24","3","4","0","0","4","0","0","1","0","True","False","page_00275.sql"
,"Bonus Scheme List","BONUS-SCHEME-LIST","","","1","1","3","0","0","0","0","0","0","1","0","False","False","page_00269.sql"
,"Bonus List","BONUS-LIST","","","1","1","3","0","0","0","0","0","0","1","0","False","False","page_00276.sql"
,"Chart of Account","CHART-OF-ACCOUNT","","N","1","2","2","3","0","0","0","0","0","0","0","False","False","page_00278.sql"
,"Chart of Items","CHART-OF-ITEMS","","N","1","2","2","3","0","0","0","0","0","0","0","False","False","page_00279.sql"
,"E Way Bill","E-WAY-BILL","","","2","5","2","2","0","0","0","0","0","1","0","False","True","page_00280.sql"
,"Pending Sales Order followup","PENDING-SALES-ORDER-FOLLOWUP","","","3","8","2","2","0","0","1","0","1","1","0","True","False","page_00281.sql"
,"Trial Balance","TRIAL-BALANCE3","","N","2","19","1","4","0","0","2","0","1","0","0","False","False","page_00282.sql"
,"Payment Of Transporter Advance","FREIGHT-ADVANCE-REGISTER1","","","2","8","2","2","0","0","0","0","0","1","0","True","False","page_00283.sql"
,"Bonus","BONUS","","","5","28","11","14","0","0","7","1","1","0","0","False","True","page_00277.sql"
,"Daily  Summary","DAILY-SUMMARY","","N","3","6","12","7","0","0","3","0","1","0","0","True","False","page_00250.sql"
,"ESIC Monthly Report","ESIC-MONTHLY-REPORT","","","2","7","1","0","0","0","0","0","1","0","0","False","False","page_00268.sql"
,"PT Slab Master","PT-SLAB-MASTER","","","5","24","9","15","0","0","6","1","1","0","0","False","True","page_00266.sql"
,"Cash / Bank Book","CASH-BANK-BOOK","","N","5","20","10","21","0","0","6","1","1","0","0","True","False","page_00252.sql"
,"Hire to Retire","HIRE-TO-RETIRE","","","10","1","0","0","0","0","0","0","0","0","0","False","True","page_00253.sql"
,"Procure to Pay","PROCURE-TO-PAY1","","","1","0","0","2","0","0","0","0","0","0","0","False","True","page_00254.sql"
,"Order to Cash","ORDER-TO-CASH","","","1","0","0","2","0","0","0","0","0","0","0","False","True","page_00255.sql"
,"Print Option","PRINT-RTGS-LETTER","MODAL","N","0","2","6","6","0","0","0","0","0","0","0","True","False","page_00256.sql"
,"Asset Management","ASSET-MANAGEMENT","","","2","1","0","0","0","0","0","0","0","0","0","False","True","page_00257.sql"
,"Boss User Employee","BOSS-USER-EMPLOYEE","","","1","0","0","0","0","0","1","0","1","0","0","False","True","page_00267.sql"
,"Account Ledger ","ACCOUNT-LEDGER1","","N","2","10","3","4","0","0","4","0","0","1","0","True","False","page_00258.sql"
,"Run 360 View","RUN-360-VIEW","","","1","4","1","1","0","0","0","0","0","0","0","False","True","page_00260.sql"
,"Job and Service","JOB-AND-SERVICE","","","3","1","0","0","0","0","0","0","0","0","0","False","True","page_00261.sql"
,"PF Monthly Report","PF-MONTHLY-REPORT","","","2","7","1","1","0","0","0","0","1","0","0","False","False","page_00262.sql"
,"Module Flow List","MODULE-FLOW-LIST","","","1","0","1","2","0","0","0","0","0","1","0","False","False","page_00263.sql"
,"Module Flow","MODULE-FLOW","MODAL","","5","18","5","3","0","0","7","0","2","0","0","False","False","page_00264.sql"
,"PT Slab Register","PT-SLAB-REGISTER","","N","2","6","5","2","0","0","0","0","0","1","0","True","False","page_00265.sql"
,"Setup and Admin","SETUP-AND-ADMIN","","","4","1","0","0","0","0","0","0","0","0","0","False","True","page_00259.sql"
,"Employee Gate Pass","EMPLOYEE-GATE-PASS","","N","3","31","10","12","0","0","6","1","0","0","0","False","True","page_00285.sql"
,"Agent Commision Rate List","AGENT-COMMISION-RATE-LIST","","","1","0","2","0","0","0","0","0","0","1","0","False","False","page_00214.sql"
,"Service Bill Register","JOB-BILL-REGISTER","","N","2","11","5","3","0","0","1","0","0","1","0","True","False","page_00212.sql"
,"Work Flow","WORK-FLOW","MODAL","","1","1","1","1","0","0","0","0","1","0","0","False","False","page_00162.sql"
,"PassFailRemark","PASSFAILREMARK","MODAL","","1","1","2","2","0","0","0","0","0","0","0","False","False","page_00163.sql"
,"Status","STATUS","MODAL","","1","2","1","2","0","0","0","0","1","0","0","False","False","page_00164.sql"
,"Credit Note List","CREDIT-NOTE-LIST","","","2","7","4","1","0","0","0","0","0","1","0","True","False","page_00165.sql"
,"Credit Note","CREDIT-NOTE","","","14","83","13","45","0","0","17","1","4","0","0","True","False","page_00166.sql"
,"Material Out Register","MATERIAL-OUT-REGISTER","","N","2","12","5","3","0","0","1","0","0","1","0","True","False","page_00167.sql"
,"Despatch Advice","DESPATCH-ADVICE","","","5","42","11","27","0","0","9","1","1","0","0","True","False","page_00161.sql"
,"Material Out","MATERIAL-OUT","","","5","46","12","25","0","0","10","1","1","0","0","True","False","page_00168.sql"
,"Sales Order Register","SALES-ORDER-REGISTER","","N","2","16","5","4","0","0","1","0","0","1","0","True","False","page_00170.sql"
,"Sales Order","SALES-ORDER","","N","18","69","19","69","0","0","19","1","5","1","0","True","False","page_00171.sql"
,"Terms & Condistion HeadList","TERMS-CONDISTION-HEADLIST","","","1","0","2","0","0","0","0","0","0","1","0","False","False","page_00172.sql"
,"Terms & Condition","TERMS-CONDITION","","","4","14","9","6","0","0","5","1","1","0","0","False","False","page_00173.sql"
,"CC Invoice Register","CC-INVOICE-REGISTER","","N","2","19","5","3","0","0","1","0","0","1","0","True","False","page_00174.sql"
,"CCInvoice","CCINVOICE","","N","19","95","18","94","1","0","32","1","7","0","0","True","False","page_00175.sql"
,"Pending Despatch Advice","PENDING-DESPATCH-ADVICE","MODAL","","1","1","1","2","0","0","0","0","1","0","0","False","False","page_00169.sql"
,"Tax Rule List","TAX-RULE-LIST","","","1","0","1","0","0","0","0","0","0","1","0","False","False","page_00176.sql"
,"Despatch Advice Register","DESPATCH-ADVICE-REGISTER","","N","2","14","5","2","0","0","1","0","0","1","0","True","False","page_00160.sql"
,"Debit Note List","DEBIT-NOTE-LIST","","","2","7","4","3","0","0","0","0","0","1","0","True","False","page_00158.sql"
,"Stock Storage Location Wise","STOCK-STORAGE-LOCATION-WISE","","","2","9","3","1","0","0","0","0","0","1","0","False","True","page_00144.sql"
,"GRN Register","GRN-REGISTER","","N","2","16","5","3","0","0","1","0","0","1","0","True","False","page_00145.sql"
,"GRN","GRN","","N","15","78","15","71","2","0","20","1","5","1","0","True","False","page_00146.sql"
,"PO Amendment Register","PO-AMENDMENT-REGISTER","","N","2","10","5","3","0","0","1","0","0","1","0","True","False","page_00147.sql"
,"PO Amendment","PO-AMENDMENT-MASTER","","","15","43","14","36","0","0","16","1","5","1","0","True","False","page_00148.sql"
,"Issue Return List","ISSUE-RETURN-LIST","","","2","12","4","1","0","0","0","0","0","1","0","True","False","page_00149.sql"
,"Debit Note","DEBIT-NOTE","","","16","92","15","60","0","0","25","1","5","0","0","True","False","page_00159.sql"
,"Issue Return Master","ISSUE-RETURN-MASTER","","","8","36","11","23","0","0","12","1","3","1","0","True","False","page_00150.sql"
,"Purchase Bill Pass","PURCHASE-BILL-PASS","","N","18","113","19","72","0","0","21","1","6","1","0","True","False","page_00152.sql"
,"Voucher List","VOUCHER-LIST","","","2","6","3","6","0","0","0","0","1","0","0","False","True","page_00153.sql"
,"Loading Advice List","LOADING-ADVICE-LIST","","","2","16","4","4","0","0","0","0","0","1","0","True","False","page_00154.sql"
,"Loading Advice","LOADING-ADVICE","","N","12","50","12","41","0","0","14","1","1","0","0","True","False","page_00155.sql"
,"Voucher","VOUCHER","","","7","47","12","31","0","0","14","1","4","0","0","True","False","page_00156.sql"
,"test","TEST","","","2","0","0","0","0","0","0","0","0","0","0","False","False","page_00157.sql"
,"Purchase Bill Pass Register","PURCHASE-BILL-PASS-REGISTER","","N","2","12","5","5","0","0","1","0","0","1","0","True","False","page_00151.sql"
,"Service Bill","JOB-BILL","","","17","55","11","46","0","0","14","1","6","0","0","True","True","page_00213.sql"
,"Tax Rule","TAX-RULE","","","8","18","9","7","0","0","7","1","4","0","0","True","True","page_00177.sql"
,"Service Order","JOB-ORDER","","N","15","85","12","52","0","0","18","1","3","1","0","True","False","page_00179.sql"
,"Freight Advice List","FREIGHT-ADVICE-LIST","","","2","6","4","3","0","0","0","0","0","1","0","True","False","page_00198.sql"
,"Freight Advice","FREIGHT-ADVICE","","","14","105","16","72","0","0","20","1","4","0","0","True","False","page_00199.sql"
,"Dashboard","DASHBOARD","","","1","0","0","1","0","0","0","0","0","0","0","False","False","page_00200.sql"
,"BOM List","BOM-LIST","","","2","7","3","1","0","0","0","0","0","1","0","False","True","page_00201.sql"
,"BOM","BOM","","","5","33","10","16","0","0","12","1","1","0","0","False","True","page_00202.sql"
,"Shift List","SHIFT-LIST","","","1","0","2","3","0","0","0","0","0","1","0","False","True","page_00203.sql"
,"PRODUCTION","PRODUCTION","","","11","69","12","40","0","0","18","2","4","0","0","True","False","page_00197.sql"
,"Shift","SHIFT","MODAL","","2","19","9","10","0","0","6","0","0","0","0","False","True","page_00204.sql"
,"Production Centre","PRODUCTION-CENTRE","MODAL","","2","18","9","9","0","0","6","0","0","0","0","False","True","page_00206.sql"
,"Reverse Charge Register","REVERSE-CHARGE-REGISTER","","","1","1","2","1","0","0","0","0","0","1","0","False","False","page_00207.sql"
,"Reverse Charge","REVERSE-CHARGE1","","","9","37","10","32","0","0","11","1","2","0","0","False","True","page_00208.sql"
,"Item Account List","ITEMACCOUNT-REPORT","","","1","0","2","0","0","0","0","0","0","1","0","False","True","page_00209.sql"
,"Payable/Receivable Aging Report","PAYABLE-RECEIVABLE-AGING-REPORT","","N","2","6","2","1","0","0","0","0","0","1","0","False","True","page_00210.sql"
,"Item Account","ITEMACCOUNT-FORM","","","3","24","9","10","0","0","6","1","0","0","0","False","True","page_00211.sql"
,"Production Centre List","PRODUCTION-CENTRE-LIST","","","1","0","2","2","0","0","0","0","0","1","0","False","True","page_00205.sql"
,"Service Order List","JOB-ORDER-LIST","","","2","10","4","3","0","0","0","0","0","1","0","True","False","page_00178.sql"
,"Production List","PRODUCTION-LIST","","","2","8","3","2","0","0","0","0","0","1","0","False","False","page_00196.sql"
,"Gate Pass Register","GATE-PASS-REGISTER","","N","2","14","5","2","0","0","1","0","0","1","0","True","False","page_00194.sql"
,"Kitting Unkitting","KITTING-UNKITTING1","","","2","10","4","3","0","0","1","0","0","1","0","True","False","page_00180.sql"
,"Kitting Unkitting","KITTING-UNKITTING","","","9","62","13","44","1","0","21","3","4","0","0","True","False","page_00181.sql"
,"E-Invoice","E-INVOICE","","","4","18","11","12","0","0","7","1","1","0","0","False","True","page_00182.sql"
,"Sales GRN List","SALES-GRN-LIST","","N","2","8","4","4","0","0","0","0","0","1","0","True","False","page_00183.sql"
,"Sales GRN","SALES-GRN","","N","10","71","12","47","0","0","15","1","3","0","0","True","False","page_00184.sql"
,"Pending  Invoice For Sales GRN","PENDING-INVOICE-FOR-SALES-GRN","MODAL","","1","1","1","2","0","0","0","0","1","0","0","False","False","page_00185.sql"
,"Gate Pass","GATE-PASS","","","11","58","13","28","0","0","9","1","2","1","0","False","True","page_00195.sql"
,"Stock Transfer","STOCK-TRANSFER1","","","2","11","4","3","0","0","1","0","0","1","0","True","False","page_00186.sql"
,"Item Type Master","ITEM-TYPE-MASTER1","MODAL","","3","14","9","11","0","0","6","0","0","0","0","True","True","page_00188.sql"
,"GRN","GRN1","","","7","85","11","22","0","0","11","1","5","1","0","True","False","page_00189.sql"
,"Bill Receipt","BILL-RECEIPT1","","N","2","9","5","3","0","0","1","0","0","1","0","True","False","page_00190.sql"
,"Bill Receipt","BILL-RECEIPT","","","6","40","12","26","0","0","13","1","2","0","0","True","False","page_00191.sql"
," Item Opening List","ITEM-OPENING-LIST","","","2","4","3","1","0","0","0","0","0","1","0","False","True","page_00192.sql"
,"Item Opening","ITEM-OPENING","","","4","29","9","14","0","0","8","1","0","0","0","False","True","page_00193.sql"
,"Stock Transfer","STOCK-TRANSFER","","","5","36","11","18","0","0","9","1","2","0","0","True","False","page_00187.sql"
,"","","","","0","0","0","0","0","0","0","0","0","0","0","False","False","page_groups.sql"
